PROP_CNPJ,PROP_ALVO_CASCO,CALC_PROB_SINISTRO,CALC_DECIL_SCORE,CALC_DECISAO_FINAL,RGR_REGRA_DISPARADA_ID,CALC_REASON_CODE,CALC_JUSTIFICATIVA_NEGOCIO,CALC_AGRAVAMENTO_PREMIO_PCT,CALC_EXIGE_RASTREADOR_GPS,VI_TICKET_MEDIO_PREMIO,CALC_PREMIO_FINAL_FATURADO,CALC_RECEITA_ADICIONAL,CALC_PERDA_EVITADA,PROP_SECAO_CNAE,PROP_PORTE_FATURAMENTO,PROP_CONCENTRACAO_AREA_RISCO,PROP_QTD_PROCESSOS_REQUERIDO,PROP_RISCO_LIDERANCA
CNPJ_000001,1.0,0.113,4,APROVADO,RGR_R04_DECIL4_10_APROVADO,APROVADO_AUTOMATICO_BAIXO_RISCO,Aprovacao Automatica: Risco dentro do apetite da seguradora.,0.0,False,10000.0,10000.0,0.0,0.0,G,F,BAIXISSIMA,0.0,0.0
CNPJ_000002,1.0,0.0986,6,APROVADO,RGR_R04_DECIL4_10_APROVADO,APROVADO_AUTOMATICO_BAIXO_RISCO,Aprovacao Automatica: Risco dentro do apetite da seguradora.,0.0,False,10000.0,10000.0,0.0,0.0,G,,ALTA,0.0,0.0
CNPJ_000003,1.0,0.1237,2,ACEITO_COM_CONDICAO,RGR_R03_DECIL2_3_CONDICIONAL,ACEITE_CONDICIONAL_DECIL_INTERMEDIARIO,Aceite Condicional Decil Intermediario (+7.5% premio).,7.5,False,10000.0,10750.0,750.0,0.0,G,C,BAIXISSIMA,3.0,1.0
CNPJ_000004,1.0,0.1421,1,RECUSADO,RGR_R02_DECIL1_RECUSA_PADRAO,DECIL1_ALTO_RISCO_SEM_MITIGACAO,Recusa por Decil 1 de Risco sem criterios para resgate comercial.,0.0,False,10000.0,0.0,0.0,45000.0,F,D,ALTISSIMA,0.0,0.0
CNPJ_000005,1.0,0.1171,3,ACEITO_COM_CONDICAO,RGR_R03_DECIL2_3_CONDICIONAL,ACEITE_CONDICIONAL_DECIL_INTERMEDIARIO,Aceite Condicional Decil Intermediario (+7.5% premio).,7.5,False,10000.0,10750.0,750.0,0.0,G,,ALTISSIMA,0.0,0.0
CNPJ_000006,1.0,0.1322,2,ACEITO_COM_CONDICAO,RGR_R03_DECIL2_3_CONDICIONAL,ACEITE_CONDICIONAL_DECIL_INTERMEDIARIO,Aceite Condicional Decil Intermediario (+7.5% premio).,7.5,False,10000.0,10750.0,750.0,0.0,C,J,ALTISSIMA,15.0,
CNPJ_000007,1.0,0.2364,1,RECUSADO,RGR_R02_DECIL1_RECUSA_PADRAO,DECIL1_ALTO_RISCO_SEM_MITIGACAO,Recusa por Decil 1 de Risco sem criterios para resgate comercial.,0.0,False,10000.0,0.0,0.0,45000.0,C,H,ALTA,2.0,0.0
CNPJ_000008,1.0,0.2408,1,RECUSADO,RGR_K02_EXCESSO_PROCESSOS_JUDICIAIS,K02_JUDICIAL_EXTREMO,Recusa Sumaria: Elevado passivo judicial (> 100 processos como requerido).,0.0,False,10000.0,0.0,0.0,45000.0,J,J,ALTA,189.0,0.0
CNPJ_000009,1.0,0.1329,2,RECUSADO,RGR_K02_EXCESSO_PROCESSOS_JUDICIAIS,K02_JUDICIAL_EXTREMO,Recusa Sumaria: Elevado passivo judicial (> 100 processos como requerido).,0.0,False,10000.0,0.0,0.0,45000.0,C,J,ALTA,382.0,0.0
CNPJ_000010,1.0,0.1264,2,ACEITO_COM_CONDICAO,RGR_R03_DECIL2_3_CONDICIONAL,ACEITE_CONDICIONAL_DECIL_INTERMEDIARIO,Aceite Condicional Decil Intermediario (+7.5% premio).,7.5,False,10000.0,10750.0,750.0,0.0,G,A,BAIXISSIMA,0.0,1.0
CNPJ_000011,1.0,0.1132,4,RECUSADO,RGR_K01_RISCO_LIDERANCA_AREA_CRITICA,K01_LIDERANCA_AREA_CRITICA,Recusa Sumaria: Risco de lideranca detectado em area de concentracao altissima de sinistro.,0.0,False,10000.0,0.0,0.0,45000.0,G,H,ALTISSIMA,16.0,1.0
CNPJ_000012,1.0,0.345,1,ACEITO_COM_CONDICAO,RGR_R01_DECIL1_RESGATE_COM_RASTREADOR,RECUPERACAO_COMERCIAL_D1,"Aceite Condicional Decil 1: Perfil de score alto risco, porem mitigado por baixo passivo judicial e geografia favoravel.",15.0,True,10000.0,11500.0,1500.0,0.0,H,,BAIXISSIMA,0.0,0.0
CNPJ_000013,1.0,0.1543,1,RECUSADO,RGR_R02_DECIL1_RECUSA_PADRAO,DECIL1_ALTO_RISCO_SEM_MITIGACAO,Recusa por Decil 1 de Risco sem criterios para resgate comercial.,0.0,False,10000.0,0.0,0.0,45000.0,H,,ALTA,0.0,0.0
CNPJ_000014,1.0,0.1045,5,APROVADO,RGR_R04_DECIL4_10_APROVADO,APROVADO_AUTOMATICO_BAIXO_RISCO,Aprovacao Automatica: Risco dentro do apetite da seguradora.,0.0,False,10000.0,10000.0,0.0,0.0,C,J,ALTA,0.0,0.0
CNPJ_000015,1.0,0.1185,3,RECUSADO,RGR_K01_RISCO_LIDERANCA_AREA_CRITICA,K01_LIDERANCA_AREA_CRITICA,Recusa Sumaria: Risco de lideranca detectado em area de concentracao altissima de sinistro.,0.0,False,10000.0,0.0,0.0,45000.0,F,,ALTISSIMA,0.0,1.0
CNPJ_000016,1.0,0.2354,1,RECUSADO,RGR_R02_DECIL1_RECUSA_PADRAO,DECIL1_ALTO_RISCO_SEM_MITIGACAO,Recusa por Decil 1 de Risco sem criterios para resgate comercial.,0.0,False,10000.0,0.0,0.0,45000.0,N,,ALTISSIMA,0.0,
CNPJ_000017,1.0,0.132,2,ACEITO_COM_CONDICAO,RGR_R03_DECIL2_3_CONDICIONAL,ACEITE_CONDICIONAL_DECIL_INTERMEDIARIO,Aceite Condicional Decil Intermediario (+7.5% premio).,7.5,False,10000.0,10750.0,750.0,0.0,S,D,BAIXISSIMA,0.0,0.0
CNPJ_000018,1.0,0.184,1,ACEITO_COM_CONDICAO,RGR_R01_DECIL1_RESGATE_COM_RASTREADOR,RECUPERACAO_COMERCIAL_D1,"Aceite Condicional Decil 1: Perfil de score alto risco, porem mitigado por baixo passivo judicial e geografia favoravel.",15.0,True,10000.0,11500.0,1500.0,0.0,C,,BAIXISSIMA,0.0,0.0
CNPJ_000019,1.0,0.1744,1,ACEITO_COM_CONDICAO,RGR_R01_DECIL1_RESGATE_COM_RASTREADOR,RECUPERACAO_COMERCIAL_D1,"Aceite Condicional Decil 1: Perfil de score alto risco, porem mitigado por baixo passivo judicial e geografia favoravel.",15.0,True,10000.0,11500.0,1500.0,0.0,S,EMPRESA_ISENTA,BAIXISSIMA,4.0,0.0
CNPJ_000020,1.0,0.1213,2,ACEITO_COM_CONDICAO,RGR_R03_DECIL2_3_CONDICIONAL,ACEITE_CONDICIONAL_DECIL_INTERMEDIARIO,Aceite Condicional Decil Intermediario (+7.5% premio).,7.5,False,10000.0,10750.0,750.0,0.0,F,,ALTA,0.0,0.0
CNPJ_000021,1.0,0.1104,4,RECUSADO,RGR_K01_RISCO_LIDERANCA_AREA_CRITICA,K01_LIDERANCA_AREA_CRITICA,Recusa Sumaria: Risco de lideranca detectado em area de concentracao altissima de sinistro.,0.0,False,10000.0,0.0,0.0,45000.0,J,D,ALTISSIMA,0.0,1.0
CNPJ_000022,1.0,0.1539,1,ACEITO_COM_CONDICAO,RGR_R01_DECIL1_RESGATE_COM_RASTREADOR,RECUPERACAO_COMERCIAL_D1,"Aceite Condicional Decil 1: Perfil de score alto risco, porem mitigado por baixo passivo judicial e geografia favoravel.",15.0,True,10000.0,11500.0,1500.0,0.0,G,D,BAIXISSIMA,1.0,0.0
CNPJ_000023,1.0,0.1269,2,ACEITO_COM_CONDICAO,RGR_R03_DECIL2_3_CONDICIONAL,ACEITE_CONDICIONAL_DECIL_INTERMEDIARIO,Aceite Condicional Decil Intermediario (+7.5% premio).,7.5,False,10000.0,10750.0,750.0,0.0,N,C,BAIXISSIMA,0.0,0.0
CNPJ_000024,1.0,0.103,5,APROVADO,RGR_R04_DECIL4_10_APROVADO,APROVADO_AUTOMATICO_BAIXO_RISCO,Aprovacao Automatica: Risco dentro do apetite da seguradora.,0.0,False,10000.0,10000.0,0.0,0.0,C,I,ALTA,1.0,0.0
CNPJ_000025,1.0,0.6025,1,ACEITO_COM_CONDICAO,RGR_R01_DECIL1_RESGATE_COM_RASTREADOR,RECUPERACAO_COMERCIAL_D1,"Aceite Condicional Decil 1: Perfil de score alto risco, porem mitigado por baixo passivo judicial e geografia favoravel.",15.0,True,10000.0,11500.0,1500.0,0.0,G,,BAIXISSIMA,0.0,
CNPJ_000026,1.0,0.1509,1,RECUSADO,RGR_R02_DECIL1_RECUSA_PADRAO,DECIL1_ALTO_RISCO_SEM_MITIGACAO,Recusa por Decil 1 de Risco sem criterios para resgate comercial.,0.0,False,10000.0,0.0,0.0,45000.0,M,D,ALTA,0.0,0.0
CNPJ_000027,1.0,0.1345,2,ACEITO_COM_CONDICAO,RGR_R03_DECIL2_3_CONDICIONAL,ACEITE_CONDICIONAL_DECIL_INTERMEDIARIO,Aceite Condicional Decil Intermediario (+7.5% premio).,7.5,False,10000.0,10750.0,750.0,0.0,C,E,BAIXISSIMA,4.0,0.0
CNPJ_000028,1.0,0.1392,2,RECUSADO,RGR_K02_EXCESSO_PROCESSOS_JUDICIAIS,K02_JUDICIAL_EXTREMO,Recusa Sumaria: Elevado passivo judicial (> 100 processos como requerido).,0.0,False,10000.0,0.0,0.0,45000.0,G,J,BAIXISSIMA,212.0,0.0
CNPJ_000029,1.0,0.1212,2,ACEITO_COM_CONDICAO,RGR_R03_DECIL2_3_CONDICIONAL,ACEITE_CONDICIONAL_DECIL_INTERMEDIARIO,Aceite Condicional Decil Intermediario (+7.5% premio).,7.5,False,10000.0,10750.0,750.0,0.0,G,D,ALTA,3.0,0.0
CNPJ_000030,1.0,0.1033,5,APROVADO,RGR_R04_DECIL4_10_APROVADO,APROVADO_AUTOMATICO_BAIXO_RISCO,Aprovacao Automatica: Risco dentro do apetite da seguradora.,0.0,False,10000.0,10000.0,0.0,0.0,G,J,BAIXISSIMA,4.0,0.0
CNPJ_000031,1.0,0.1286,2,ACEITO_COM_CONDICAO,RGR_R03_DECIL2_3_CONDICIONAL,ACEITE_CONDICIONAL_DECIL_INTERMEDIARIO,Aceite Condicional Decil Intermediario (+7.5% premio).,7.5,False,10000.0,10750.0,750.0,0.0,C,J,ALTA,70.0,0.0
CNPJ_000032,1.0,0.1433,1,RECUSADO,RGR_R02_DECIL1_RECUSA_PADRAO,DECIL1_ALTO_RISCO_SEM_MITIGACAO,Recusa por Decil 1 de Risco sem criterios para resgate comercial.,0.0,False,10000.0,0.0,0.0,45000.0,C,D,ALTA,1.0,0.0
CNPJ_000033,1.0,0.1336,2,ACEITO_COM_CONDICAO,RGR_R03_DECIL2_3_CONDICIONAL,ACEITE_CONDICIONAL_DECIL_INTERMEDIARIO,Aceite Condicional Decil Intermediario (+7.5% premio).,7.5,False,10000.0,10750.0,750.0,0.0,C,,MEDIA,0.0,0.0
CNPJ_000034,1.0,0.2531,1,ACEITO_COM_CONDICAO,RGR_R01_DECIL1_RESGATE_COM_RASTREADOR,RECUPERACAO_COMERCIAL_D1,"Aceite Condicional Decil 1: Perfil de score alto risco, porem mitigado por baixo passivo judicial e geografia favoravel.",15.0,True,10000.0,11500.0,1500.0,0.0,C,G,BAIXISSIMA,1.0,0.0
CNPJ_000035,1.0,0.1136,3,ACEITO_COM_CONDICAO,RGR_R03_DECIL2_3_CONDICIONAL,ACEITE_CONDICIONAL_DECIL_INTERMEDIARIO,Aceite Condicional Decil Intermediario (+7.5% premio).,7.5,False,10000.0,10750.0,750.0,0.0,C,G,BAIXISSIMA,9.0,0.0
CNPJ_000036,1.0,0.1682,1,ACEITO_COM_CONDICAO,RGR_R01_DECIL1_RESGATE_COM_RASTREADOR,RECUPERACAO_COMERCIAL_D1,"Aceite Condicional Decil 1: Perfil de score alto risco, porem mitigado por baixo passivo judicial e geografia favoravel.",15.0,True,10000.0,11500.0,1500.0,0.0,H,G,MEDIA,9.0,0.0
CNPJ_000037,1.0,0.6958,1,ACEITO_COM_CONDICAO,RGR_R01_DECIL1_RESGATE_COM_RASTREADOR,RECUPERACAO_COMERCIAL_D1,"Aceite Condicional Decil 1: Perfil de score alto risco, porem mitigado por baixo passivo judicial e geografia favoravel.",15.0,True,10000.0,11500.0,1500.0,0.0,G,,BAIXISSIMA,0.0,0.0
CNPJ_000038,1.0,0.1406,1,RECUSADO,RGR_R02_DECIL1_RECUSA_PADRAO,DECIL1_ALTO_RISCO_SEM_MITIGACAO,Recusa por Decil 1 de Risco sem criterios para resgate comercial.,0.0,False,10000.0,0.0,0.0,45000.0,M,A,ALTA,0.0,0.0
CNPJ_000039,1.0,0.1368,2,ACEITO_COM_CONDICAO,RGR_R03_DECIL2_3_CONDICIONAL,ACEITE_CONDICIONAL_DECIL_INTERMEDIARIO,Aceite Condicional Decil Intermediario (+7.5% premio).,7.5,False,10000.0,10750.0,750.0,0.0,G,B,BAIXISSIMA,0.0,0.0
CNPJ_000040,1.0,0.2887,1,RECUSADO,RGR_K02_EXCESSO_PROCESSOS_JUDICIAIS,K02_JUDICIAL_EXTREMO,Recusa Sumaria: Elevado passivo judicial (> 100 processos como requerido).,0.0,False,10000.0,0.0,0.0,45000.0,G,J,ALTISSIMA,10476.0,
CNPJ_000041,1.0,0.1691,1,ACEITO_COM_CONDICAO,RGR_R01_DECIL1_RESGATE_COM_RASTREADOR,RECUPERACAO_COMERCIAL_D1,"Aceite Condicional Decil 1: Perfil de score alto risco, porem mitigado por baixo passivo judicial e geografia favoravel.",15.0,True,10000.0,11500.0,1500.0,0.0,C,F,MEDIA,3.0,
CNPJ_000042,1.0,0.0975,6,APROVADO,RGR_R04_DECIL4_10_APROVADO,APROVADO_AUTOMATICO_BAIXO_RISCO,Aprovacao Automatica: Risco dentro do apetite da seguradora.,0.0,False,10000.0,10000.0,0.0,0.0,G,,MEDIA,0.0,
CNPJ_000043,1.0,0.119,3,ACEITO_COM_CONDICAO,RGR_R03_DECIL2_3_CONDICIONAL,ACEITE_CONDICIONAL_DECIL_INTERMEDIARIO,Aceite Condicional Decil Intermediario (+7.5% premio).,7.5,False,10000.0,10750.0,750.0,0.0,A,G,BAIXISSIMA,2.0,0.0
CNPJ_000044,1.0,0.1462,1,ACEITO_COM_CONDICAO,RGR_R01_DECIL1_RESGATE_COM_RASTREADOR,RECUPERACAO_COMERCIAL_D1,"Aceite Condicional Decil 1: Perfil de score alto risco, porem mitigado por baixo passivo judicial e geografia favoravel.",15.0,True,10000.0,11500.0,1500.0,0.0,M,G,BAIXISSIMA,5.0,0.0
CNPJ_000045,1.0,0.1329,2,ACEITO_COM_CONDICAO,RGR_R03_DECIL2_3_CONDICIONAL,ACEITE_CONDICIONAL_DECIL_INTERMEDIARIO,Aceite Condicional Decil Intermediario (+7.5% premio).,7.5,False,10000.0,10750.0,750.0,0.0,G,G,ALTA,2.0,0.0
CNPJ_000046,1.0,0.1255,2,ACEITO_COM_CONDICAO,RGR_R03_DECIL2_3_CONDICIONAL,ACEITE_CONDICIONAL_DECIL_INTERMEDIARIO,Aceite Condicional Decil Intermediario (+7.5% premio).,7.5,False,10000.0,10750.0,750.0,0.0,G,C,ALTA,0.0,0.0
CNPJ_000047,1.0,0.1312,2,ACEITO_COM_CONDICAO,RGR_R03_DECIL2_3_CONDICIONAL,ACEITE_CONDICIONAL_DECIL_INTERMEDIARIO,Aceite Condicional Decil Intermediario (+7.5% premio).,7.5,False,10000.0,10750.0,750.0,0.0,C,G,BAIXISSIMA,0.0,0.0
CNPJ_000048,1.0,0.1032,5,APROVADO,RGR_R04_DECIL4_10_APROVADO,APROVADO_AUTOMATICO_BAIXO_RISCO,Aprovacao Automatica: Risco dentro do apetite da seguradora.,0.0,False,10000.0,10000.0,0.0,0.0,G,D,BAIXISSIMA,0.0,0.0
CNPJ_000049,1.0,0.1197,3,ACEITO_COM_CONDICAO,RGR_R03_DECIL2_3_CONDICIONAL,ACEITE_CONDICIONAL_DECIL_INTERMEDIARIO,Aceite Condicional Decil Intermediario (+7.5% premio).,7.5,False,10000.0,10750.0,750.0,0.0,G,H,BAIXISSIMA,11.0,1.0
CNPJ_000050,1.0,0.5026,1,RECUSADO,RGR_R02_DECIL1_RECUSA_PADRAO,DECIL1_ALTO_RISCO_SEM_MITIGACAO,Recusa por Decil 1 de Risco sem criterios para resgate comercial.,0.0,False,10000.0,0.0,0.0,45000.0,G,B,ALTA,0.0,0.0
CNPJ_000051,1.0,0.1634,1,ACEITO_COM_CONDICAO,RGR_R01_DECIL1_RESGATE_COM_RASTREADOR,RECUPERACAO_COMERCIAL_D1,"Aceite Condicional Decil 1: Perfil de score alto risco, porem mitigado por baixo passivo judicial e geografia favoravel.",15.0,True,10000.0,11500.0,1500.0,0.0,G,C,BAIXISSIMA,0.0,0.0
CNPJ_000052,1.0,0.1438,1,ACEITO_COM_CONDICAO,RGR_R01_DECIL1_RESGATE_COM_RASTREADOR,RECUPERACAO_COMERCIAL_D1,"Aceite Condicional Decil 1: Perfil de score alto risco, porem mitigado por baixo passivo judicial e geografia favoravel.",15.0,True,10000.0,11500.0,1500.0,0.0,S,EMPRESA_ISENTA,MEDIA,0.0,0.0
CNPJ_000053,1.0,0.1031,5,APROVADO,RGR_R04_DECIL4_10_APROVADO,APROVADO_AUTOMATICO_BAIXO_RISCO,Aprovacao Automatica: Risco dentro do apetite da seguradora.,0.0,False,10000.0,10000.0,0.0,0.0,G,A,BAIXISSIMA,0.0,1.0
CNPJ_000054,1.0,0.197,1,RECUSADO,RGR_R02_DECIL1_RECUSA_PADRAO,DECIL1_ALTO_RISCO_SEM_MITIGACAO,Recusa por Decil 1 de Risco sem criterios para resgate comercial.,0.0,False,10000.0,0.0,0.0,45000.0,C,H,BAIXISSIMA,13.0,0.0
CNPJ_000055,1.0,0.126,2,ACEITO_COM_CONDICAO,RGR_R03_DECIL2_3_CONDICIONAL,ACEITE_CONDICIONAL_DECIL_INTERMEDIARIO,Aceite Condicional Decil Intermediario (+7.5% premio).,7.5,False,10000.0,10750.0,750.0,0.0,H,J,BAIXISSIMA,18.0,0.0
CNPJ_000056,1.0,0.1288,2,ACEITO_COM_CONDICAO,RGR_R03_DECIL2_3_CONDICIONAL,ACEITE_CONDICIONAL_DECIL_INTERMEDIARIO,Aceite Condicional Decil Intermediario (+7.5% premio).,7.5,False,10000.0,10750.0,750.0,0.0,G,D,ALTA,0.0,0.0
CNPJ_000057,1.0,0.1792,1,RECUSADO,RGR_R02_DECIL1_RECUSA_PADRAO,DECIL1_ALTO_RISCO_SEM_MITIGACAO,Recusa por Decil 1 de Risco sem criterios para resgate comercial.,0.0,False,10000.0,0.0,0.0,45000.0,A,J,BAIXISSIMA,18.0,0.0
CNPJ_000058,1.0,0.1675,1,RECUSADO,RGR_R02_DECIL1_RECUSA_PADRAO,DECIL1_ALTO_RISCO_SEM_MITIGACAO,Recusa por Decil 1 de Risco sem criterios para resgate comercial.,0.0,False,10000.0,0.0,0.0,45000.0,C,D,ALTISSIMA,2.0,0.0
CNPJ_000059,1.0,0.1696,1,ACEITO_COM_CONDICAO,RGR_R01_DECIL1_RESGATE_COM_RASTREADOR,RECUPERACAO_COMERCIAL_D1,"Aceite Condicional Decil 1: Perfil de score alto risco, porem mitigado por baixo passivo judicial e geografia favoravel.",15.0,True,10000.0,11500.0,1500.0,0.0,J,F,BAIXISSIMA,1.0,0.0
CNPJ_000060,1.0,0.1181,3,ACEITO_COM_CONDICAO,RGR_R03_DECIL2_3_CONDICIONAL,ACEITE_CONDICIONAL_DECIL_INTERMEDIARIO,Aceite Condicional Decil Intermediario (+7.5% premio).,7.5,False,10000.0,10750.0,750.0,0.0,G,G,ALTA,1.0,0.0
CNPJ_000061,1.0,0.1444,1,ACEITO_COM_CONDICAO,RGR_R01_DECIL1_RESGATE_COM_RASTREADOR,RECUPERACAO_COMERCIAL_D1,"Aceite Condicional Decil 1: Perfil de score alto risco, porem mitigado por baixo passivo judicial e geografia favoravel.",15.0,True,10000.0,11500.0,1500.0,0.0,H,E,BAIXISSIMA,0.0,0.0
CNPJ_000062,1.0,0.1426,1,RECUSADO,RGR_R02_DECIL1_RECUSA_PADRAO,DECIL1_ALTO_RISCO_SEM_MITIGACAO,Recusa por Decil 1 de Risco sem criterios para resgate comercial.,0.0,False,10000.0,0.0,0.0,45000.0,H,D,ALTISSIMA,0.0,0.0
CNPJ_000063,1.0,0.1488,1,ACEITO_COM_CONDICAO,RGR_R01_DECIL1_RESGATE_COM_RASTREADOR,RECUPERACAO_COMERCIAL_D1,"Aceite Condicional Decil 1: Perfil de score alto risco, porem mitigado por baixo passivo judicial e geografia favoravel.",15.0,True,10000.0,11500.0,1500.0,0.0,G,C,BAIXISSIMA,0.0,0.0
CNPJ_000064,1.0,0.1157,3,ACEITO_COM_CONDICAO,RGR_R03_DECIL2_3_CONDICIONAL,ACEITE_CONDICIONAL_DECIL_INTERMEDIARIO,Aceite Condicional Decil Intermediario (+7.5% premio).,7.5,False,10000.0,10750.0,750.0,0.0,G,J,,14.0,
CNPJ_000065,1.0,0.1382,2,ACEITO_COM_CONDICAO,RGR_R03_DECIL2_3_CONDICIONAL,ACEITE_CONDICIONAL_DECIL_INTERMEDIARIO,Aceite Condicional Decil Intermediario (+7.5% premio).,7.5,False,10000.0,10750.0,750.0,0.0,F,,ALTA,0.0,0.0
CNPJ_000066,1.0,0.1587,1,RECUSADO,RGR_R02_DECIL1_RECUSA_PADRAO,DECIL1_ALTO_RISCO_SEM_MITIGACAO,Recusa por Decil 1 de Risco sem criterios para resgate comercial.,0.0,False,10000.0,0.0,0.0,45000.0,S,EMPRESA_ISENTA,ALTA,0.0,0.0
CNPJ_000067,1.0,0.2688,1,RECUSADO,RGR_R02_DECIL1_RECUSA_PADRAO,DECIL1_ALTO_RISCO_SEM_MITIGACAO,Recusa por Decil 1 de Risco sem criterios para resgate comercial.,0.0,False,10000.0,0.0,0.0,45000.0,G,D,ALTA,0.0,1.0
CNPJ_000068,1.0,0.1651,1,ACEITO_COM_CONDICAO,RGR_R01_DECIL1_RESGATE_COM_RASTREADOR,RECUPERACAO_COMERCIAL_D1,"Aceite Condicional Decil 1: Perfil de score alto risco, porem mitigado por baixo passivo judicial e geografia favoravel.",15.0,True,10000.0,11500.0,1500.0,0.0,N,D,BAIXISSIMA,0.0,0.0
CNPJ_000069,1.0,0.1192,3,ACEITO_COM_CONDICAO,RGR_R03_DECIL2_3_CONDICIONAL,ACEITE_CONDICIONAL_DECIL_INTERMEDIARIO,Aceite Condicional Decil Intermediario (+7.5% premio).,7.5,False,10000.0,10750.0,750.0,0.0,G,B,BAIXISSIMA,0.0,0.0
CNPJ_000070,1.0,0.2181,1,RECUSADO,RGR_R02_DECIL1_RECUSA_PADRAO,DECIL1_ALTO_RISCO_SEM_MITIGACAO,Recusa por Decil 1 de Risco sem criterios para resgate comercial.,0.0,False,10000.0,0.0,0.0,45000.0,C,G,ALTA,2.0,0.0
CNPJ_000071,1.0,0.1328,2,ACEITO_COM_CONDICAO,RGR_R03_DECIL2_3_CONDICIONAL,ACEITE_CONDICIONAL_DECIL_INTERMEDIARIO,Aceite Condicional Decil Intermediario (+7.5% premio).,7.5,False,10000.0,10750.0,750.0,0.0,C,I,ALTA,3.0,0.0
CNPJ_000072,1.0,0.1344,2,ACEITO_COM_CONDICAO,RGR_R03_DECIL2_3_CONDICIONAL,ACEITE_CONDICIONAL_DECIL_INTERMEDIARIO,Aceite Condicional Decil Intermediario (+7.5% premio).,7.5,False,10000.0,10750.0,750.0,0.0,G,I,BAIXISSIMA,0.0,0.0
CNPJ_000073,1.0,0.1385,2,ACEITO_COM_CONDICAO,RGR_R03_DECIL2_3_CONDICIONAL,ACEITE_CONDICIONAL_DECIL_INTERMEDIARIO,Aceite Condicional Decil Intermediario (+7.5% premio).,7.5,False,10000.0,10750.0,750.0,0.0,C,G,ALTA,3.0,0.0
CNPJ_000074,1.0,0.0815,9,APROVADO,RGR_R04_DECIL4_10_APROVADO,APROVADO_AUTOMATICO_BAIXO_RISCO,Aprovacao Automatica: Risco dentro do apetite da seguradora.,0.0,False,10000.0,10000.0,0.0,0.0,G,D,ALTISSIMA,4.0,0.0
CNPJ_000075,1.0,0.1713,1,RECUSADO,RGR_R02_DECIL1_RECUSA_PADRAO,DECIL1_ALTO_RISCO_SEM_MITIGACAO,Recusa por Decil 1 de Risco sem criterios para resgate comercial.,0.0,False,10000.0,0.0,0.0,45000.0,H,E,ALTISSIMA,1.0,0.0
CNPJ_000076,1.0,0.19,1,ACEITO_COM_CONDICAO,RGR_R01_DECIL1_RESGATE_COM_RASTREADOR,RECUPERACAO_COMERCIAL_D1,"Aceite Condicional Decil 1: Perfil de score alto risco, porem mitigado por baixo passivo judicial e geografia favoravel.",15.0,True,10000.0,11500.0,1500.0,0.0,H,C,BAIXISSIMA,1.0,1.0
CNPJ_000077,1.0,0.1014,6,APROVADO,RGR_R04_DECIL4_10_APROVADO,APROVADO_AUTOMATICO_BAIXO_RISCO,Aprovacao Automatica: Risco dentro do apetite da seguradora.,0.0,False,10000.0,10000.0,0.0,0.0,N,B,ALTISSIMA,1.0,0.0
CNPJ_000078,1.0,0.1292,2,ACEITO_COM_CONDICAO,RGR_R03_DECIL2_3_CONDICIONAL,ACEITE_CONDICIONAL_DECIL_INTERMEDIARIO,Aceite Condicional Decil Intermediario (+7.5% premio).,7.5,False,10000.0,10750.0,750.0,0.0,G,F,BAIXISSIMA,1.0,0.0
CNPJ_000079,1.0,0.1515,1,RECUSADO,RGR_R02_DECIL1_RECUSA_PADRAO,DECIL1_ALTO_RISCO_SEM_MITIGACAO,Recusa por Decil 1 de Risco sem criterios para resgate comercial.,0.0,False,10000.0,0.0,0.0,45000.0,J,I,ALTA,9.0,0.0
CNPJ_000080,1.0,0.2605,1,RECUSADO,RGR_R02_DECIL1_RECUSA_PADRAO,DECIL1_ALTO_RISCO_SEM_MITIGACAO,Recusa por Decil 1 de Risco sem criterios para resgate comercial.,0.0,False,10000.0,0.0,0.0,45000.0,C,J,MEDIA,84.0,1.0
CNPJ_000081,1.0,0.1097,4,APROVADO,RGR_R04_DECIL4_10_APROVADO,APROVADO_AUTOMATICO_BAIXO_RISCO,Aprovacao Automatica: Risco dentro do apetite da seguradora.,0.0,False,10000.0,10000.0,0.0,0.0,G,,BAIXISSIMA,0.0,0.0
CNPJ_000082,1.0,0.1438,1,ACEITO_COM_CONDICAO,RGR_R01_DECIL1_RESGATE_COM_RASTREADOR,RECUPERACAO_COMERCIAL_D1,"Aceite Condicional Decil 1: Perfil de score alto risco, porem mitigado por baixo passivo judicial e geografia favoravel.",15.0,True,10000.0,11500.0,1500.0,0.0,Q,D,BAIXISSIMA,0.0,0.0
CNPJ_000083,1.0,0.1746,1,RECUSADO,RGR_R02_DECIL1_RECUSA_PADRAO,DECIL1_ALTO_RISCO_SEM_MITIGACAO,Recusa por Decil 1 de Risco sem criterios para resgate comercial.,0.0,False,10000.0,0.0,0.0,45000.0,H,E,ALTISSIMA,0.0,0.0
CNPJ_000084,1.0,0.1017,6,APROVADO,RGR_R04_DECIL4_10_APROVADO,APROVADO_AUTOMATICO_BAIXO_RISCO,Aprovacao Automatica: Risco dentro do apetite da seguradora.,0.0,False,10000.0,10000.0,0.0,0.0,G,A,BAIXISSIMA,0.0,0.0
CNPJ_000085,1.0,0.1761,1,ACEITO_COM_CONDICAO,RGR_R01_DECIL1_RESGATE_COM_RASTREADOR,RECUPERACAO_COMERCIAL_D1,"Aceite Condicional Decil 1: Perfil de score alto risco, porem mitigado por baixo passivo judicial e geografia favoravel.",15.0,True,10000.0,11500.0,1500.0,0.0,G,E,BAIXISSIMA,1.0,0.0
CNPJ_000086,1.0,0.1264,2,ACEITO_COM_CONDICAO,RGR_R03_DECIL2_3_CONDICIONAL,ACEITE_CONDICIONAL_DECIL_INTERMEDIARIO,Aceite Condicional Decil Intermediario (+7.5% premio).,7.5,False,10000.0,10750.0,750.0,0.0,C,E,BAIXISSIMA,0.0,1.0
CNPJ_000087,1.0,0.1581,1,RECUSADO,RGR_R02_DECIL1_RECUSA_PADRAO,DECIL1_ALTO_RISCO_SEM_MITIGACAO,Recusa por Decil 1 de Risco sem criterios para resgate comercial.,0.0,False,10000.0,0.0,0.0,45000.0,C,J,ALTA,38.0,0.0
CNPJ_000088,1.0,0.1954,1,RECUSADO,RGR_K02_EXCESSO_PROCESSOS_JUDICIAIS,K02_JUDICIAL_EXTREMO,Recusa Sumaria: Elevado passivo judicial (> 100 processos como requerido).,0.0,False,10000.0,0.0,0.0,45000.0,C,J,ALTA,196.0,0.0
CNPJ_000089,1.0,0.132,2,ACEITO_COM_CONDICAO,RGR_R03_DECIL2_3_CONDICIONAL,ACEITE_CONDICIONAL_DECIL_INTERMEDIARIO,Aceite Condicional Decil Intermediario (+7.5% premio).,7.5,False,10000.0,10750.0,750.0,0.0,G,G,ALTISSIMA,4.0,
CNPJ_000090,1.0,0.1292,2,ACEITO_COM_CONDICAO,RGR_R03_DECIL2_3_CONDICIONAL,ACEITE_CONDICIONAL_DECIL_INTERMEDIARIO,Aceite Condicional Decil Intermediario (+7.5% premio).,7.5,False,10000.0,10750.0,750.0,0.0,S,EMPRESA_ISENTA,ALTA,0.0,0.0
CNPJ_000091,1.0,0.159,1,ACEITO_COM_CONDICAO,RGR_R01_DECIL1_RESGATE_COM_RASTREADOR,RECUPERACAO_COMERCIAL_D1,"Aceite Condicional Decil 1: Perfil de score alto risco, porem mitigado por baixo passivo judicial e geografia favoravel.",15.0,True,10000.0,11500.0,1500.0,0.0,C,G,BAIXISSIMA,3.0,0.0
CNPJ_000092,1.0,0.1446,1,RECUSADO,RGR_R02_DECIL1_RECUSA_PADRAO,DECIL1_ALTO_RISCO_SEM_MITIGACAO,Recusa por Decil 1 de Risco sem criterios para resgate comercial.,0.0,False,10000.0,0.0,0.0,45000.0,G,E,ALTA,0.0,0.0
CNPJ_000093,1.0,0.1193,3,ACEITO_COM_CONDICAO,RGR_R03_DECIL2_3_CONDICIONAL,ACEITE_CONDICIONAL_DECIL_INTERMEDIARIO,Aceite Condicional Decil Intermediario (+7.5% premio).,7.5,False,10000.0,10750.0,750.0,0.0,G,J,BAIXISSIMA,14.0,
CNPJ_000094,1.0,0.1363,2,ACEITO_COM_CONDICAO,RGR_R03_DECIL2_3_CONDICIONAL,ACEITE_CONDICIONAL_DECIL_INTERMEDIARIO,Aceite Condicional Decil Intermediario (+7.5% premio).,7.5,False,10000.0,10750.0,750.0,0.0,G,G,ALTA,9.0,1.0
CNPJ_000095,1.0,0.1114,4,APROVADO,RGR_R04_DECIL4_10_APROVADO,APROVADO_AUTOMATICO_BAIXO_RISCO,Aprovacao Automatica: Risco dentro do apetite da seguradora.,0.0,False,10000.0,10000.0,0.0,0.0,G,G,BAIXISSIMA,0.0,0.0
CNPJ_000096,1.0,0.1365,2,ACEITO_COM_CONDICAO,RGR_R03_DECIL2_3_CONDICIONAL,ACEITE_CONDICIONAL_DECIL_INTERMEDIARIO,Aceite Condicional Decil Intermediario (+7.5% premio).,7.5,False,10000.0,10750.0,750.0,0.0,G,A,BAIXISSIMA,0.0,0.0
CNPJ_000097,1.0,0.1483,1,RECUSADO,RGR_R02_DECIL1_RECUSA_PADRAO,DECIL1_ALTO_RISCO_SEM_MITIGACAO,Recusa por Decil 1 de Risco sem criterios para resgate comercial.,0.0,False,10000.0,0.0,0.0,45000.0,C,D,ALTA,0.0,0.0
CNPJ_000098,1.0,0.1521,1,RECUSADO,RGR_R02_DECIL1_RECUSA_PADRAO,DECIL1_ALTO_RISCO_SEM_MITIGACAO,Recusa por Decil 1 de Risco sem criterios para resgate comercial.,0.0,False,10000.0,0.0,0.0,45000.0,G,C,ALTA,0.0,0.0
CNPJ_000099,1.0,0.1598,1,ACEITO_COM_CONDICAO,RGR_R01_DECIL1_RESGATE_COM_RASTREADOR,RECUPERACAO_COMERCIAL_D1,"Aceite Condicional Decil 1: Perfil de score alto risco, porem mitigado por baixo passivo judicial e geografia favoravel.",15.0,True,10000.0,11500.0,1500.0,0.0,C,C,MEDIA,0.0,0.0
CNPJ_000100,1.0,0.1569,1,RECUSADO,RGR_R02_DECIL1_RECUSA_PADRAO,DECIL1_ALTO_RISCO_SEM_MITIGACAO,Recusa por Decil 1 de Risco sem criterios para resgate comercial.,0.0,False,10000.0,0.0,0.0,45000.0,C,J,ALTISSIMA,29.0,0.0
CNPJ_000101,1.0,0.1707,1,ACEITO_COM_CONDICAO,RGR_R01_DECIL1_RESGATE_COM_RASTREADOR,RECUPERACAO_COMERCIAL_D1,"Aceite Condicional Decil 1: Perfil de score alto risco, porem mitigado por baixo passivo judicial e geografia favoravel.",15.0,True,10000.0,11500.0,1500.0,0.0,G,D,BAIXISSIMA,0.0,0.0
CNPJ_000102,1.0,0.0977,6,APROVADO,RGR_R04_DECIL4_10_APROVADO,APROVADO_AUTOMATICO_BAIXO_RISCO,Aprovacao Automatica: Risco dentro do apetite da seguradora.,0.0,False,10000.0,10000.0,0.0,0.0,F,H,ALTA,9.0,0.0
CNPJ_000103,1.0,0.118,3,ACEITO_COM_CONDICAO,RGR_R03_DECIL2_3_CONDICIONAL,ACEITE_CONDICIONAL_DECIL_INTERMEDIARIO,Aceite Condicional Decil Intermediario (+7.5% premio).,7.5,False,10000.0,10750.0,750.0,0.0,H,F,ALTISSIMA,1.0,0.0
CNPJ_000104,1.0,0.0933,7,APROVADO,RGR_R04_DECIL4_10_APROVADO,APROVADO_AUTOMATICO_BAIXO_RISCO,Aprovacao Automatica: Risco dentro do apetite da seguradora.,0.0,False,10000.0,10000.0,0.0,0.0,C,G,ALTISSIMA,8.0,0.0
CNPJ_000105,1.0,0.1315,2,ACEITO_COM_CONDICAO,RGR_R03_DECIL2_3_CONDICIONAL,ACEITE_CONDICIONAL_DECIL_INTERMEDIARIO,Aceite Condicional Decil Intermediario (+7.5% premio).,7.5,False,10000.0,10750.0,750.0,0.0,Q,EMPRESA_ISENTA,ALTA,0.0,0.0
CNPJ_000106,1.0,0.1718,1,RECUSADO,RGR_R02_DECIL1_RECUSA_PADRAO,DECIL1_ALTO_RISCO_SEM_MITIGACAO,Recusa por Decil 1 de Risco sem criterios para resgate comercial.,0.0,False,10000.0,0.0,0.0,45000.0,F,,ALTISSIMA,0.0,0.0
CNPJ_000107,1.0,0.1434,1,RECUSADO,RGR_R02_DECIL1_RECUSA_PADRAO,DECIL1_ALTO_RISCO_SEM_MITIGACAO,Recusa por Decil 1 de Risco sem criterios para resgate comercial.,0.0,False,10000.0,0.0,0.0,45000.0,C,F,ALTA,0.0,0.0
CNPJ_000108,1.0,0.1273,2,ACEITO_COM_CONDICAO,RGR_R03_DECIL2_3_CONDICIONAL,ACEITE_CONDICIONAL_DECIL_INTERMEDIARIO,Aceite Condicional Decil Intermediario (+7.5% premio).,7.5,False,10000.0,10750.0,750.0,0.0,C,G,ALTA,24.0,0.0
CNPJ_000109,1.0,0.1156,3,RECUSADO,RGR_K01_RISCO_LIDERANCA_AREA_CRITICA,K01_LIDERANCA_AREA_CRITICA,Recusa Sumaria: Risco de lideranca detectado em area de concentracao altissima de sinistro.,0.0,False,10000.0,0.0,0.0,45000.0,N,F,ALTISSIMA,0.0,1.0
CNPJ_000110,1.0,0.1444,1,RECUSADO,RGR_R02_DECIL1_RECUSA_PADRAO,DECIL1_ALTO_RISCO_SEM_MITIGACAO,Recusa por Decil 1 de Risco sem criterios para resgate comercial.,0.0,False,10000.0,0.0,0.0,45000.0,S,EMPRESA_ISENTA,ALTA,83.0,0.0
CNPJ_000111,1.0,0.1225,2,ACEITO_COM_CONDICAO,RGR_R03_DECIL2_3_CONDICIONAL,ACEITE_CONDICIONAL_DECIL_INTERMEDIARIO,Aceite Condicional Decil Intermediario (+7.5% premio).,7.5,False,10000.0,10750.0,750.0,0.0,C,J,ALTISSIMA,2.0,
CNPJ_000112,1.0,0.1589,1,ACEITO_COM_CONDICAO,RGR_R01_DECIL1_RESGATE_COM_RASTREADOR,RECUPERACAO_COMERCIAL_D1,"Aceite Condicional Decil 1: Perfil de score alto risco, porem mitigado por baixo passivo judicial e geografia favoravel.",15.0,True,10000.0,11500.0,1500.0,0.0,G,G,BAIXISSIMA,0.0,0.0
CNPJ_000113,1.0,0.1987,1,ACEITO_COM_CONDICAO,RGR_R01_DECIL1_RESGATE_COM_RASTREADOR,RECUPERACAO_COMERCIAL_D1,"Aceite Condicional Decil 1: Perfil de score alto risco, porem mitigado por baixo passivo judicial e geografia favoravel.",15.0,True,10000.0,11500.0,1500.0,0.0,S,EMPRESA_ISENTA,BAIXISSIMA,1.0,0.0
CNPJ_000114,1.0,0.152,1,RECUSADO,RGR_R02_DECIL1_RECUSA_PADRAO,DECIL1_ALTO_RISCO_SEM_MITIGACAO,Recusa por Decil 1 de Risco sem criterios para resgate comercial.,0.0,False,10000.0,0.0,0.0,45000.0,P,E,ALTA,1.0,0.0
CNPJ_000115,1.0,0.4103,1,ACEITO_COM_CONDICAO,RGR_R01_DECIL1_RESGATE_COM_RASTREADOR,RECUPERACAO_COMERCIAL_D1,"Aceite Condicional Decil 1: Perfil de score alto risco, porem mitigado por baixo passivo judicial e geografia favoravel.",15.0,True,10000.0,11500.0,1500.0,0.0,I,D,BAIXISSIMA,0.0,0.0
CNPJ_000116,1.0,0.1452,1,ACEITO_COM_CONDICAO,RGR_R01_DECIL1_RESGATE_COM_RASTREADOR,RECUPERACAO_COMERCIAL_D1,"Aceite Condicional Decil 1: Perfil de score alto risco, porem mitigado por baixo passivo judicial e geografia favoravel.",15.0,True,10000.0,11500.0,1500.0,0.0,F,D,BAIXISSIMA,0.0,1.0
CNPJ_000117,1.0,0.1058,5,APROVADO,RGR_R04_DECIL4_10_APROVADO,APROVADO_AUTOMATICO_BAIXO_RISCO,Aprovacao Automatica: Risco dentro do apetite da seguradora.,0.0,False,10000.0,10000.0,0.0,0.0,A,,MEDIA,0.0,0.0
CNPJ_000118,1.0,0.1697,1,ACEITO_COM_CONDICAO,RGR_R01_DECIL1_RESGATE_COM_RASTREADOR,RECUPERACAO_COMERCIAL_D1,"Aceite Condicional Decil 1: Perfil de score alto risco, porem mitigado por baixo passivo judicial e geografia favoravel.",15.0,True,10000.0,11500.0,1500.0,0.0,J,G,MEDIA,0.0,0.0
CNPJ_000119,1.0,0.1631,1,RECUSADO,RGR_K01_RISCO_LIDERANCA_AREA_CRITICA,K01_LIDERANCA_AREA_CRITICA,Recusa Sumaria: Risco de lideranca detectado em area de concentracao altissima de sinistro.,0.0,False,10000.0,0.0,0.0,45000.0,C,H,ALTISSIMA,1.0,1.0
CNPJ_000120,1.0,0.1197,3,ACEITO_COM_CONDICAO,RGR_R03_DECIL2_3_CONDICIONAL,ACEITE_CONDICIONAL_DECIL_INTERMEDIARIO,Aceite Condicional Decil Intermediario (+7.5% premio).,7.5,False,10000.0,10750.0,750.0,0.0,S,E,ALTISSIMA,1.0,0.0
CNPJ_000121,1.0,0.154,1,RECUSADO,RGR_K01_RISCO_LIDERANCA_AREA_CRITICA,K01_LIDERANCA_AREA_CRITICA,Recusa Sumaria: Risco de lideranca detectado em area de concentracao altissima de sinistro.,0.0,False,10000.0,0.0,0.0,45000.0,C,H,ALTISSIMA,4.0,1.0
CNPJ_000122,1.0,0.11,4,APROVADO,RGR_R04_DECIL4_10_APROVADO,APROVADO_AUTOMATICO_BAIXO_RISCO,Aprovacao Automatica: Risco dentro do apetite da seguradora.,0.0,False,10000.0,10000.0,0.0,0.0,G,D,BAIXISSIMA,0.0,0.0
CNPJ_000123,1.0,0.1317,2,ACEITO_COM_CONDICAO,RGR_R03_DECIL2_3_CONDICIONAL,ACEITE_CONDICIONAL_DECIL_INTERMEDIARIO,Aceite Condicional Decil Intermediario (+7.5% premio).,7.5,False,10000.0,10750.0,750.0,0.0,M,F,ALTISSIMA,0.0,0.0
CNPJ_000124,1.0,0.39,1,RECUSADO,RGR_R02_DECIL1_RECUSA_PADRAO,DECIL1_ALTO_RISCO_SEM_MITIGACAO,Recusa por Decil 1 de Risco sem criterios para resgate comercial.,0.0,False,10000.0,0.0,0.0,45000.0,H,,ALTA,0.0,0.0
CNPJ_000125,1.0,0.2292,1,RECUSADO,RGR_R02_DECIL1_RECUSA_PADRAO,DECIL1_ALTO_RISCO_SEM_MITIGACAO,Recusa por Decil 1 de Risco sem criterios para resgate comercial.,0.0,False,10000.0,0.0,0.0,45000.0,G,C,ALTA,0.0,1.0
CNPJ_000126,1.0,0.1392,2,ACEITO_COM_CONDICAO,RGR_R03_DECIL2_3_CONDICIONAL,ACEITE_CONDICIONAL_DECIL_INTERMEDIARIO,Aceite Condicional Decil Intermediario (+7.5% premio).,7.5,False,10000.0,10750.0,750.0,0.0,N,G,ALTA,16.0,0.0
CNPJ_000127,1.0,0.1585,1,RECUSADO,RGR_R02_DECIL1_RECUSA_PADRAO,DECIL1_ALTO_RISCO_SEM_MITIGACAO,Recusa por Decil 1 de Risco sem criterios para resgate comercial.,0.0,False,10000.0,0.0,0.0,45000.0,G,,ALTA,5.0,0.0
CNPJ_000128,1.0,0.1695,1,RECUSADO,RGR_R02_DECIL1_RECUSA_PADRAO,DECIL1_ALTO_RISCO_SEM_MITIGACAO,Recusa por Decil 1 de Risco sem criterios para resgate comercial.,0.0,False,10000.0,0.0,0.0,45000.0,C,E,ALTISSIMA,0.0,0.0
CNPJ_000129,1.0,0.1505,1,ACEITO_COM_CONDICAO,RGR_R01_DECIL1_RESGATE_COM_RASTREADOR,RECUPERACAO_COMERCIAL_D1,"Aceite Condicional Decil 1: Perfil de score alto risco, porem mitigado por baixo passivo judicial e geografia favoravel.",15.0,True,10000.0,11500.0,1500.0,0.0,C,F,MEDIA,0.0,0.0
CNPJ_000130,1.0,0.2753,1,RECUSADO,RGR_R02_DECIL1_RECUSA_PADRAO,DECIL1_ALTO_RISCO_SEM_MITIGACAO,Recusa por Decil 1 de Risco sem criterios para resgate comercial.,0.0,False,10000.0,0.0,0.0,45000.0,G,C,ALTA,0.0,0.0
CNPJ_000131,1.0,0.1149,3,ACEITO_COM_CONDICAO,RGR_R03_DECIL2_3_CONDICIONAL,ACEITE_CONDICIONAL_DECIL_INTERMEDIARIO,Aceite Condicional Decil Intermediario (+7.5% premio).,7.5,False,10000.0,10750.0,750.0,0.0,G,F,ALTISSIMA,0.0,0.0
CNPJ_000132,1.0,0.1217,2,ACEITO_COM_CONDICAO,RGR_R03_DECIL2_3_CONDICIONAL,ACEITE_CONDICIONAL_DECIL_INTERMEDIARIO,Aceite Condicional Decil Intermediario (+7.5% premio).,7.5,False,10000.0,10750.0,750.0,0.0,C,C,ALTA,0.0,0.0
CNPJ_000133,1.0,0.0983,6,APROVADO,RGR_R04_DECIL4_10_APROVADO,APROVADO_AUTOMATICO_BAIXO_RISCO,Aprovacao Automatica: Risco dentro do apetite da seguradora.,0.0,False,10000.0,10000.0,0.0,0.0,H,G,BAIXISSIMA,14.0,0.0
CNPJ_000134,1.0,0.1028,5,RECUSADO,RGR_K01_RISCO_LIDERANCA_AREA_CRITICA,K01_LIDERANCA_AREA_CRITICA,Recusa Sumaria: Risco de lideranca detectado em area de concentracao altissima de sinistro.,0.0,False,10000.0,0.0,0.0,45000.0,N,E,ALTISSIMA,3.0,1.0
CNPJ_000135,1.0,0.2978,1,RECUSADO,RGR_R02_DECIL1_RECUSA_PADRAO,DECIL1_ALTO_RISCO_SEM_MITIGACAO,Recusa por Decil 1 de Risco sem criterios para resgate comercial.,0.0,False,10000.0,0.0,0.0,45000.0,H,A,,0.0,1.0
CNPJ_000136,1.0,0.2173,1,ACEITO_COM_CONDICAO,RGR_R01_DECIL1_RESGATE_COM_RASTREADOR,RECUPERACAO_COMERCIAL_D1,"Aceite Condicional Decil 1: Perfil de score alto risco, porem mitigado por baixo passivo judicial e geografia favoravel.",15.0,True,10000.0,11500.0,1500.0,0.0,C,I,BAIXISSIMA,4.0,0.0
CNPJ_000137,1.0,0.1134,4,APROVADO,RGR_R04_DECIL4_10_APROVADO,APROVADO_AUTOMATICO_BAIXO_RISCO,Aprovacao Automatica: Risco dentro do apetite da seguradora.,0.0,False,10000.0,10000.0,0.0,0.0,G,,BAIXISSIMA,0.0,1.0
CNPJ_000138,1.0,0.1953,1,RECUSADO,RGR_R02_DECIL1_RECUSA_PADRAO,DECIL1_ALTO_RISCO_SEM_MITIGACAO,Recusa por Decil 1 de Risco sem criterios para resgate comercial.,0.0,False,10000.0,0.0,0.0,45000.0,K,,ALTISSIMA,1.0,0.0
CNPJ_000139,1.0,0.1827,1,RECUSADO,RGR_R02_DECIL1_RECUSA_PADRAO,DECIL1_ALTO_RISCO_SEM_MITIGACAO,Recusa por Decil 1 de Risco sem criterios para resgate comercial.,0.0,False,10000.0,0.0,0.0,45000.0,F,,ALTISSIMA,0.0,0.0
CNPJ_000140,1.0,0.132,2,ACEITO_COM_CONDICAO,RGR_R03_DECIL2_3_CONDICIONAL,ACEITE_CONDICIONAL_DECIL_INTERMEDIARIO,Aceite Condicional Decil Intermediario (+7.5% premio).,7.5,False,10000.0,10750.0,750.0,0.0,N,,BAIXISSIMA,0.0,0.0
CNPJ_000141,1.0,0.1359,2,ACEITO_COM_CONDICAO,RGR_R03_DECIL2_3_CONDICIONAL,ACEITE_CONDICIONAL_DECIL_INTERMEDIARIO,Aceite Condicional Decil Intermediario (+7.5% premio).,7.5,False,10000.0,10750.0,750.0,0.0,G,C,BAIXISSIMA,0.0,0.0
CNPJ_000142,1.0,0.2263,1,RECUSADO,RGR_R02_DECIL1_RECUSA_PADRAO,DECIL1_ALTO_RISCO_SEM_MITIGACAO,Recusa por Decil 1 de Risco sem criterios para resgate comercial.,0.0,False,10000.0,0.0,0.0,45000.0,K,G,ALTISSIMA,10.0,0.0
CNPJ_000143,1.0,0.1401,1,RECUSADO,RGR_R02_DECIL1_RECUSA_PADRAO,DECIL1_ALTO_RISCO_SEM_MITIGACAO,Recusa por Decil 1 de Risco sem criterios para resgate comercial.,0.0,False,10000.0,0.0,0.0,45000.0,F,F,ALTISSIMA,0.0,0.0
CNPJ_000144,1.0,0.1289,2,ACEITO_COM_CONDICAO,RGR_R03_DECIL2_3_CONDICIONAL,ACEITE_CONDICIONAL_DECIL_INTERMEDIARIO,Aceite Condicional Decil Intermediario (+7.5% premio).,7.5,False,10000.0,10750.0,750.0,0.0,G,G,BAIXISSIMA,0.0,0.0
CNPJ_000145,1.0,0.1452,1,ACEITO_COM_CONDICAO,RGR_R01_DECIL1_RESGATE_COM_RASTREADOR,RECUPERACAO_COMERCIAL_D1,"Aceite Condicional Decil 1: Perfil de score alto risco, porem mitigado por baixo passivo judicial e geografia favoravel.",15.0,True,10000.0,11500.0,1500.0,0.0,G,J,BAIXISSIMA,0.0,0.0
CNPJ_000146,1.0,0.1466,1,ACEITO_COM_CONDICAO,RGR_R01_DECIL1_RESGATE_COM_RASTREADOR,RECUPERACAO_COMERCIAL_D1,"Aceite Condicional Decil 1: Perfil de score alto risco, porem mitigado por baixo passivo judicial e geografia favoravel.",15.0,True,10000.0,11500.0,1500.0,0.0,C,D,BAIXISSIMA,0.0,0.0
CNPJ_000147,1.0,0.0709,10,APROVADO,RGR_R04_DECIL4_10_APROVADO,APROVADO_AUTOMATICO_BAIXO_RISCO,Aprovacao Automatica: Risco dentro do apetite da seguradora.,0.0,False,10000.0,10000.0,0.0,0.0,,,,,
CNPJ_000148,1.0,0.3708,1,RECUSADO,RGR_R02_DECIL1_RECUSA_PADRAO,DECIL1_ALTO_RISCO_SEM_MITIGACAO,Recusa por Decil 1 de Risco sem criterios para resgate comercial.,0.0,False,10000.0,0.0,0.0,45000.0,G,B,ALTA,1.0,1.0
CNPJ_000149,1.0,0.1332,2,ACEITO_COM_CONDICAO,RGR_R03_DECIL2_3_CONDICIONAL,ACEITE_CONDICIONAL_DECIL_INTERMEDIARIO,Aceite Condicional Decil Intermediario (+7.5% premio).,7.5,False,10000.0,10750.0,750.0,0.0,C,H,ALTA,1.0,0.0
CNPJ_000150,1.0,0.1384,2,ACEITO_COM_CONDICAO,RGR_R03_DECIL2_3_CONDICIONAL,ACEITE_CONDICIONAL_DECIL_INTERMEDIARIO,Aceite Condicional Decil Intermediario (+7.5% premio).,7.5,False,10000.0,10750.0,750.0,0.0,C,I,BAIXISSIMA,0.0,0.0
CNPJ_000151,1.0,0.1291,2,ACEITO_COM_CONDICAO,RGR_R03_DECIL2_3_CONDICIONAL,ACEITE_CONDICIONAL_DECIL_INTERMEDIARIO,Aceite Condicional Decil Intermediario (+7.5% premio).,7.5,False,10000.0,10750.0,750.0,0.0,H,F,ALTA,2.0,0.0
CNPJ_000152,1.0,0.1103,4,APROVADO,RGR_R04_DECIL4_10_APROVADO,APROVADO_AUTOMATICO_BAIXO_RISCO,Aprovacao Automatica: Risco dentro do apetite da seguradora.,0.0,False,10000.0,10000.0,0.0,0.0,G,D,BAIXISSIMA,0.0,0.0
CNPJ_000153,1.0,0.1403,1,ACEITO_COM_CONDICAO,RGR_R01_DECIL1_RESGATE_COM_RASTREADOR,RECUPERACAO_COMERCIAL_D1,"Aceite Condicional Decil 1: Perfil de score alto risco, porem mitigado por baixo passivo judicial e geografia favoravel.",15.0,True,10000.0,11500.0,1500.0,0.0,A,E,BAIXISSIMA,0.0,0.0
CNPJ_000154,1.0,0.187,1,RECUSADO,RGR_K02_EXCESSO_PROCESSOS_JUDICIAIS,K02_JUDICIAL_EXTREMO,Recusa Sumaria: Elevado passivo judicial (> 100 processos como requerido).,0.0,False,10000.0,0.0,0.0,45000.0,Q,EMPRESA_ISENTA,BAIXISSIMA,127.0,0.0
CNPJ_000155,1.0,0.1399,1,ACEITO_COM_CONDICAO,RGR_R01_DECIL1_RESGATE_COM_RASTREADOR,RECUPERACAO_COMERCIAL_D1,"Aceite Condicional Decil 1: Perfil de score alto risco, porem mitigado por baixo passivo judicial e geografia favoravel.",15.0,True,10000.0,11500.0,1500.0,0.0,Q,D,BAIXISSIMA,0.0,0.0
CNPJ_000156,1.0,0.1149,3,ACEITO_COM_CONDICAO,RGR_R03_DECIL2_3_CONDICIONAL,ACEITE_CONDICIONAL_DECIL_INTERMEDIARIO,Aceite Condicional Decil Intermediario (+7.5% premio).,7.5,False,10000.0,10750.0,750.0,0.0,G,,BAIXISSIMA,0.0,0.0
CNPJ_000157,1.0,0.3364,1,RECUSADO,RGR_R02_DECIL1_RECUSA_PADRAO,DECIL1_ALTO_RISCO_SEM_MITIGACAO,Recusa por Decil 1 de Risco sem criterios para resgate comercial.,0.0,False,10000.0,0.0,0.0,45000.0,C,J,BAIXISSIMA,37.0,0.0
CNPJ_000158,1.0,0.1685,1,RECUSADO,RGR_K02_EXCESSO_PROCESSOS_JUDICIAIS,K02_JUDICIAL_EXTREMO,Recusa Sumaria: Elevado passivo judicial (> 100 processos como requerido).,0.0,False,10000.0,0.0,0.0,45000.0,C,J,BAIXISSIMA,561.0,
CNPJ_000159,1.0,0.1204,2,ACEITO_COM_CONDICAO,RGR_R03_DECIL2_3_CONDICIONAL,ACEITE_CONDICIONAL_DECIL_INTERMEDIARIO,Aceite Condicional Decil Intermediario (+7.5% premio).,7.5,False,10000.0,10750.0,750.0,0.0,G,D,MEDIA,0.0,1.0
CNPJ_000160,1.0,0.0944,7,APROVADO,RGR_R04_DECIL4_10_APROVADO,APROVADO_AUTOMATICO_BAIXO_RISCO,Aprovacao Automatica: Risco dentro do apetite da seguradora.,0.0,False,10000.0,10000.0,0.0,0.0,G,E,ALTISSIMA,11.0,0.0
CNPJ_000161,1.0,0.0943,7,APROVADO,RGR_R04_DECIL4_10_APROVADO,APROVADO_AUTOMATICO_BAIXO_RISCO,Aprovacao Automatica: Risco dentro do apetite da seguradora.,0.0,False,10000.0,10000.0,0.0,0.0,M,F,ALTISSIMA,0.0,0.0
CNPJ_000162,1.0,0.1134,3,ACEITO_COM_CONDICAO,RGR_R03_DECIL2_3_CONDICIONAL,ACEITE_CONDICIONAL_DECIL_INTERMEDIARIO,Aceite Condicional Decil Intermediario (+7.5% premio).,7.5,False,10000.0,10750.0,750.0,0.0,C,G,MEDIA,0.0,0.0
CNPJ_000163,1.0,0.1327,2,ACEITO_COM_CONDICAO,RGR_R03_DECIL2_3_CONDICIONAL,ACEITE_CONDICIONAL_DECIL_INTERMEDIARIO,Aceite Condicional Decil Intermediario (+7.5% premio).,7.5,False,10000.0,10750.0,750.0,0.0,G,A,BAIXISSIMA,0.0,0.0
CNPJ_000164,1.0,0.1997,1,RECUSADO,RGR_R02_DECIL1_RECUSA_PADRAO,DECIL1_ALTO_RISCO_SEM_MITIGACAO,Recusa por Decil 1 de Risco sem criterios para resgate comercial.,0.0,False,10000.0,0.0,0.0,45000.0,G,G,ALTISSIMA,0.0,0.0
CNPJ_000165,1.0,0.2747,1,ACEITO_COM_CONDICAO,RGR_R01_DECIL1_RESGATE_COM_RASTREADOR,RECUPERACAO_COMERCIAL_D1,"Aceite Condicional Decil 1: Perfil de score alto risco, porem mitigado por baixo passivo judicial e geografia favoravel.",15.0,True,10000.0,11500.0,1500.0,0.0,G,E,BAIXISSIMA,0.0,0.0
CNPJ_000166,1.0,0.1384,2,ACEITO_COM_CONDICAO,RGR_R03_DECIL2_3_CONDICIONAL,ACEITE_CONDICIONAL_DECIL_INTERMEDIARIO,Aceite Condicional Decil Intermediario (+7.5% premio).,7.5,False,10000.0,10750.0,750.0,0.0,G,D,BAIXISSIMA,0.0,0.0
CNPJ_000167,1.0,0.1529,1,ACEITO_COM_CONDICAO,RGR_R01_DECIL1_RESGATE_COM_RASTREADOR,RECUPERACAO_COMERCIAL_D1,"Aceite Condicional Decil 1: Perfil de score alto risco, porem mitigado por baixo passivo judicial e geografia favoravel.",15.0,True,10000.0,11500.0,1500.0,0.0,H,A,MEDIA,0.0,0.0
CNPJ_000168,1.0,0.1205,2,ACEITO_COM_CONDICAO,RGR_R03_DECIL2_3_CONDICIONAL,ACEITE_CONDICIONAL_DECIL_INTERMEDIARIO,Aceite Condicional Decil Intermediario (+7.5% premio).,7.5,False,10000.0,10750.0,750.0,0.0,J,B,BAIXISSIMA,0.0,0.0
CNPJ_000169,1.0,0.1671,1,RECUSADO,RGR_R02_DECIL1_RECUSA_PADRAO,DECIL1_ALTO_RISCO_SEM_MITIGACAO,Recusa por Decil 1 de Risco sem criterios para resgate comercial.,0.0,False,10000.0,0.0,0.0,45000.0,S,EMPRESA_ISENTA,ALTA,4.0,0.0
CNPJ_000170,1.0,0.1452,1,RECUSADO,RGR_R02_DECIL1_RECUSA_PADRAO,DECIL1_ALTO_RISCO_SEM_MITIGACAO,Recusa por Decil 1 de Risco sem criterios para resgate comercial.,0.0,False,10000.0,0.0,0.0,45000.0,F,C,ALTA,0.0,0.0
CNPJ_000171,1.0,0.1657,1,RECUSADO,RGR_R02_DECIL1_RECUSA_PADRAO,DECIL1_ALTO_RISCO_SEM_MITIGACAO,Recusa por Decil 1 de Risco sem criterios para resgate comercial.,0.0,False,10000.0,0.0,0.0,45000.0,H,E,ALTA,1.0,0.0
CNPJ_000172,1.0,0.1236,2,ACEITO_COM_CONDICAO,RGR_R03_DECIL2_3_CONDICIONAL,ACEITE_CONDICIONAL_DECIL_INTERMEDIARIO,Aceite Condicional Decil Intermediario (+7.5% premio).,7.5,False,10000.0,10750.0,750.0,0.0,N,B,ALTA,1.0,0.0
CNPJ_000173,1.0,0.1469,1,RECUSADO,RGR_K01_RISCO_LIDERANCA_AREA_CRITICA,K01_LIDERANCA_AREA_CRITICA,Recusa Sumaria: Risco de lideranca detectado em area de concentracao altissima de sinistro.,0.0,False,10000.0,0.0,0.0,45000.0,T,D,ALTISSIMA,0.0,1.0
CNPJ_000174,1.0,0.1097,4,APROVADO,RGR_R04_DECIL4_10_APROVADO,APROVADO_AUTOMATICO_BAIXO_RISCO,Aprovacao Automatica: Risco dentro do apetite da seguradora.,0.0,False,10000.0,10000.0,0.0,0.0,F,E,ALTISSIMA,0.0,0.0
CNPJ_000175,1.0,0.1035,5,APROVADO,RGR_R04_DECIL4_10_APROVADO,APROVADO_AUTOMATICO_BAIXO_RISCO,Aprovacao Automatica: Risco dentro do apetite da seguradora.,0.0,False,10000.0,10000.0,0.0,0.0,G,E,BAIXISSIMA,0.0,0.0
CNPJ_000176,1.0,0.1187,3,ACEITO_COM_CONDICAO,RGR_R03_DECIL2_3_CONDICIONAL,ACEITE_CONDICIONAL_DECIL_INTERMEDIARIO,Aceite Condicional Decil Intermediario (+7.5% premio).,7.5,False,10000.0,10750.0,750.0,0.0,G,G,BAIXISSIMA,2.0,0.0
CNPJ_000177,1.0,0.4076,1,ACEITO_COM_CONDICAO,RGR_R01_DECIL1_RESGATE_COM_RASTREADOR,RECUPERACAO_COMERCIAL_D1,"Aceite Condicional Decil 1: Perfil de score alto risco, porem mitigado por baixo passivo judicial e geografia favoravel.",15.0,True,10000.0,11500.0,1500.0,0.0,H,C,BAIXISSIMA,2.0,0.0
CNPJ_000178,1.0,0.1432,1,RECUSADO,RGR_R02_DECIL1_RECUSA_PADRAO,DECIL1_ALTO_RISCO_SEM_MITIGACAO,Recusa por Decil 1 de Risco sem criterios para resgate comercial.,0.0,False,10000.0,0.0,0.0,45000.0,C,C,ALTISSIMA,0.0,0.0
CNPJ_000179,1.0,0.1229,2,ACEITO_COM_CONDICAO,RGR_R03_DECIL2_3_CONDICIONAL,ACEITE_CONDICIONAL_DECIL_INTERMEDIARIO,Aceite Condicional Decil Intermediario (+7.5% premio).,7.5,False,10000.0,10750.0,750.0,0.0,G,,ALTA,0.0,1.0
CNPJ_000180,1.0,0.1953,1,RECUSADO,RGR_R02_DECIL1_RECUSA_PADRAO,DECIL1_ALTO_RISCO_SEM_MITIGACAO,Recusa por Decil 1 de Risco sem criterios para resgate comercial.,0.0,False,10000.0,0.0,0.0,45000.0,K,,ALTISSIMA,1.0,0.0
CNPJ_000181,1.0,0.2998,1,ACEITO_COM_CONDICAO,RGR_R01_DECIL1_RESGATE_COM_RASTREADOR,RECUPERACAO_COMERCIAL_D1,"Aceite Condicional Decil 1: Perfil de score alto risco, porem mitigado por baixo passivo judicial e geografia favoravel.",15.0,True,10000.0,11500.0,1500.0,0.0,H,B,MEDIA,0.0,0.0
CNPJ_000182,1.0,0.1219,2,ACEITO_COM_CONDICAO,RGR_R03_DECIL2_3_CONDICIONAL,ACEITE_CONDICIONAL_DECIL_INTERMEDIARIO,Aceite Condicional Decil Intermediario (+7.5% premio).,7.5,False,10000.0,10750.0,750.0,0.0,G,D,ALTISSIMA,2.0,0.0
CNPJ_000183,1.0,0.1128,4,APROVADO,RGR_R04_DECIL4_10_APROVADO,APROVADO_AUTOMATICO_BAIXO_RISCO,Aprovacao Automatica: Risco dentro do apetite da seguradora.,0.0,False,10000.0,10000.0,0.0,0.0,C,E,ALTA,0.0,0.0
CNPJ_000184,1.0,0.1455,1,ACEITO_COM_CONDICAO,RGR_R01_DECIL1_RESGATE_COM_RASTREADOR,RECUPERACAO_COMERCIAL_D1,"Aceite Condicional Decil 1: Perfil de score alto risco, porem mitigado por baixo passivo judicial e geografia favoravel.",15.0,True,10000.0,11500.0,1500.0,0.0,G,E,BAIXISSIMA,1.0,0.0
CNPJ_000185,1.0,0.1246,2,ACEITO_COM_CONDICAO,RGR_R03_DECIL2_3_CONDICIONAL,ACEITE_CONDICIONAL_DECIL_INTERMEDIARIO,Aceite Condicional Decil Intermediario (+7.5% premio).,7.5,False,10000.0,10750.0,750.0,0.0,H,E,BAIXISSIMA,4.0,0.0
CNPJ_000186,1.0,0.2191,1,RECUSADO,RGR_R02_DECIL1_RECUSA_PADRAO,DECIL1_ALTO_RISCO_SEM_MITIGACAO,Recusa por Decil 1 de Risco sem criterios para resgate comercial.,0.0,False,10000.0,0.0,0.0,45000.0,G,E,ALTISSIMA,0.0,0.0
CNPJ_000187,1.0,0.133,2,ACEITO_COM_CONDICAO,RGR_R03_DECIL2_3_CONDICIONAL,ACEITE_CONDICIONAL_DECIL_INTERMEDIARIO,Aceite Condicional Decil Intermediario (+7.5% premio).,7.5,False,10000.0,10750.0,750.0,0.0,G,F,BAIXISSIMA,2.0,0.0
CNPJ_000188,1.0,0.137,2,ACEITO_COM_CONDICAO,RGR_R03_DECIL2_3_CONDICIONAL,ACEITE_CONDICIONAL_DECIL_INTERMEDIARIO,Aceite Condicional Decil Intermediario (+7.5% premio).,7.5,False,10000.0,10750.0,750.0,0.0,G,E,BAIXISSIMA,0.0,0.0
CNPJ_000189,1.0,0.1601,1,RECUSADO,RGR_R02_DECIL1_RECUSA_PADRAO,DECIL1_ALTO_RISCO_SEM_MITIGACAO,Recusa por Decil 1 de Risco sem criterios para resgate comercial.,0.0,False,10000.0,0.0,0.0,45000.0,N,C,ALTA,0.0,0.0
CNPJ_000190,1.0,0.1466,1,RECUSADO,RGR_R02_DECIL1_RECUSA_PADRAO,DECIL1_ALTO_RISCO_SEM_MITIGACAO,Recusa por Decil 1 de Risco sem criterios para resgate comercial.,0.0,False,10000.0,0.0,0.0,45000.0,C,E,MEDIA,28.0,0.0
CNPJ_000191,1.0,0.1148,3,ACEITO_COM_CONDICAO,RGR_R03_DECIL2_3_CONDICIONAL,ACEITE_CONDICIONAL_DECIL_INTERMEDIARIO,Aceite Condicional Decil Intermediario (+7.5% premio).,7.5,False,10000.0,10750.0,750.0,0.0,C,J,ALTA,7.0,0.0
CNPJ_000192,1.0,0.1264,2,ACEITO_COM_CONDICAO,RGR_R03_DECIL2_3_CONDICIONAL,ACEITE_CONDICIONAL_DECIL_INTERMEDIARIO,Aceite Condicional Decil Intermediario (+7.5% premio).,7.5,False,10000.0,10750.0,750.0,0.0,A,C,BAIXISSIMA,0.0,0.0
CNPJ_000193,1.0,0.133,2,ACEITO_COM_CONDICAO,RGR_R03_DECIL2_3_CONDICIONAL,ACEITE_CONDICIONAL_DECIL_INTERMEDIARIO,Aceite Condicional Decil Intermediario (+7.5% premio).,7.5,False,10000.0,10750.0,750.0,0.0,G,E,,4.0,0.0
CNPJ_000194,1.0,0.3774,1,RECUSADO,RGR_K02_EXCESSO_PROCESSOS_JUDICIAIS,K02_JUDICIAL_EXTREMO,Recusa Sumaria: Elevado passivo judicial (> 100 processos como requerido).,0.0,False,10000.0,0.0,0.0,45000.0,P,EMPRESA_ISENTA,ALTA,123.0,0.0
CNPJ_000195,1.0,0.1633,1,RECUSADO,RGR_K02_EXCESSO_PROCESSOS_JUDICIAIS,K02_JUDICIAL_EXTREMO,Recusa Sumaria: Elevado passivo judicial (> 100 processos como requerido).,0.0,False,10000.0,0.0,0.0,45000.0,H,J,ALTISSIMA,116.0,0.0
CNPJ_000196,1.0,0.1835,1,ACEITO_COM_CONDICAO,RGR_R01_DECIL1_RESGATE_COM_RASTREADOR,RECUPERACAO_COMERCIAL_D1,"Aceite Condicional Decil 1: Perfil de score alto risco, porem mitigado por baixo passivo judicial e geografia favoravel.",15.0,True,10000.0,11500.0,1500.0,0.0,H,D,BAIXISSIMA,0.0,0.0
CNPJ_000197,1.0,0.1314,2,ACEITO_COM_CONDICAO,RGR_R03_DECIL2_3_CONDICIONAL,ACEITE_CONDICIONAL_DECIL_INTERMEDIARIO,Aceite Condicional Decil Intermediario (+7.5% premio).,7.5,False,10000.0,10750.0,750.0,0.0,M,D,ALTA,1.0,0.0
CNPJ_000198,1.0,0.1027,5,APROVADO,RGR_R04_DECIL4_10_APROVADO,APROVADO_AUTOMATICO_BAIXO_RISCO,Aprovacao Automatica: Risco dentro do apetite da seguradora.,0.0,False,10000.0,10000.0,0.0,0.0,C,D,MEDIA,0.0,0.0
CNPJ_000199,1.0,0.1349,2,ACEITO_COM_CONDICAO,RGR_R03_DECIL2_3_CONDICIONAL,ACEITE_CONDICIONAL_DECIL_INTERMEDIARIO,Aceite Condicional Decil Intermediario (+7.5% premio).,7.5,False,10000.0,10750.0,750.0,0.0,H,,ALTA,0.0,0.0
CNPJ_000200,1.0,0.1218,2,ACEITO_COM_CONDICAO,RGR_R03_DECIL2_3_CONDICIONAL,ACEITE_CONDICIONAL_DECIL_INTERMEDIARIO,Aceite Condicional Decil Intermediario (+7.5% premio).,7.5,False,10000.0,10750.0,750.0,0.0,N,E,ALTA,0.0,1.0
CNPJ_000201,1.0,0.1565,1,ACEITO_COM_CONDICAO,RGR_R01_DECIL1_RESGATE_COM_RASTREADOR,RECUPERACAO_COMERCIAL_D1,"Aceite Condicional Decil 1: Perfil de score alto risco, porem mitigado por baixo passivo judicial e geografia favoravel.",15.0,True,10000.0,11500.0,1500.0,0.0,G,A,BAIXISSIMA,0.0,0.0
CNPJ_000202,1.0,0.0996,6,APROVADO,RGR_R04_DECIL4_10_APROVADO,APROVADO_AUTOMATICO_BAIXO_RISCO,Aprovacao Automatica: Risco dentro do apetite da seguradora.,0.0,False,10000.0,10000.0,0.0,0.0,N,H,ALTA,14.0,0.0
CNPJ_000203,1.0,0.2549,1,RECUSADO,RGR_R02_DECIL1_RECUSA_PADRAO,DECIL1_ALTO_RISCO_SEM_MITIGACAO,Recusa por Decil 1 de Risco sem criterios para resgate comercial.,0.0,False,10000.0,0.0,0.0,45000.0,H,E,ALTISSIMA,3.0,0.0
CNPJ_000204,1.0,0.1294,2,ACEITO_COM_CONDICAO,RGR_R03_DECIL2_3_CONDICIONAL,ACEITE_CONDICIONAL_DECIL_INTERMEDIARIO,Aceite Condicional Decil Intermediario (+7.5% premio).,7.5,False,10000.0,10750.0,750.0,0.0,G,D,BAIXISSIMA,1.0,0.0
CNPJ_000205,1.0,0.0853,8,RECUSADO,RGR_K01_RISCO_LIDERANCA_AREA_CRITICA,K01_LIDERANCA_AREA_CRITICA,Recusa Sumaria: Risco de lideranca detectado em area de concentracao altissima de sinistro.,0.0,False,10000.0,0.0,0.0,45000.0,G,H,ALTISSIMA,16.0,1.0
CNPJ_000206,1.0,0.1076,4,APROVADO,RGR_R04_DECIL4_10_APROVADO,APROVADO_AUTOMATICO_BAIXO_RISCO,Aprovacao Automatica: Risco dentro do apetite da seguradora.,0.0,False,10000.0,10000.0,0.0,0.0,G,D,MEDIA,0.0,0.0
CNPJ_000207,1.0,0.1722,1,RECUSADO,RGR_K02_EXCESSO_PROCESSOS_JUDICIAIS,K02_JUDICIAL_EXTREMO,Recusa Sumaria: Elevado passivo judicial (> 100 processos como requerido).,0.0,False,10000.0,0.0,0.0,45000.0,Q,EMPRESA_ISENTA,ALTA,127.0,0.0
CNPJ_000208,1.0,0.1788,1,RECUSADO,RGR_R02_DECIL1_RECUSA_PADRAO,DECIL1_ALTO_RISCO_SEM_MITIGACAO,Recusa por Decil 1 de Risco sem criterios para resgate comercial.,0.0,False,10000.0,0.0,0.0,45000.0,G,F,ALTA,0.0,0.0
CNPJ_000209,1.0,0.1185,3,ACEITO_COM_CONDICAO,RGR_R03_DECIL2_3_CONDICIONAL,ACEITE_CONDICIONAL_DECIL_INTERMEDIARIO,Aceite Condicional Decil Intermediario (+7.5% premio).,7.5,False,10000.0,10750.0,750.0,0.0,G,C,MEDIA,1.0,0.0
CNPJ_000210,1.0,0.1791,1,RECUSADO,RGR_R02_DECIL1_RECUSA_PADRAO,DECIL1_ALTO_RISCO_SEM_MITIGACAO,Recusa por Decil 1 de Risco sem criterios para resgate comercial.,0.0,False,10000.0,0.0,0.0,45000.0,N,E,ALTISSIMA,2.0,0.0
CNPJ_000211,1.0,0.1095,4,APROVADO,RGR_R04_DECIL4_10_APROVADO,APROVADO_AUTOMATICO_BAIXO_RISCO,Aprovacao Automatica: Risco dentro do apetite da seguradora.,0.0,False,10000.0,10000.0,0.0,0.0,G,A,BAIXISSIMA,0.0,0.0
CNPJ_000212,1.0,0.1041,5,APROVADO,RGR_R04_DECIL4_10_APROVADO,APROVADO_AUTOMATICO_BAIXO_RISCO,Aprovacao Automatica: Risco dentro do apetite da seguradora.,0.0,False,10000.0,10000.0,0.0,0.0,G,G,BAIXISSIMA,0.0,0.0
CNPJ_000213,1.0,0.126,2,ACEITO_COM_CONDICAO,RGR_R03_DECIL2_3_CONDICIONAL,ACEITE_CONDICIONAL_DECIL_INTERMEDIARIO,Aceite Condicional Decil Intermediario (+7.5% premio).,7.5,False,10000.0,10750.0,750.0,0.0,G,F,ALTISSIMA,0.0,0.0
CNPJ_000214,1.0,0.1137,3,ACEITO_COM_CONDICAO,RGR_R03_DECIL2_3_CONDICIONAL,ACEITE_CONDICIONAL_DECIL_INTERMEDIARIO,Aceite Condicional Decil Intermediario (+7.5% premio).,7.5,False,10000.0,10750.0,750.0,0.0,L,,ALTA,1.0,0.0
CNPJ_000215,1.0,0.1362,2,ACEITO_COM_CONDICAO,RGR_R03_DECIL2_3_CONDICIONAL,ACEITE_CONDICIONAL_DECIL_INTERMEDIARIO,Aceite Condicional Decil Intermediario (+7.5% premio).,7.5,False,10000.0,10750.0,750.0,0.0,F,A,ALTA,0.0,0.0
CNPJ_000216,1.0,0.1021,6,APROVADO,RGR_R04_DECIL4_10_APROVADO,APROVADO_AUTOMATICO_BAIXO_RISCO,Aprovacao Automatica: Risco dentro do apetite da seguradora.,0.0,False,10000.0,10000.0,0.0,0.0,B,F,BAIXISSIMA,15.0,0.0
CNPJ_000217,1.0,0.1166,3,ACEITO_COM_CONDICAO,RGR_R03_DECIL2_3_CONDICIONAL,ACEITE_CONDICIONAL_DECIL_INTERMEDIARIO,Aceite Condicional Decil Intermediario (+7.5% premio).,7.5,False,10000.0,10750.0,750.0,0.0,G,,ALTA,0.0,1.0
CNPJ_000218,1.0,0.1118,4,APROVADO,RGR_R04_DECIL4_10_APROVADO,APROVADO_AUTOMATICO_BAIXO_RISCO,Aprovacao Automatica: Risco dentro do apetite da seguradora.,0.0,False,10000.0,10000.0,0.0,0.0,G,F,BAIXISSIMA,0.0,0.0
CNPJ_000219,1.0,0.1594,1,RECUSADO,RGR_R02_DECIL1_RECUSA_PADRAO,DECIL1_ALTO_RISCO_SEM_MITIGACAO,Recusa por Decil 1 de Risco sem criterios para resgate comercial.,0.0,False,10000.0,0.0,0.0,45000.0,C,J,ALTISSIMA,13.0,0.0
CNPJ_000220,1.0,0.1246,2,ACEITO_COM_CONDICAO,RGR_R03_DECIL2_3_CONDICIONAL,ACEITE_CONDICIONAL_DECIL_INTERMEDIARIO,Aceite Condicional Decil Intermediario (+7.5% premio).,7.5,False,10000.0,10750.0,750.0,0.0,G,G,,4.0,0.0
CNPJ_000221,1.0,0.1321,2,ACEITO_COM_CONDICAO,RGR_R03_DECIL2_3_CONDICIONAL,ACEITE_CONDICIONAL_DECIL_INTERMEDIARIO,Aceite Condicional Decil Intermediario (+7.5% premio).,7.5,False,10000.0,10750.0,750.0,0.0,F,D,BAIXISSIMA,0.0,0.0
CNPJ_000222,1.0,0.1866,1,RECUSADO,RGR_R02_DECIL1_RECUSA_PADRAO,DECIL1_ALTO_RISCO_SEM_MITIGACAO,Recusa por Decil 1 de Risco sem criterios para resgate comercial.,0.0,False,10000.0,0.0,0.0,45000.0,F,C,ALTA,0.0,0.0
CNPJ_000223,1.0,0.1464,1,ACEITO_COM_CONDICAO,RGR_R01_DECIL1_RESGATE_COM_RASTREADOR,RECUPERACAO_COMERCIAL_D1,"Aceite Condicional Decil 1: Perfil de score alto risco, porem mitigado por baixo passivo judicial e geografia favoravel.",15.0,True,10000.0,11500.0,1500.0,0.0,S,EMPRESA_ISENTA,BAIXISSIMA,0.0,0.0
CNPJ_000224,1.0,0.1566,1,RECUSADO,RGR_R02_DECIL1_RECUSA_PADRAO,DECIL1_ALTO_RISCO_SEM_MITIGACAO,Recusa por Decil 1 de Risco sem criterios para resgate comercial.,0.0,False,10000.0,0.0,0.0,45000.0,C,F,ALTA,0.0,1.0
CNPJ_000225,1.0,0.1262,2,ACEITO_COM_CONDICAO,RGR_R03_DECIL2_3_CONDICIONAL,ACEITE_CONDICIONAL_DECIL_INTERMEDIARIO,Aceite Condicional Decil Intermediario (+7.5% premio).,7.5,False,10000.0,10750.0,750.0,0.0,H,F,ALTA,2.0,0.0
CNPJ_000226,1.0,0.1415,1,ACEITO_COM_CONDICAO,RGR_R01_DECIL1_RESGATE_COM_RASTREADOR,RECUPERACAO_COMERCIAL_D1,"Aceite Condicional Decil 1: Perfil de score alto risco, porem mitigado por baixo passivo judicial e geografia favoravel.",15.0,True,10000.0,11500.0,1500.0,0.0,G,C,BAIXISSIMA,0.0,0.0
CNPJ_000227,1.0,0.0826,9,APROVADO,RGR_R04_DECIL4_10_APROVADO,APROVADO_AUTOMATICO_BAIXO_RISCO,Aprovacao Automatica: Risco dentro do apetite da seguradora.,0.0,False,10000.0,10000.0,0.0,0.0,H,H,BAIXISSIMA,4.0,0.0
CNPJ_000228,1.0,0.1648,1,RECUSADO,RGR_R02_DECIL1_RECUSA_PADRAO,DECIL1_ALTO_RISCO_SEM_MITIGACAO,Recusa por Decil 1 de Risco sem criterios para resgate comercial.,0.0,False,10000.0,0.0,0.0,45000.0,G,F,ALTISSIMA,0.0,0.0
CNPJ_000229,1.0,0.0979,6,APROVADO,RGR_R04_DECIL4_10_APROVADO,APROVADO_AUTOMATICO_BAIXO_RISCO,Aprovacao Automatica: Risco dentro do apetite da seguradora.,0.0,False,10000.0,10000.0,0.0,0.0,N,,ALTA,0.0,0.0
CNPJ_000230,1.0,0.1059,5,APROVADO,RGR_R04_DECIL4_10_APROVADO,APROVADO_AUTOMATICO_BAIXO_RISCO,Aprovacao Automatica: Risco dentro do apetite da seguradora.,0.0,False,10000.0,10000.0,0.0,0.0,C,D,ALTA,0.0,0.0
CNPJ_000231,1.0,0.1472,1,RECUSADO,RGR_R02_DECIL1_RECUSA_PADRAO,DECIL1_ALTO_RISCO_SEM_MITIGACAO,Recusa por Decil 1 de Risco sem criterios para resgate comercial.,0.0,False,10000.0,0.0,0.0,45000.0,F,B,ALTA,0.0,0.0
CNPJ_000232,1.0,0.1114,4,APROVADO,RGR_R04_DECIL4_10_APROVADO,APROVADO_AUTOMATICO_BAIXO_RISCO,Aprovacao Automatica: Risco dentro do apetite da seguradora.,0.0,False,10000.0,10000.0,0.0,0.0,G,D,MEDIA,0.0,0.0
CNPJ_000233,1.0,0.1934,1,ACEITO_COM_CONDICAO,RGR_R01_DECIL1_RESGATE_COM_RASTREADOR,RECUPERACAO_COMERCIAL_D1,"Aceite Condicional Decil 1: Perfil de score alto risco, porem mitigado por baixo passivo judicial e geografia favoravel.",15.0,True,10000.0,11500.0,1500.0,0.0,S,EMPRESA_ISENTA,BAIXISSIMA,2.0,
CNPJ_000234,1.0,0.1197,3,ACEITO_COM_CONDICAO,RGR_R03_DECIL2_3_CONDICIONAL,ACEITE_CONDICIONAL_DECIL_INTERMEDIARIO,Aceite Condicional Decil Intermediario (+7.5% premio).,7.5,False,10000.0,10750.0,750.0,0.0,P,EMPRESA_ISENTA,BAIXISSIMA,1.0,
CNPJ_000235,1.0,0.33,1,RECUSADO,RGR_R02_DECIL1_RECUSA_PADRAO,DECIL1_ALTO_RISCO_SEM_MITIGACAO,Recusa por Decil 1 de Risco sem criterios para resgate comercial.,0.0,False,10000.0,0.0,0.0,45000.0,H,,ALTISSIMA,0.0,0.0
CNPJ_000236,1.0,0.114,3,ACEITO_COM_CONDICAO,RGR_R03_DECIL2_3_CONDICIONAL,ACEITE_CONDICIONAL_DECIL_INTERMEDIARIO,Aceite Condicional Decil Intermediario (+7.5% premio).,7.5,False,10000.0,10750.0,750.0,0.0,C,C,BAIXISSIMA,0.0,0.0
CNPJ_000237,1.0,0.2091,1,RECUSADO,RGR_R02_DECIL1_RECUSA_PADRAO,DECIL1_ALTO_RISCO_SEM_MITIGACAO,Recusa por Decil 1 de Risco sem criterios para resgate comercial.,0.0,False,10000.0,0.0,0.0,45000.0,J,C,ALTA,0.0,0.0
CNPJ_000238,1.0,0.1935,1,ACEITO_COM_CONDICAO,RGR_R01_DECIL1_RESGATE_COM_RASTREADOR,RECUPERACAO_COMERCIAL_D1,"Aceite Condicional Decil 1: Perfil de score alto risco, porem mitigado por baixo passivo judicial e geografia favoravel.",15.0,True,10000.0,11500.0,1500.0,0.0,C,,BAIXISSIMA,0.0,0.0
CNPJ_000239,1.0,0.6958,1,ACEITO_COM_CONDICAO,RGR_R01_DECIL1_RESGATE_COM_RASTREADOR,RECUPERACAO_COMERCIAL_D1,"Aceite Condicional Decil 1: Perfil de score alto risco, porem mitigado por baixo passivo judicial e geografia favoravel.",15.0,True,10000.0,11500.0,1500.0,0.0,G,,BAIXISSIMA,0.0,0.0
CNPJ_000240,1.0,0.1721,1,ACEITO_COM_CONDICAO,RGR_R01_DECIL1_RESGATE_COM_RASTREADOR,RECUPERACAO_COMERCIAL_D1,"Aceite Condicional Decil 1: Perfil de score alto risco, porem mitigado por baixo passivo judicial e geografia favoravel.",15.0,True,10000.0,11500.0,1500.0,0.0,J,,BAIXISSIMA,0.0,0.0
CNPJ_000241,1.0,0.0915,8,APROVADO,RGR_R04_DECIL4_10_APROVADO,APROVADO_AUTOMATICO_BAIXO_RISCO,Aprovacao Automatica: Risco dentro do apetite da seguradora.,0.0,False,10000.0,10000.0,0.0,0.0,G,G,BAIXISSIMA,3.0,0.0
CNPJ_000242,1.0,0.118,3,ACEITO_COM_CONDICAO,RGR_R03_DECIL2_3_CONDICIONAL,ACEITE_CONDICIONAL_DECIL_INTERMEDIARIO,Aceite Condicional Decil Intermediario (+7.5% premio).,7.5,False,10000.0,10750.0,750.0,0.0,G,D,BAIXISSIMA,1.0,0.0
CNPJ_000243,1.0,0.4266,1,RECUSADO,RGR_K01_RISCO_LIDERANCA_AREA_CRITICA,K01_LIDERANCA_AREA_CRITICA,Recusa Sumaria: Risco de lideranca detectado em area de concentracao altissima de sinistro.,0.0,False,10000.0,0.0,0.0,45000.0,F,,ALTISSIMA,0.0,1.0
CNPJ_000244,1.0,0.1241,2,ACEITO_COM_CONDICAO,RGR_R03_DECIL2_3_CONDICIONAL,ACEITE_CONDICIONAL_DECIL_INTERMEDIARIO,Aceite Condicional Decil Intermediario (+7.5% premio).,7.5,False,10000.0,10750.0,750.0,0.0,N,,BAIXISSIMA,0.0,0.0
CNPJ_000245,1.0,0.1616,1,ACEITO_COM_CONDICAO,RGR_R01_DECIL1_RESGATE_COM_RASTREADOR,RECUPERACAO_COMERCIAL_D1,"Aceite Condicional Decil 1: Perfil de score alto risco, porem mitigado por baixo passivo judicial e geografia favoravel.",15.0,True,10000.0,11500.0,1500.0,0.0,G,D,MEDIA,0.0,0.0
CNPJ_000246,1.0,0.1282,2,ACEITO_COM_CONDICAO,RGR_R03_DECIL2_3_CONDICIONAL,ACEITE_CONDICIONAL_DECIL_INTERMEDIARIO,Aceite Condicional Decil Intermediario (+7.5% premio).,7.5,False,10000.0,10750.0,750.0,0.0,C,E,ALTA,0.0,0.0
CNPJ_000247,1.0,0.2255,1,RECUSADO,RGR_R02_DECIL1_RECUSA_PADRAO,DECIL1_ALTO_RISCO_SEM_MITIGACAO,Recusa por Decil 1 de Risco sem criterios para resgate comercial.,0.0,False,10000.0,0.0,0.0,45000.0,H,,ALTA,0.0,0.0
CNPJ_000248,1.0,0.1488,1,RECUSADO,RGR_R02_DECIL1_RECUSA_PADRAO,DECIL1_ALTO_RISCO_SEM_MITIGACAO,Recusa por Decil 1 de Risco sem criterios para resgate comercial.,0.0,False,10000.0,0.0,0.0,45000.0,G,G,ALTISSIMA,1.0,0.0
CNPJ_000249,1.0,0.1295,2,ACEITO_COM_CONDICAO,RGR_R03_DECIL2_3_CONDICIONAL,ACEITE_CONDICIONAL_DECIL_INTERMEDIARIO,Aceite Condicional Decil Intermediario (+7.5% premio).,7.5,False,10000.0,10750.0,750.0,0.0,G,,ALTISSIMA,0.0,0.0
CNPJ_000250,1.0,0.0929,7,APROVADO,RGR_R04_DECIL4_10_APROVADO,APROVADO_AUTOMATICO_BAIXO_RISCO,Aprovacao Automatica: Risco dentro do apetite da seguradora.,0.0,False,10000.0,10000.0,0.0,0.0,H,B,MEDIA,0.0,0.0
CNPJ_000251,1.0,0.1777,1,ACEITO_COM_CONDICAO,RGR_R01_DECIL1_RESGATE_COM_RASTREADOR,RECUPERACAO_COMERCIAL_D1,"Aceite Condicional Decil 1: Perfil de score alto risco, porem mitigado por baixo passivo judicial e geografia favoravel.",15.0,True,10000.0,11500.0,1500.0,0.0,H,F,BAIXISSIMA,0.0,0.0
CNPJ_000252,1.0,0.1446,1,RECUSADO,RGR_R02_DECIL1_RECUSA_PADRAO,DECIL1_ALTO_RISCO_SEM_MITIGACAO,Recusa por Decil 1 de Risco sem criterios para resgate comercial.,0.0,False,10000.0,0.0,0.0,45000.0,C,F,ALTA,3.0,0.0
CNPJ_000253,1.0,0.1525,1,ACEITO_COM_CONDICAO,RGR_R01_DECIL1_RESGATE_COM_RASTREADOR,RECUPERACAO_COMERCIAL_D1,"Aceite Condicional Decil 1: Perfil de score alto risco, porem mitigado por baixo passivo judicial e geografia favoravel.",15.0,True,10000.0,11500.0,1500.0,0.0,G,H,BAIXISSIMA,3.0,0.0
CNPJ_000254,1.0,0.1505,1,RECUSADO,RGR_R02_DECIL1_RECUSA_PADRAO,DECIL1_ALTO_RISCO_SEM_MITIGACAO,Recusa por Decil 1 de Risco sem criterios para resgate comercial.,0.0,False,10000.0,0.0,0.0,45000.0,C,D,ALTA,0.0,0.0
CNPJ_000255,1.0,0.1183,3,ACEITO_COM_CONDICAO,RGR_R03_DECIL2_3_CONDICIONAL,ACEITE_CONDICIONAL_DECIL_INTERMEDIARIO,Aceite Condicional Decil Intermediario (+7.5% premio).,7.5,False,10000.0,10750.0,750.0,0.0,G,J,ALTA,79.0,0.0
CNPJ_000256,1.0,0.1159,3,ACEITO_COM_CONDICAO,RGR_R03_DECIL2_3_CONDICIONAL,ACEITE_CONDICIONAL_DECIL_INTERMEDIARIO,Aceite Condicional Decil Intermediario (+7.5% premio).,7.5,False,10000.0,10750.0,750.0,0.0,G,,ALTISSIMA,0.0,0.0
CNPJ_000257,1.0,0.0862,8,APROVADO,RGR_R04_DECIL4_10_APROVADO,APROVADO_AUTOMATICO_BAIXO_RISCO,Aprovacao Automatica: Risco dentro do apetite da seguradora.,0.0,False,10000.0,10000.0,0.0,0.0,C,G,ALTA,9.0,0.0
CNPJ_000258,1.0,0.1239,2,ACEITO_COM_CONDICAO,RGR_R03_DECIL2_3_CONDICIONAL,ACEITE_CONDICIONAL_DECIL_INTERMEDIARIO,Aceite Condicional Decil Intermediario (+7.5% premio).,7.5,False,10000.0,10750.0,750.0,0.0,G,C,ALTA,0.0,0.0
CNPJ_000259,1.0,0.1479,1,ACEITO_COM_CONDICAO,RGR_R01_DECIL1_RESGATE_COM_RASTREADOR,RECUPERACAO_COMERCIAL_D1,"Aceite Condicional Decil 1: Perfil de score alto risco, porem mitigado por baixo passivo judicial e geografia favoravel.",15.0,True,10000.0,11500.0,1500.0,0.0,G,B,BAIXISSIMA,1.0,0.0
CNPJ_000260,1.0,0.5436,1,RECUSADO,RGR_R02_DECIL1_RECUSA_PADRAO,DECIL1_ALTO_RISCO_SEM_MITIGACAO,Recusa por Decil 1 de Risco sem criterios para resgate comercial.,0.0,False,10000.0,0.0,0.0,45000.0,I,,ALTA,0.0,0.0
CNPJ_000261,1.0,0.0919,7,APROVADO,RGR_R04_DECIL4_10_APROVADO,APROVADO_AUTOMATICO_BAIXO_RISCO,Aprovacao Automatica: Risco dentro do apetite da seguradora.,0.0,False,10000.0,10000.0,0.0,0.0,F,J,BAIXISSIMA,20.0,0.0
CNPJ_000262,1.0,0.1081,4,APROVADO,RGR_R04_DECIL4_10_APROVADO,APROVADO_AUTOMATICO_BAIXO_RISCO,Aprovacao Automatica: Risco dentro do apetite da seguradora.,0.0,False,10000.0,10000.0,0.0,0.0,C,I,BAIXISSIMA,4.0,0.0
CNPJ_000263,1.0,0.1837,1,RECUSADO,RGR_R02_DECIL1_RECUSA_PADRAO,DECIL1_ALTO_RISCO_SEM_MITIGACAO,Recusa por Decil 1 de Risco sem criterios para resgate comercial.,0.0,False,10000.0,0.0,0.0,45000.0,F,G,ALTA,33.0,0.0
CNPJ_000264,1.0,0.1081,4,APROVADO,RGR_R04_DECIL4_10_APROVADO,APROVADO_AUTOMATICO_BAIXO_RISCO,Aprovacao Automatica: Risco dentro do apetite da seguradora.,0.0,False,10000.0,10000.0,0.0,0.0,N,C,BAIXISSIMA,0.0,0.0
CNPJ_000265,1.0,0.1363,2,ACEITO_COM_CONDICAO,RGR_R03_DECIL2_3_CONDICIONAL,ACEITE_CONDICIONAL_DECIL_INTERMEDIARIO,Aceite Condicional Decil Intermediario (+7.5% premio).,7.5,False,10000.0,10750.0,750.0,0.0,C,D,BAIXISSIMA,0.0,0.0
CNPJ_000266,1.0,0.1391,2,ACEITO_COM_CONDICAO,RGR_R03_DECIL2_3_CONDICIONAL,ACEITE_CONDICIONAL_DECIL_INTERMEDIARIO,Aceite Condicional Decil Intermediario (+7.5% premio).,7.5,False,10000.0,10750.0,750.0,0.0,H,G,ALTA,18.0,0.0
CNPJ_000267,1.0,0.1788,1,ACEITO_COM_CONDICAO,RGR_R01_DECIL1_RESGATE_COM_RASTREADOR,RECUPERACAO_COMERCIAL_D1,"Aceite Condicional Decil 1: Perfil de score alto risco, porem mitigado por baixo passivo judicial e geografia favoravel.",15.0,True,10000.0,11500.0,1500.0,0.0,G,D,BAIXISSIMA,0.0,0.0
CNPJ_000268,1.0,0.2467,1,ACEITO_COM_CONDICAO,RGR_R01_DECIL1_RESGATE_COM_RASTREADOR,RECUPERACAO_COMERCIAL_D1,"Aceite Condicional Decil 1: Perfil de score alto risco, porem mitigado por baixo passivo judicial e geografia favoravel.",15.0,True,10000.0,11500.0,1500.0,0.0,C,I,BAIXISSIMA,4.0,0.0
CNPJ_000269,1.0,0.1372,2,ACEITO_COM_CONDICAO,RGR_R03_DECIL2_3_CONDICIONAL,ACEITE_CONDICIONAL_DECIL_INTERMEDIARIO,Aceite Condicional Decil Intermediario (+7.5% premio).,7.5,False,10000.0,10750.0,750.0,0.0,C,E,BAIXISSIMA,0.0,0.0
CNPJ_000270,1.0,0.1254,2,ACEITO_COM_CONDICAO,RGR_R03_DECIL2_3_CONDICIONAL,ACEITE_CONDICIONAL_DECIL_INTERMEDIARIO,Aceite Condicional Decil Intermediario (+7.5% premio).,7.5,False,10000.0,10750.0,750.0,0.0,F,D,ALTISSIMA,0.0,0.0
CNPJ_000271,1.0,0.1435,1,RECUSADO,RGR_R02_DECIL1_RECUSA_PADRAO,DECIL1_ALTO_RISCO_SEM_MITIGACAO,Recusa por Decil 1 de Risco sem criterios para resgate comercial.,0.0,False,10000.0,0.0,0.0,45000.0,C,J,ALTA,0.0,0.0
CNPJ_000272,1.0,0.1166,3,ACEITO_COM_CONDICAO,RGR_R03_DECIL2_3_CONDICIONAL,ACEITE_CONDICIONAL_DECIL_INTERMEDIARIO,Aceite Condicional Decil Intermediario (+7.5% premio).,7.5,False,10000.0,10750.0,750.0,0.0,G,,ALTA,0.0,0.0
CNPJ_000273,1.0,0.1153,3,ACEITO_COM_CONDICAO,RGR_R03_DECIL2_3_CONDICIONAL,ACEITE_CONDICIONAL_DECIL_INTERMEDIARIO,Aceite Condicional Decil Intermediario (+7.5% premio).,7.5,False,10000.0,10750.0,750.0,0.0,C,J,ALTISSIMA,98.0,
CNPJ_000274,1.0,0.1594,1,RECUSADO,RGR_R02_DECIL1_RECUSA_PADRAO,DECIL1_ALTO_RISCO_SEM_MITIGACAO,Recusa por Decil 1 de Risco sem criterios para resgate comercial.,0.0,False,10000.0,0.0,0.0,45000.0,C,J,ALTISSIMA,13.0,0.0
CNPJ_000275,1.0,0.203,1,ACEITO_COM_CONDICAO,RGR_R01_DECIL1_RESGATE_COM_RASTREADOR,RECUPERACAO_COMERCIAL_D1,"Aceite Condicional Decil 1: Perfil de score alto risco, porem mitigado por baixo passivo judicial e geografia favoravel.",15.0,True,10000.0,11500.0,1500.0,0.0,H,G,BAIXISSIMA,6.0,1.0
CNPJ_000276,1.0,0.0996,6,APROVADO,RGR_R04_DECIL4_10_APROVADO,APROVADO_AUTOMATICO_BAIXO_RISCO,Aprovacao Automatica: Risco dentro do apetite da seguradora.,0.0,False,10000.0,10000.0,0.0,0.0,F,H,ALTISSIMA,11.0,0.0
CNPJ_000277,1.0,0.1146,3,ACEITO_COM_CONDICAO,RGR_R03_DECIL2_3_CONDICIONAL,ACEITE_CONDICIONAL_DECIL_INTERMEDIARIO,Aceite Condicional Decil Intermediario (+7.5% premio).,7.5,False,10000.0,10750.0,750.0,0.0,G,J,ALTA,0.0,0.0
CNPJ_000278,1.0,0.153,1,ACEITO_COM_CONDICAO,RGR_R01_DECIL1_RESGATE_COM_RASTREADOR,RECUPERACAO_COMERCIAL_D1,"Aceite Condicional Decil 1: Perfil de score alto risco, porem mitigado por baixo passivo judicial e geografia favoravel.",15.0,True,10000.0,11500.0,1500.0,0.0,G,D,BAIXISSIMA,1.0,0.0
CNPJ_000279,1.0,0.1096,4,APROVADO,RGR_R04_DECIL4_10_APROVADO,APROVADO_AUTOMATICO_BAIXO_RISCO,Aprovacao Automatica: Risco dentro do apetite da seguradora.,0.0,False,10000.0,10000.0,0.0,0.0,N,,ALTISSIMA,0.0,0.0
CNPJ_000280,1.0,0.2033,1,RECUSADO,RGR_R02_DECIL1_RECUSA_PADRAO,DECIL1_ALTO_RISCO_SEM_MITIGACAO,Recusa por Decil 1 de Risco sem criterios para resgate comercial.,0.0,False,10000.0,0.0,0.0,45000.0,H,C,ALTA,0.0,0.0
CNPJ_000281,1.0,0.1073,5,APROVADO,RGR_R04_DECIL4_10_APROVADO,APROVADO_AUTOMATICO_BAIXO_RISCO,Aprovacao Automatica: Risco dentro do apetite da seguradora.,0.0,False,10000.0,10000.0,0.0,0.0,H,B,BAIXISSIMA,0.0,0.0
CNPJ_000282,1.0,0.1441,1,ACEITO_COM_CONDICAO,RGR_R01_DECIL1_RESGATE_COM_RASTREADOR,RECUPERACAO_COMERCIAL_D1,"Aceite Condicional Decil 1: Perfil de score alto risco, porem mitigado por baixo passivo judicial e geografia favoravel.",15.0,True,10000.0,11500.0,1500.0,0.0,G,,BAIXISSIMA,0.0,0.0
CNPJ_000283,1.0,0.1013,6,APROVADO,RGR_R04_DECIL4_10_APROVADO,APROVADO_AUTOMATICO_BAIXO_RISCO,Aprovacao Automatica: Risco dentro do apetite da seguradora.,0.0,False,10000.0,10000.0,0.0,0.0,N,C,ALTA,0.0,0.0
CNPJ_000284,1.0,0.1624,1,ACEITO_COM_CONDICAO,RGR_R01_DECIL1_RESGATE_COM_RASTREADOR,RECUPERACAO_COMERCIAL_D1,"Aceite Condicional Decil 1: Perfil de score alto risco, porem mitigado por baixo passivo judicial e geografia favoravel.",15.0,True,10000.0,11500.0,1500.0,0.0,G,A,BAIXISSIMA,0.0,0.0
CNPJ_000285,1.0,0.1816,1,RECUSADO,RGR_R02_DECIL1_RECUSA_PADRAO,DECIL1_ALTO_RISCO_SEM_MITIGACAO,Recusa por Decil 1 de Risco sem criterios para resgate comercial.,0.0,False,10000.0,0.0,0.0,45000.0,G,D,ALTA,0.0,0.0
CNPJ_000286,1.0,0.1372,2,ACEITO_COM_CONDICAO,RGR_R03_DECIL2_3_CONDICIONAL,ACEITE_CONDICIONAL_DECIL_INTERMEDIARIO,Aceite Condicional Decil Intermediario (+7.5% premio).,7.5,False,10000.0,10750.0,750.0,0.0,F,F,BAIXISSIMA,0.0,0.0
CNPJ_000287,1.0,0.154,1,ACEITO_COM_CONDICAO,RGR_R01_DECIL1_RESGATE_COM_RASTREADOR,RECUPERACAO_COMERCIAL_D1,"Aceite Condicional Decil 1: Perfil de score alto risco, porem mitigado por baixo passivo judicial e geografia favoravel.",15.0,True,10000.0,11500.0,1500.0,0.0,H,D,MEDIA,0.0,1.0
CNPJ_000288,1.0,0.1745,1,ACEITO_COM_CONDICAO,RGR_R01_DECIL1_RESGATE_COM_RASTREADOR,RECUPERACAO_COMERCIAL_D1,"Aceite Condicional Decil 1: Perfil de score alto risco, porem mitigado por baixo passivo judicial e geografia favoravel.",15.0,True,10000.0,11500.0,1500.0,0.0,N,F,BAIXISSIMA,0.0,0.0
CNPJ_000289,1.0,0.1144,3,ACEITO_COM_CONDICAO,RGR_R03_DECIL2_3_CONDICIONAL,ACEITE_CONDICIONAL_DECIL_INTERMEDIARIO,Aceite Condicional Decil Intermediario (+7.5% premio).,7.5,False,10000.0,10750.0,750.0,0.0,R,C,ALTA,0.0,0.0
CNPJ_000290,1.0,0.2155,1,RECUSADO,RGR_R02_DECIL1_RECUSA_PADRAO,DECIL1_ALTO_RISCO_SEM_MITIGACAO,Recusa por Decil 1 de Risco sem criterios para resgate comercial.,0.0,False,10000.0,0.0,0.0,45000.0,C,G,ALTA,1.0,0.0
CNPJ_000291,1.0,0.3959,1,ACEITO_COM_CONDICAO,RGR_R01_DECIL1_RESGATE_COM_RASTREADOR,RECUPERACAO_COMERCIAL_D1,"Aceite Condicional Decil 1: Perfil de score alto risco, porem mitigado por baixo passivo judicial e geografia favoravel.",15.0,True,10000.0,11500.0,1500.0,0.0,G,D,BAIXISSIMA,0.0,0.0
CNPJ_000292,1.0,0.1127,4,APROVADO,RGR_R04_DECIL4_10_APROVADO,APROVADO_AUTOMATICO_BAIXO_RISCO,Aprovacao Automatica: Risco dentro do apetite da seguradora.,0.0,False,10000.0,10000.0,0.0,0.0,N,F,ALTISSIMA,0.0,0.0
CNPJ_000293,1.0,0.4596,1,ACEITO_COM_CONDICAO,RGR_R01_DECIL1_RESGATE_COM_RASTREADOR,RECUPERACAO_COMERCIAL_D1,"Aceite Condicional Decil 1: Perfil de score alto risco, porem mitigado por baixo passivo judicial e geografia favoravel.",15.0,True,10000.0,11500.0,1500.0,0.0,G,E,BAIXISSIMA,0.0,0.0
CNPJ_000294,1.0,0.2497,1,ACEITO_COM_CONDICAO,RGR_R01_DECIL1_RESGATE_COM_RASTREADOR,RECUPERACAO_COMERCIAL_D1,"Aceite Condicional Decil 1: Perfil de score alto risco, porem mitigado por baixo passivo judicial e geografia favoravel.",15.0,True,10000.0,11500.0,1500.0,0.0,G,C,BAIXISSIMA,1.0,1.0
CNPJ_000295,1.0,0.1388,2,ACEITO_COM_CONDICAO,RGR_R03_DECIL2_3_CONDICIONAL,ACEITE_CONDICIONAL_DECIL_INTERMEDIARIO,Aceite Condicional Decil Intermediario (+7.5% premio).,7.5,False,10000.0,10750.0,750.0,0.0,G,E,BAIXISSIMA,0.0,0.0
CNPJ_000296,1.0,0.3233,1,ACEITO_COM_CONDICAO,RGR_R01_DECIL1_RESGATE_COM_RASTREADOR,RECUPERACAO_COMERCIAL_D1,"Aceite Condicional Decil 1: Perfil de score alto risco, porem mitigado por baixo passivo judicial e geografia favoravel.",15.0,True,10000.0,11500.0,1500.0,0.0,G,D,BAIXISSIMA,0.0,0.0
CNPJ_000297,1.0,0.1138,3,ACEITO_COM_CONDICAO,RGR_R03_DECIL2_3_CONDICIONAL,ACEITE_CONDICIONAL_DECIL_INTERMEDIARIO,Aceite Condicional Decil Intermediario (+7.5% premio).,7.5,False,10000.0,10750.0,750.0,0.0,G,B,MEDIA,0.0,0.0
CNPJ_000298,1.0,0.0939,7,APROVADO,RGR_R04_DECIL4_10_APROVADO,APROVADO_AUTOMATICO_BAIXO_RISCO,Aprovacao Automatica: Risco dentro do apetite da seguradora.,0.0,False,10000.0,10000.0,0.0,0.0,G,I,BAIXISSIMA,5.0,0.0
CNPJ_000299,1.0,0.1672,1,RECUSADO,RGR_K02_EXCESSO_PROCESSOS_JUDICIAIS,K02_JUDICIAL_EXTREMO,Recusa Sumaria: Elevado passivo judicial (> 100 processos como requerido).,0.0,False,10000.0,0.0,0.0,45000.0,G,J,BAIXISSIMA,212.0,0.0
CNPJ_000300,1.0,0.105,5,APROVADO,RGR_R04_DECIL4_10_APROVADO,APROVADO_AUTOMATICO_BAIXO_RISCO,Aprovacao Automatica: Risco dentro do apetite da seguradora.,0.0,False,10000.0,10000.0,0.0,0.0,G,D,ALTA,0.0,0.0
CNPJ_000301,1.0,0.0955,7,APROVADO,RGR_R04_DECIL4_10_APROVADO,APROVADO_AUTOMATICO_BAIXO_RISCO,Aprovacao Automatica: Risco dentro do apetite da seguradora.,0.0,False,10000.0,10000.0,0.0,0.0,G,H,BAIXISSIMA,5.0,0.0
CNPJ_000302,1.0,0.1245,2,ACEITO_COM_CONDICAO,RGR_R03_DECIL2_3_CONDICIONAL,ACEITE_CONDICIONAL_DECIL_INTERMEDIARIO,Aceite Condicional Decil Intermediario (+7.5% premio).,7.5,False,10000.0,10750.0,750.0,0.0,C,D,ALTA,0.0,0.0
CNPJ_000303,1.0,0.1228,2,ACEITO_COM_CONDICAO,RGR_R03_DECIL2_3_CONDICIONAL,ACEITE_CONDICIONAL_DECIL_INTERMEDIARIO,Aceite Condicional Decil Intermediario (+7.5% premio).,7.5,False,10000.0,10750.0,750.0,0.0,G,I,ALTA,26.0,0.0
CNPJ_000304,1.0,0.121,2,RECUSADO,RGR_K01_RISCO_LIDERANCA_AREA_CRITICA,K01_LIDERANCA_AREA_CRITICA,Recusa Sumaria: Risco de lideranca detectado em area de concentracao altissima de sinistro.,0.0,False,10000.0,0.0,0.0,45000.0,G,G,ALTISSIMA,15.0,1.0
CNPJ_000305,1.0,0.1163,3,ACEITO_COM_CONDICAO,RGR_R03_DECIL2_3_CONDICIONAL,ACEITE_CONDICIONAL_DECIL_INTERMEDIARIO,Aceite Condicional Decil Intermediario (+7.5% premio).,7.5,False,10000.0,10750.0,750.0,0.0,G,D,ALTISSIMA,0.0,0.0
CNPJ_000306,1.0,0.2703,1,RECUSADO,RGR_R02_DECIL1_RECUSA_PADRAO,DECIL1_ALTO_RISCO_SEM_MITIGACAO,Recusa por Decil 1 de Risco sem criterios para resgate comercial.,0.0,False,10000.0,0.0,0.0,45000.0,H,A,ALTA,0.0,
CNPJ_000307,1.0,0.2669,1,RECUSADO,RGR_R02_DECIL1_RECUSA_PADRAO,DECIL1_ALTO_RISCO_SEM_MITIGACAO,Recusa por Decil 1 de Risco sem criterios para resgate comercial.,0.0,False,10000.0,0.0,0.0,45000.0,H,,ALTISSIMA,0.0,0.0
CNPJ_000308,1.0,0.1642,1,ACEITO_COM_CONDICAO,RGR_R01_DECIL1_RESGATE_COM_RASTREADOR,RECUPERACAO_COMERCIAL_D1,"Aceite Condicional Decil 1: Perfil de score alto risco, porem mitigado por baixo passivo judicial e geografia favoravel.",15.0,True,10000.0,11500.0,1500.0,0.0,H,A,BAIXISSIMA,0.0,0.0
CNPJ_000309,1.0,0.1218,2,ACEITO_COM_CONDICAO,RGR_R03_DECIL2_3_CONDICIONAL,ACEITE_CONDICIONAL_DECIL_INTERMEDIARIO,Aceite Condicional Decil Intermediario (+7.5% premio).,7.5,False,10000.0,10750.0,750.0,0.0,C,E,BAIXISSIMA,0.0,0.0
CNPJ_000310,1.0,0.0847,9,APROVADO,RGR_R04_DECIL4_10_APROVADO,APROVADO_AUTOMATICO_BAIXO_RISCO,Aprovacao Automatica: Risco dentro do apetite da seguradora.,0.0,False,10000.0,10000.0,0.0,0.0,G,I,BAIXISSIMA,8.0,0.0
CNPJ_000311,1.0,0.1201,3,ACEITO_COM_CONDICAO,RGR_R03_DECIL2_3_CONDICIONAL,ACEITE_CONDICIONAL_DECIL_INTERMEDIARIO,Aceite Condicional Decil Intermediario (+7.5% premio).,7.5,False,10000.0,10750.0,750.0,0.0,N,D,ALTA,0.0,0.0
CNPJ_000312,1.0,0.1014,6,APROVADO,RGR_R04_DECIL4_10_APROVADO,APROVADO_AUTOMATICO_BAIXO_RISCO,Aprovacao Automatica: Risco dentro do apetite da seguradora.,0.0,False,10000.0,10000.0,0.0,0.0,G,G,MEDIA,0.0,1.0
CNPJ_000313,1.0,0.1184,3,ACEITO_COM_CONDICAO,RGR_R03_DECIL2_3_CONDICIONAL,ACEITE_CONDICIONAL_DECIL_INTERMEDIARIO,Aceite Condicional Decil Intermediario (+7.5% premio).,7.5,False,10000.0,10750.0,750.0,0.0,C,E,BAIXISSIMA,0.0,0.0
CNPJ_000314,1.0,0.1347,2,ACEITO_COM_CONDICAO,RGR_R03_DECIL2_3_CONDICIONAL,ACEITE_CONDICIONAL_DECIL_INTERMEDIARIO,Aceite Condicional Decil Intermediario (+7.5% premio).,7.5,False,10000.0,10750.0,750.0,0.0,C,H,ALTISSIMA,3.0,0.0
CNPJ_000315,1.0,0.1229,2,ACEITO_COM_CONDICAO,RGR_R03_DECIL2_3_CONDICIONAL,ACEITE_CONDICIONAL_DECIL_INTERMEDIARIO,Aceite Condicional Decil Intermediario (+7.5% premio).,7.5,False,10000.0,10750.0,750.0,0.0,G,E,ALTA,0.0,1.0
CNPJ_000316,1.0,0.459,1,ACEITO_COM_CONDICAO,RGR_R01_DECIL1_RESGATE_COM_RASTREADOR,RECUPERACAO_COMERCIAL_D1,"Aceite Condicional Decil 1: Perfil de score alto risco, porem mitigado por baixo passivo judicial e geografia favoravel.",15.0,True,10000.0,11500.0,1500.0,0.0,G,B,BAIXISSIMA,0.0,0.0
CNPJ_000317,1.0,0.1155,3,ACEITO_COM_CONDICAO,RGR_R03_DECIL2_3_CONDICIONAL,ACEITE_CONDICIONAL_DECIL_INTERMEDIARIO,Aceite Condicional Decil Intermediario (+7.5% premio).,7.5,False,10000.0,10750.0,750.0,0.0,H,E,ALTA,2.0,0.0
CNPJ_000318,1.0,0.1628,1,RECUSADO,RGR_R02_DECIL1_RECUSA_PADRAO,DECIL1_ALTO_RISCO_SEM_MITIGACAO,Recusa por Decil 1 de Risco sem criterios para resgate comercial.,0.0,False,10000.0,0.0,0.0,45000.0,G,C,ALTISSIMA,0.0,0.0
CNPJ_000319,1.0,0.0906,8,APROVADO,RGR_R04_DECIL4_10_APROVADO,APROVADO_AUTOMATICO_BAIXO_RISCO,Aprovacao Automatica: Risco dentro do apetite da seguradora.,0.0,False,10000.0,10000.0,0.0,0.0,G,H,ALTA,0.0,0.0
CNPJ_000320,1.0,0.0957,7,APROVADO,RGR_R04_DECIL4_10_APROVADO,APROVADO_AUTOMATICO_BAIXO_RISCO,Aprovacao Automatica: Risco dentro do apetite da seguradora.,0.0,False,10000.0,10000.0,0.0,0.0,S,EMPRESA_ISENTA,ALTISSIMA,20.0,
CNPJ_000321,1.0,0.099,6,APROVADO,RGR_R04_DECIL4_10_APROVADO,APROVADO_AUTOMATICO_BAIXO_RISCO,Aprovacao Automatica: Risco dentro do apetite da seguradora.,0.0,False,10000.0,10000.0,0.0,0.0,C,,BAIXISSIMA,0.0,0.0
CNPJ_000322,1.0,0.1192,3,ACEITO_COM_CONDICAO,RGR_R03_DECIL2_3_CONDICIONAL,ACEITE_CONDICIONAL_DECIL_INTERMEDIARIO,Aceite Condicional Decil Intermediario (+7.5% premio).,7.5,False,10000.0,10750.0,750.0,0.0,N,F,ALTISSIMA,0.0,0.0
CNPJ_000323,1.0,0.0903,8,APROVADO,RGR_R04_DECIL4_10_APROVADO,APROVADO_AUTOMATICO_BAIXO_RISCO,Aprovacao Automatica: Risco dentro do apetite da seguradora.,0.0,False,10000.0,10000.0,0.0,0.0,G,B,ALTISSIMA,0.0,0.0
CNPJ_000324,1.0,0.1762,1,RECUSADO,RGR_R02_DECIL1_RECUSA_PADRAO,DECIL1_ALTO_RISCO_SEM_MITIGACAO,Recusa por Decil 1 de Risco sem criterios para resgate comercial.,0.0,False,10000.0,0.0,0.0,45000.0,S,EMPRESA_ISENTA,ALTA,0.0,0.0
CNPJ_000325,1.0,0.1139,3,ACEITO_COM_CONDICAO,RGR_R03_DECIL2_3_CONDICIONAL,ACEITE_CONDICIONAL_DECIL_INTERMEDIARIO,Aceite Condicional Decil Intermediario (+7.5% premio).,7.5,False,10000.0,10750.0,750.0,0.0,C,D,ALTA,0.0,0.0
CNPJ_000326,1.0,0.1264,2,ACEITO_COM_CONDICAO,RGR_R03_DECIL2_3_CONDICIONAL,ACEITE_CONDICIONAL_DECIL_INTERMEDIARIO,Aceite Condicional Decil Intermediario (+7.5% premio).,7.5,False,10000.0,10750.0,750.0,0.0,G,A,ALTA,0.0,0.0
CNPJ_000327,1.0,0.1469,1,RECUSADO,RGR_R02_DECIL1_RECUSA_PADRAO,DECIL1_ALTO_RISCO_SEM_MITIGACAO,Recusa por Decil 1 de Risco sem criterios para resgate comercial.,0.0,False,10000.0,0.0,0.0,45000.0,G,,ALTISSIMA,0.0,0.0
CNPJ_000328,1.0,0.1964,1,RECUSADO,RGR_K02_EXCESSO_PROCESSOS_JUDICIAIS,K02_JUDICIAL_EXTREMO,Recusa Sumaria: Elevado passivo judicial (> 100 processos como requerido).,0.0,False,10000.0,0.0,0.0,45000.0,C,J,ALTISSIMA,142.0,0.0
CNPJ_000329,1.0,0.1135,3,ACEITO_COM_CONDICAO,RGR_R03_DECIL2_3_CONDICIONAL,ACEITE_CONDICIONAL_DECIL_INTERMEDIARIO,Aceite Condicional Decil Intermediario (+7.5% premio).,7.5,False,10000.0,10750.0,750.0,0.0,H,H,,9.0,0.0
CNPJ_000330,1.0,0.132,2,ACEITO_COM_CONDICAO,RGR_R03_DECIL2_3_CONDICIONAL,ACEITE_CONDICIONAL_DECIL_INTERMEDIARIO,Aceite Condicional Decil Intermediario (+7.5% premio).,7.5,False,10000.0,10750.0,750.0,0.0,S,D,BAIXISSIMA,0.0,0.0
CNPJ_000331,1.0,0.148,1,ACEITO_COM_CONDICAO,RGR_R01_DECIL1_RESGATE_COM_RASTREADOR,RECUPERACAO_COMERCIAL_D1,"Aceite Condicional Decil 1: Perfil de score alto risco, porem mitigado por baixo passivo judicial e geografia favoravel.",15.0,True,10000.0,11500.0,1500.0,0.0,F,A,BAIXISSIMA,0.0,0.0
CNPJ_000332,1.0,0.1832,1,RECUSADO,RGR_R02_DECIL1_RECUSA_PADRAO,DECIL1_ALTO_RISCO_SEM_MITIGACAO,Recusa por Decil 1 de Risco sem criterios para resgate comercial.,0.0,False,10000.0,0.0,0.0,45000.0,H,B,ALTA,0.0,0.0
CNPJ_000333,1.0,0.1199,3,ACEITO_COM_CONDICAO,RGR_R03_DECIL2_3_CONDICIONAL,ACEITE_CONDICIONAL_DECIL_INTERMEDIARIO,Aceite Condicional Decil Intermediario (+7.5% premio).,7.5,False,10000.0,10750.0,750.0,0.0,H,I,BAIXISSIMA,11.0,0.0
CNPJ_000334,1.0,0.1431,1,RECUSADO,RGR_R02_DECIL1_RECUSA_PADRAO,DECIL1_ALTO_RISCO_SEM_MITIGACAO,Recusa por Decil 1 de Risco sem criterios para resgate comercial.,0.0,False,10000.0,0.0,0.0,45000.0,G,J,BAIXISSIMA,13.0,0.0
CNPJ_000335,1.0,0.126,2,ACEITO_COM_CONDICAO,RGR_R03_DECIL2_3_CONDICIONAL,ACEITE_CONDICIONAL_DECIL_INTERMEDIARIO,Aceite Condicional Decil Intermediario (+7.5% premio).,7.5,False,10000.0,10750.0,750.0,0.0,G,,ALTISSIMA,0.0,0.0
CNPJ_000336,1.0,0.1376,2,ACEITO_COM_CONDICAO,RGR_R03_DECIL2_3_CONDICIONAL,ACEITE_CONDICIONAL_DECIL_INTERMEDIARIO,Aceite Condicional Decil Intermediario (+7.5% premio).,7.5,False,10000.0,10750.0,750.0,0.0,Q,EMPRESA_ISENTA,BAIXISSIMA,1.0,1.0
CNPJ_000337,1.0,0.1176,3,ACEITO_COM_CONDICAO,RGR_R03_DECIL2_3_CONDICIONAL,ACEITE_CONDICIONAL_DECIL_INTERMEDIARIO,Aceite Condicional Decil Intermediario (+7.5% premio).,7.5,False,10000.0,10750.0,750.0,0.0,C,E,BAIXISSIMA,0.0,1.0
CNPJ_000338,1.0,0.2499,1,ACEITO_COM_CONDICAO,RGR_R01_DECIL1_RESGATE_COM_RASTREADOR,RECUPERACAO_COMERCIAL_D1,"Aceite Condicional Decil 1: Perfil de score alto risco, porem mitigado por baixo passivo judicial e geografia favoravel.",15.0,True,10000.0,11500.0,1500.0,0.0,C,H,BAIXISSIMA,5.0,0.0
CNPJ_000339,1.0,0.1215,2,ACEITO_COM_CONDICAO,RGR_R03_DECIL2_3_CONDICIONAL,ACEITE_CONDICIONAL_DECIL_INTERMEDIARIO,Aceite Condicional Decil Intermediario (+7.5% premio).,7.5,False,10000.0,10750.0,750.0,0.0,E,D,ALTISSIMA,0.0,0.0
CNPJ_000340,1.0,0.1222,2,ACEITO_COM_CONDICAO,RGR_R03_DECIL2_3_CONDICIONAL,ACEITE_CONDICIONAL_DECIL_INTERMEDIARIO,Aceite Condicional Decil Intermediario (+7.5% premio).,7.5,False,10000.0,10750.0,750.0,0.0,C,I,BAIXISSIMA,5.0,0.0
CNPJ_000341,1.0,0.2761,1,RECUSADO,RGR_K01_RISCO_LIDERANCA_AREA_CRITICA,K01_LIDERANCA_AREA_CRITICA,Recusa Sumaria: Risco de lideranca detectado em area de concentracao altissima de sinistro.,0.0,False,10000.0,0.0,0.0,45000.0,S,EMPRESA_ISENTA,ALTISSIMA,0.0,1.0
CNPJ_000342,1.0,0.3729,1,RECUSADO,RGR_K01_RISCO_LIDERANCA_AREA_CRITICA,K01_LIDERANCA_AREA_CRITICA,Recusa Sumaria: Risco de lideranca detectado em area de concentracao altissima de sinistro.,0.0,False,10000.0,0.0,0.0,45000.0,G,J,ALTISSIMA,10476.0,1.0
CNPJ_000343,1.0,0.1458,1,ACEITO_COM_CONDICAO,RGR_R01_DECIL1_RESGATE_COM_RASTREADOR,RECUPERACAO_COMERCIAL_D1,"Aceite Condicional Decil 1: Perfil de score alto risco, porem mitigado por baixo passivo judicial e geografia favoravel.",15.0,True,10000.0,11500.0,1500.0,0.0,A,J,BAIXISSIMA,0.0,
CNPJ_000344,1.0,0.1497,1,RECUSADO,RGR_R02_DECIL1_RECUSA_PADRAO,DECIL1_ALTO_RISCO_SEM_MITIGACAO,Recusa por Decil 1 de Risco sem criterios para resgate comercial.,0.0,False,10000.0,0.0,0.0,45000.0,S,EMPRESA_ISENTA,ALTISSIMA,0.0,
CNPJ_000345,1.0,0.1629,1,RECUSADO,RGR_R02_DECIL1_RECUSA_PADRAO,DECIL1_ALTO_RISCO_SEM_MITIGACAO,Recusa por Decil 1 de Risco sem criterios para resgate comercial.,0.0,False,10000.0,0.0,0.0,45000.0,H,,ALTISSIMA,0.0,0.0
CNPJ_000346,1.0,0.0709,10,APROVADO,RGR_R04_DECIL4_10_APROVADO,APROVADO_AUTOMATICO_BAIXO_RISCO,Aprovacao Automatica: Risco dentro do apetite da seguradora.,0.0,False,10000.0,10000.0,0.0,0.0,,,,,
CNPJ_000347,1.0,0.1132,4,APROVADO,RGR_R04_DECIL4_10_APROVADO,APROVADO_AUTOMATICO_BAIXO_RISCO,Aprovacao Automatica: Risco dentro do apetite da seguradora.,0.0,False,10000.0,10000.0,0.0,0.0,G,F,MEDIA,0.0,0.0
CNPJ_000348,1.0,0.0871,8,APROVADO,RGR_R04_DECIL4_10_APROVADO,APROVADO_AUTOMATICO_BAIXO_RISCO,Aprovacao Automatica: Risco dentro do apetite da seguradora.,0.0,False,10000.0,10000.0,0.0,0.0,S,F,ALTA,9.0,1.0
CNPJ_000349,1.0,0.2459,1,RECUSADO,RGR_R02_DECIL1_RECUSA_PADRAO,DECIL1_ALTO_RISCO_SEM_MITIGACAO,Recusa por Decil 1 de Risco sem criterios para resgate comercial.,0.0,False,10000.0,0.0,0.0,45000.0,H,,ALTA,0.0,0.0
CNPJ_000350,1.0,0.1254,2,ACEITO_COM_CONDICAO,RGR_R03_DECIL2_3_CONDICIONAL,ACEITE_CONDICIONAL_DECIL_INTERMEDIARIO,Aceite Condicional Decil Intermediario (+7.5% premio).,7.5,False,10000.0,10750.0,750.0,0.0,F,,MEDIA,0.0,0.0
CNPJ_000351,1.0,0.1907,1,RECUSADO,RGR_R02_DECIL1_RECUSA_PADRAO,DECIL1_ALTO_RISCO_SEM_MITIGACAO,Recusa por Decil 1 de Risco sem criterios para resgate comercial.,0.0,False,10000.0,0.0,0.0,45000.0,H,,ALTISSIMA,0.0,0.0
CNPJ_000352,1.0,0.11,4,RECUSADO,RGR_K02_EXCESSO_PROCESSOS_JUDICIAIS,K02_JUDICIAL_EXTREMO,Recusa Sumaria: Elevado passivo judicial (> 100 processos como requerido).,0.0,False,10000.0,0.0,0.0,45000.0,G,J,BAIXISSIMA,212.0,0.0
CNPJ_000353,1.0,0.1258,2,ACEITO_COM_CONDICAO,RGR_R03_DECIL2_3_CONDICIONAL,ACEITE_CONDICIONAL_DECIL_INTERMEDIARIO,Aceite Condicional Decil Intermediario (+7.5% premio).,7.5,False,10000.0,10750.0,750.0,0.0,G,E,ALTA,0.0,0.0
CNPJ_000354,1.0,0.1617,1,ACEITO_COM_CONDICAO,RGR_R01_DECIL1_RESGATE_COM_RASTREADOR,RECUPERACAO_COMERCIAL_D1,"Aceite Condicional Decil 1: Perfil de score alto risco, porem mitigado por baixo passivo judicial e geografia favoravel.",15.0,True,10000.0,11500.0,1500.0,0.0,A,C,BAIXISSIMA,5.0,1.0
CNPJ_000355,1.0,0.1956,1,RECUSADO,RGR_R02_DECIL1_RECUSA_PADRAO,DECIL1_ALTO_RISCO_SEM_MITIGACAO,Recusa por Decil 1 de Risco sem criterios para resgate comercial.,0.0,False,10000.0,0.0,0.0,45000.0,H,H,BAIXISSIMA,13.0,0.0
CNPJ_000356,1.0,0.1735,1,ACEITO_COM_CONDICAO,RGR_R01_DECIL1_RESGATE_COM_RASTREADOR,RECUPERACAO_COMERCIAL_D1,"Aceite Condicional Decil 1: Perfil de score alto risco, porem mitigado por baixo passivo judicial e geografia favoravel.",15.0,True,10000.0,11500.0,1500.0,0.0,G,C,BAIXISSIMA,0.0,0.0
CNPJ_000357,1.0,0.1178,3,ACEITO_COM_CONDICAO,RGR_R03_DECIL2_3_CONDICIONAL,ACEITE_CONDICIONAL_DECIL_INTERMEDIARIO,Aceite Condicional Decil Intermediario (+7.5% premio).,7.5,False,10000.0,10750.0,750.0,0.0,G,D,BAIXISSIMA,0.0,0.0
CNPJ_000358,1.0,0.1203,2,ACEITO_COM_CONDICAO,RGR_R03_DECIL2_3_CONDICIONAL,ACEITE_CONDICIONAL_DECIL_INTERMEDIARIO,Aceite Condicional Decil Intermediario (+7.5% premio).,7.5,False,10000.0,10750.0,750.0,0.0,G,G,BAIXISSIMA,4.0,0.0
CNPJ_000359,1.0,0.4596,1,ACEITO_COM_CONDICAO,RGR_R01_DECIL1_RESGATE_COM_RASTREADOR,RECUPERACAO_COMERCIAL_D1,"Aceite Condicional Decil 1: Perfil de score alto risco, porem mitigado por baixo passivo judicial e geografia favoravel.",15.0,True,10000.0,11500.0,1500.0,0.0,G,E,BAIXISSIMA,0.0,0.0
CNPJ_000360,1.0,0.1334,2,ACEITO_COM_CONDICAO,RGR_R03_DECIL2_3_CONDICIONAL,ACEITE_CONDICIONAL_DECIL_INTERMEDIARIO,Aceite Condicional Decil Intermediario (+7.5% premio).,7.5,False,10000.0,10750.0,750.0,0.0,G,E,ALTA,1.0,0.0
CNPJ_000361,1.0,0.1256,2,ACEITO_COM_CONDICAO,RGR_R03_DECIL2_3_CONDICIONAL,ACEITE_CONDICIONAL_DECIL_INTERMEDIARIO,Aceite Condicional Decil Intermediario (+7.5% premio).,7.5,False,10000.0,10750.0,750.0,0.0,G,C,ALTISSIMA,0.0,0.0
CNPJ_000362,1.0,0.1923,1,RECUSADO,RGR_R02_DECIL1_RECUSA_PADRAO,DECIL1_ALTO_RISCO_SEM_MITIGACAO,Recusa por Decil 1 de Risco sem criterios para resgate comercial.,0.0,False,10000.0,0.0,0.0,45000.0,A,B,,0.0,0.0
CNPJ_000363,1.0,0.1706,1,RECUSADO,RGR_R02_DECIL1_RECUSA_PADRAO,DECIL1_ALTO_RISCO_SEM_MITIGACAO,Recusa por Decil 1 de Risco sem criterios para resgate comercial.,0.0,False,10000.0,0.0,0.0,45000.0,N,J,ALTISSIMA,1.0,0.0
CNPJ_000364,1.0,0.1356,2,ACEITO_COM_CONDICAO,RGR_R03_DECIL2_3_CONDICIONAL,ACEITE_CONDICIONAL_DECIL_INTERMEDIARIO,Aceite Condicional Decil Intermediario (+7.5% premio).,7.5,False,10000.0,10750.0,750.0,0.0,N,B,BAIXISSIMA,0.0,0.0
CNPJ_000365,1.0,0.0928,7,APROVADO,RGR_R04_DECIL4_10_APROVADO,APROVADO_AUTOMATICO_BAIXO_RISCO,Aprovacao Automatica: Risco dentro do apetite da seguradora.,0.0,False,10000.0,10000.0,0.0,0.0,G,A,ALTA,0.0,0.0
CNPJ_000366,1.0,0.1203,2,ACEITO_COM_CONDICAO,RGR_R03_DECIL2_3_CONDICIONAL,ACEITE_CONDICIONAL_DECIL_INTERMEDIARIO,Aceite Condicional Decil Intermediario (+7.5% premio).,7.5,False,10000.0,10750.0,750.0,0.0,G,G,BAIXISSIMA,3.0,1.0
CNPJ_000367,1.0,0.2319,1,RECUSADO,RGR_R02_DECIL1_RECUSA_PADRAO,DECIL1_ALTO_RISCO_SEM_MITIGACAO,Recusa por Decil 1 de Risco sem criterios para resgate comercial.,0.0,False,10000.0,0.0,0.0,45000.0,Q,I,ALTISSIMA,58.0,0.0
CNPJ_000368,1.0,0.109,4,APROVADO,RGR_R04_DECIL4_10_APROVADO,APROVADO_AUTOMATICO_BAIXO_RISCO,Aprovacao Automatica: Risco dentro do apetite da seguradora.,0.0,False,10000.0,10000.0,0.0,0.0,H,G,ALTA,5.0,0.0
CNPJ_000369,1.0,0.1077,4,APROVADO,RGR_R04_DECIL4_10_APROVADO,APROVADO_AUTOMATICO_BAIXO_RISCO,Aprovacao Automatica: Risco dentro do apetite da seguradora.,0.0,False,10000.0,10000.0,0.0,0.0,H,,ALTISSIMA,0.0,0.0
CNPJ_000370,1.0,0.258,1,RECUSADO,RGR_R02_DECIL1_RECUSA_PADRAO,DECIL1_ALTO_RISCO_SEM_MITIGACAO,Recusa por Decil 1 de Risco sem criterios para resgate comercial.,0.0,False,10000.0,0.0,0.0,45000.0,H,A,ALTA,1.0,0.0
CNPJ_000371,1.0,0.1221,2,ACEITO_COM_CONDICAO,RGR_R03_DECIL2_3_CONDICIONAL,ACEITE_CONDICIONAL_DECIL_INTERMEDIARIO,Aceite Condicional Decil Intermediario (+7.5% premio).,7.5,False,10000.0,10750.0,750.0,0.0,C,H,ALTA,0.0,0.0
CNPJ_000372,1.0,0.1297,2,ACEITO_COM_CONDICAO,RGR_R03_DECIL2_3_CONDICIONAL,ACEITE_CONDICIONAL_DECIL_INTERMEDIARIO,Aceite Condicional Decil Intermediario (+7.5% premio).,7.5,False,10000.0,10750.0,750.0,0.0,F,E,BAIXISSIMA,0.0,0.0
CNPJ_000373,1.0,0.1273,2,ACEITO_COM_CONDICAO,RGR_R03_DECIL2_3_CONDICIONAL,ACEITE_CONDICIONAL_DECIL_INTERMEDIARIO,Aceite Condicional Decil Intermediario (+7.5% premio).,7.5,False,10000.0,10750.0,750.0,0.0,G,H,ALTA,1.0,0.0
CNPJ_000374,1.0,0.1415,1,ACEITO_COM_CONDICAO,RGR_R01_DECIL1_RESGATE_COM_RASTREADOR,RECUPERACAO_COMERCIAL_D1,"Aceite Condicional Decil 1: Perfil de score alto risco, porem mitigado por baixo passivo judicial e geografia favoravel.",15.0,True,10000.0,11500.0,1500.0,0.0,G,F,BAIXISSIMA,0.0,0.0
CNPJ_000375,1.0,0.3271,1,RECUSADO,RGR_R02_DECIL1_RECUSA_PADRAO,DECIL1_ALTO_RISCO_SEM_MITIGACAO,Recusa por Decil 1 de Risco sem criterios para resgate comercial.,0.0,False,10000.0,0.0,0.0,45000.0,G,G,ALTISSIMA,0.0,0.0
CNPJ_000376,1.0,0.1633,1,ACEITO_COM_CONDICAO,RGR_R01_DECIL1_RESGATE_COM_RASTREADOR,RECUPERACAO_COMERCIAL_D1,"Aceite Condicional Decil 1: Perfil de score alto risco, porem mitigado por baixo passivo judicial e geografia favoravel.",15.0,True,10000.0,11500.0,1500.0,0.0,H,,BAIXISSIMA,0.0,0.0
CNPJ_000377,1.0,0.1321,2,ACEITO_COM_CONDICAO,RGR_R03_DECIL2_3_CONDICIONAL,ACEITE_CONDICIONAL_DECIL_INTERMEDIARIO,Aceite Condicional Decil Intermediario (+7.5% premio).,7.5,False,10000.0,10750.0,750.0,0.0,N,,BAIXISSIMA,0.0,0.0
CNPJ_000378,1.0,0.1191,3,ACEITO_COM_CONDICAO,RGR_R03_DECIL2_3_CONDICIONAL,ACEITE_CONDICIONAL_DECIL_INTERMEDIARIO,Aceite Condicional Decil Intermediario (+7.5% premio).,7.5,False,10000.0,10750.0,750.0,0.0,F,E,ALTISSIMA,4.0,0.0
CNPJ_000379,1.0,0.1751,1,ACEITO_COM_CONDICAO,RGR_R01_DECIL1_RESGATE_COM_RASTREADOR,RECUPERACAO_COMERCIAL_D1,"Aceite Condicional Decil 1: Perfil de score alto risco, porem mitigado por baixo passivo judicial e geografia favoravel.",15.0,True,10000.0,11500.0,1500.0,0.0,H,A,BAIXISSIMA,0.0,0.0
CNPJ_000380,1.0,0.1352,2,ACEITO_COM_CONDICAO,RGR_R03_DECIL2_3_CONDICIONAL,ACEITE_CONDICIONAL_DECIL_INTERMEDIARIO,Aceite Condicional Decil Intermediario (+7.5% premio).,7.5,False,10000.0,10750.0,750.0,0.0,C,I,ALTA,1.0,0.0
CNPJ_000381,1.0,0.1439,1,RECUSADO,RGR_R02_DECIL1_RECUSA_PADRAO,DECIL1_ALTO_RISCO_SEM_MITIGACAO,Recusa por Decil 1 de Risco sem criterios para resgate comercial.,0.0,False,10000.0,0.0,0.0,45000.0,S,EMPRESA_ISENTA,BAIXISSIMA,28.0,0.0
CNPJ_000382,0.0,0.0904,8,APROVADO,RGR_R04_DECIL4_10_APROVADO,APROVADO_AUTOMATICO_BAIXO_RISCO,Aprovacao Automatica: Risco dentro do apetite da seguradora.,0.0,False,10000.0,10000.0,0.0,0.0,C,A,ALTISSIMA,0.0,0.0
CNPJ_000383,0.0,0.0659,10,APROVADO,RGR_R04_DECIL4_10_APROVADO,APROVADO_AUTOMATICO_BAIXO_RISCO,Aprovacao Automatica: Risco dentro do apetite da seguradora.,0.0,False,10000.0,10000.0,0.0,0.0,H,F,ALTA,2.0,0.0
CNPJ_000384,0.0,0.0844,9,APROVADO,RGR_R04_DECIL4_10_APROVADO,APROVADO_AUTOMATICO_BAIXO_RISCO,Aprovacao Automatica: Risco dentro do apetite da seguradora.,0.0,False,10000.0,10000.0,0.0,0.0,G,A,ALTA,0.0,0.0
CNPJ_000385,0.0,0.0826,9,APROVADO,RGR_R04_DECIL4_10_APROVADO,APROVADO_AUTOMATICO_BAIXO_RISCO,Aprovacao Automatica: Risco dentro do apetite da seguradora.,0.0,False,10000.0,10000.0,0.0,0.0,H,A,BAIXISSIMA,0.0,0.0
CNPJ_000386,0.0,0.0984,6,APROVADO,RGR_R04_DECIL4_10_APROVADO,APROVADO_AUTOMATICO_BAIXO_RISCO,Aprovacao Automatica: Risco dentro do apetite da seguradora.,0.0,False,10000.0,10000.0,0.0,0.0,G,J,ALTA,7.0,1.0
CNPJ_000387,0.0,0.1131,4,APROVADO,RGR_R04_DECIL4_10_APROVADO,APROVADO_AUTOMATICO_BAIXO_RISCO,Aprovacao Automatica: Risco dentro do apetite da seguradora.,0.0,False,10000.0,10000.0,0.0,0.0,I,B,BAIXISSIMA,0.0,0.0
CNPJ_000388,0.0,0.092,7,APROVADO,RGR_R04_DECIL4_10_APROVADO,APROVADO_AUTOMATICO_BAIXO_RISCO,Aprovacao Automatica: Risco dentro do apetite da seguradora.,0.0,False,10000.0,10000.0,0.0,0.0,G,D,ALTISSIMA,3.0,0.0
CNPJ_000389,0.0,0.0861,8,APROVADO,RGR_R04_DECIL4_10_APROVADO,APROVADO_AUTOMATICO_BAIXO_RISCO,Aprovacao Automatica: Risco dentro do apetite da seguradora.,0.0,False,10000.0,10000.0,0.0,0.0,C,D,ALTA,14.0,0.0
CNPJ_000390,0.0,0.1419,1,RECUSADO,RGR_R02_DECIL1_RECUSA_PADRAO,DECIL1_ALTO_RISCO_SEM_MITIGACAO,Recusa por Decil 1 de Risco sem criterios para resgate comercial.,0.0,False,10000.0,0.0,0.0,0.0,F,G,ALTA,0.0,0.0
CNPJ_000391,0.0,0.1001,6,APROVADO,RGR_R04_DECIL4_10_APROVADO,APROVADO_AUTOMATICO_BAIXO_RISCO,Aprovacao Automatica: Risco dentro do apetite da seguradora.,0.0,False,10000.0,10000.0,0.0,0.0,N,,BAIXISSIMA,0.0,0.0
CNPJ_000392,0.0,0.0777,9,APROVADO,RGR_R04_DECIL4_10_APROVADO,APROVADO_AUTOMATICO_BAIXO_RISCO,Aprovacao Automatica: Risco dentro do apetite da seguradora.,0.0,False,10000.0,10000.0,0.0,0.0,M,J,ALTISSIMA,12.0,0.0
CNPJ_000393,0.0,0.0932,7,APROVADO,RGR_R04_DECIL4_10_APROVADO,APROVADO_AUTOMATICO_BAIXO_RISCO,Aprovacao Automatica: Risco dentro do apetite da seguradora.,0.0,False,10000.0,10000.0,0.0,0.0,F,G,ALTA,0.0,0.0
CNPJ_000394,0.0,0.0859,8,APROVADO,RGR_R04_DECIL4_10_APROVADO,APROVADO_AUTOMATICO_BAIXO_RISCO,Aprovacao Automatica: Risco dentro do apetite da seguradora.,0.0,False,10000.0,10000.0,0.0,0.0,F,J,ALTA,20.0,0.0
CNPJ_000395,0.0,0.085,9,APROVADO,RGR_R04_DECIL4_10_APROVADO,APROVADO_AUTOMATICO_BAIXO_RISCO,Aprovacao Automatica: Risco dentro do apetite da seguradora.,0.0,False,10000.0,10000.0,0.0,0.0,G,F,ALTA,29.0,0.0
CNPJ_000396,0.0,0.0973,7,APROVADO,RGR_R04_DECIL4_10_APROVADO,APROVADO_AUTOMATICO_BAIXO_RISCO,Aprovacao Automatica: Risco dentro do apetite da seguradora.,0.0,False,10000.0,10000.0,0.0,0.0,M,G,ALTISSIMA,1.0,0.0
CNPJ_000397,0.0,0.1025,5,APROVADO,RGR_R04_DECIL4_10_APROVADO,APROVADO_AUTOMATICO_BAIXO_RISCO,Aprovacao Automatica: Risco dentro do apetite da seguradora.,0.0,False,10000.0,10000.0,0.0,0.0,C,D,ALTA,1.0,0.0
CNPJ_000398,0.0,0.1068,5,APROVADO,RGR_R04_DECIL4_10_APROVADO,APROVADO_AUTOMATICO_BAIXO_RISCO,Aprovacao Automatica: Risco dentro do apetite da seguradora.,0.0,False,10000.0,10000.0,0.0,0.0,N,G,ALTA,11.0,0.0
CNPJ_000399,0.0,0.1073,5,APROVADO,RGR_R04_DECIL4_10_APROVADO,APROVADO_AUTOMATICO_BAIXO_RISCO,Aprovacao Automatica: Risco dentro do apetite da seguradora.,0.0,False,10000.0,10000.0,0.0,0.0,G,A,BAIXISSIMA,0.0,0.0
CNPJ_000400,0.0,0.0949,7,APROVADO,RGR_R04_DECIL4_10_APROVADO,APROVADO_AUTOMATICO_BAIXO_RISCO,Aprovacao Automatica: Risco dentro do apetite da seguradora.,0.0,False,10000.0,10000.0,0.0,0.0,H,F,MEDIA,10.0,0.0
CNPJ_000401,0.0,0.0995,6,APROVADO,RGR_R04_DECIL4_10_APROVADO,APROVADO_AUTOMATICO_BAIXO_RISCO,Aprovacao Automatica: Risco dentro do apetite da seguradora.,0.0,False,10000.0,10000.0,0.0,0.0,H,I,,1.0,0.0
CNPJ_000402,0.0,0.0446,10,APROVADO,RGR_R04_DECIL4_10_APROVADO,APROVADO_AUTOMATICO_BAIXO_RISCO,Aprovacao Automatica: Risco dentro do apetite da seguradora.,0.0,False,10000.0,10000.0,0.0,0.0,G,J,ALTA,23.0,0.0
CNPJ_000403,0.0,0.1013,6,APROVADO,RGR_R04_DECIL4_10_APROVADO,APROVADO_AUTOMATICO_BAIXO_RISCO,Aprovacao Automatica: Risco dentro do apetite da seguradora.,0.0,False,10000.0,10000.0,0.0,0.0,N,C,ALTA,0.0,0.0
CNPJ_000404,0.0,0.0977,6,APROVADO,RGR_R04_DECIL4_10_APROVADO,APROVADO_AUTOMATICO_BAIXO_RISCO,Aprovacao Automatica: Risco dentro do apetite da seguradora.,0.0,False,10000.0,10000.0,0.0,0.0,G,,MEDIA,0.0,
CNPJ_000405,0.0,0.0709,10,APROVADO,RGR_R04_DECIL4_10_APROVADO,APROVADO_AUTOMATICO_BAIXO_RISCO,Aprovacao Automatica: Risco dentro do apetite da seguradora.,0.0,False,10000.0,10000.0,0.0,0.0,,,,,
CNPJ_000406,0.0,0.1,6,RECUSADO,RGR_K02_EXCESSO_PROCESSOS_JUDICIAIS,K02_JUDICIAL_EXTREMO,Recusa Sumaria: Elevado passivo judicial (> 100 processos como requerido).,0.0,False,10000.0,0.0,0.0,0.0,C,J,BAIXISSIMA,155.0,0.0
CNPJ_000407,0.0,0.2154,1,RECUSADO,RGR_R02_DECIL1_RECUSA_PADRAO,DECIL1_ALTO_RISCO_SEM_MITIGACAO,Recusa por Decil 1 de Risco sem criterios para resgate comercial.,0.0,False,10000.0,0.0,0.0,0.0,H,I,BAIXISSIMA,15.0,0.0
CNPJ_000408,0.0,0.0885,8,APROVADO,RGR_R04_DECIL4_10_APROVADO,APROVADO_AUTOMATICO_BAIXO_RISCO,Aprovacao Automatica: Risco dentro do apetite da seguradora.,0.0,False,10000.0,10000.0,0.0,0.0,C,J,MEDIA,19.0,0.0
CNPJ_000409,0.0,0.0912,8,APROVADO,RGR_R04_DECIL4_10_APROVADO,APROVADO_AUTOMATICO_BAIXO_RISCO,Aprovacao Automatica: Risco dentro do apetite da seguradora.,0.0,False,10000.0,10000.0,0.0,0.0,C,F,,2.0,0.0
CNPJ_000410,0.0,0.0957,7,APROVADO,RGR_R04_DECIL4_10_APROVADO,APROVADO_AUTOMATICO_BAIXO_RISCO,Aprovacao Automatica: Risco dentro do apetite da seguradora.,0.0,False,10000.0,10000.0,0.0,0.0,C,J,MEDIA,5.0,0.0
CNPJ_000411,0.0,0.0875,8,APROVADO,RGR_R04_DECIL4_10_APROVADO,APROVADO_AUTOMATICO_BAIXO_RISCO,Aprovacao Automatica: Risco dentro do apetite da seguradora.,0.0,False,10000.0,10000.0,0.0,0.0,A,F,BAIXISSIMA,0.0,0.0
CNPJ_000412,0.0,0.0848,9,APROVADO,RGR_R04_DECIL4_10_APROVADO,APROVADO_AUTOMATICO_BAIXO_RISCO,Aprovacao Automatica: Risco dentro do apetite da seguradora.,0.0,False,10000.0,10000.0,0.0,0.0,G,,ALTA,0.0,0.0
CNPJ_000413,0.0,0.0911,8,APROVADO,RGR_R04_DECIL4_10_APROVADO,APROVADO_AUTOMATICO_BAIXO_RISCO,Aprovacao Automatica: Risco dentro do apetite da seguradora.,0.0,False,10000.0,10000.0,0.0,0.0,F,D,ALTA,0.0,0.0
CNPJ_000414,0.0,0.0978,6,APROVADO,RGR_R04_DECIL4_10_APROVADO,APROVADO_AUTOMATICO_BAIXO_RISCO,Aprovacao Automatica: Risco dentro do apetite da seguradora.,0.0,False,10000.0,10000.0,0.0,0.0,G,F,BAIXISSIMA,0.0,0.0
CNPJ_000415,0.0,0.0976,6,RECUSADO,RGR_K02_EXCESSO_PROCESSOS_JUDICIAIS,K02_JUDICIAL_EXTREMO,Recusa Sumaria: Elevado passivo judicial (> 100 processos como requerido).,0.0,False,10000.0,0.0,0.0,0.0,K,J,BAIXISSIMA,926.0,0.0
CNPJ_000416,0.0,0.106,5,APROVADO,RGR_R04_DECIL4_10_APROVADO,APROVADO_AUTOMATICO_BAIXO_RISCO,Aprovacao Automatica: Risco dentro do apetite da seguradora.,0.0,False,10000.0,10000.0,0.0,0.0,C,I,ALTA,1.0,0.0
CNPJ_000417,0.0,0.0709,10,APROVADO,RGR_R04_DECIL4_10_APROVADO,APROVADO_AUTOMATICO_BAIXO_RISCO,Aprovacao Automatica: Risco dentro do apetite da seguradora.,0.0,False,10000.0,10000.0,0.0,0.0,,,,,
CNPJ_000418,0.0,0.0843,9,APROVADO,RGR_R04_DECIL4_10_APROVADO,APROVADO_AUTOMATICO_BAIXO_RISCO,Aprovacao Automatica: Risco dentro do apetite da seguradora.,0.0,False,10000.0,10000.0,0.0,0.0,S,EMPRESA_ISENTA,BAIXISSIMA,2.0,0.0
CNPJ_000419,0.0,0.1083,4,RECUSADO,RGR_K02_EXCESSO_PROCESSOS_JUDICIAIS,K02_JUDICIAL_EXTREMO,Recusa Sumaria: Elevado passivo judicial (> 100 processos como requerido).,0.0,False,10000.0,0.0,0.0,0.0,G,J,ALTA,212.0,0.0
CNPJ_000420,0.0,0.0886,8,APROVADO,RGR_R04_DECIL4_10_APROVADO,APROVADO_AUTOMATICO_BAIXO_RISCO,Aprovacao Automatica: Risco dentro do apetite da seguradora.,0.0,False,10000.0,10000.0,0.0,0.0,C,H,ALTA,10.0,0.0
CNPJ_000421,0.0,0.1069,5,APROVADO,RGR_R04_DECIL4_10_APROVADO,APROVADO_AUTOMATICO_BAIXO_RISCO,Aprovacao Automatica: Risco dentro do apetite da seguradora.,0.0,False,10000.0,10000.0,0.0,0.0,N,F,BAIXISSIMA,1.0,0.0
CNPJ_000422,0.0,0.1041,5,APROVADO,RGR_R04_DECIL4_10_APROVADO,APROVADO_AUTOMATICO_BAIXO_RISCO,Aprovacao Automatica: Risco dentro do apetite da seguradora.,0.0,False,10000.0,10000.0,0.0,0.0,G,F,ALTA,2.0,0.0
CNPJ_000423,0.0,0.0839,9,APROVADO,RGR_R04_DECIL4_10_APROVADO,APROVADO_AUTOMATICO_BAIXO_RISCO,Aprovacao Automatica: Risco dentro do apetite da seguradora.,0.0,False,10000.0,10000.0,0.0,0.0,G,F,MEDIA,2.0,0.0
CNPJ_000424,0.0,0.0971,7,APROVADO,RGR_R04_DECIL4_10_APROVADO,APROVADO_AUTOMATICO_BAIXO_RISCO,Aprovacao Automatica: Risco dentro do apetite da seguradora.,0.0,False,10000.0,10000.0,0.0,0.0,C,H,ALTA,0.0,0.0
CNPJ_000425,0.0,0.1098,4,APROVADO,RGR_R04_DECIL4_10_APROVADO,APROVADO_AUTOMATICO_BAIXO_RISCO,Aprovacao Automatica: Risco dentro do apetite da seguradora.,0.0,False,10000.0,10000.0,0.0,0.0,S,EMPRESA_ISENTA,MEDIA,1.0,
CNPJ_000426,0.0,0.0742,10,APROVADO,RGR_R04_DECIL4_10_APROVADO,APROVADO_AUTOMATICO_BAIXO_RISCO,Aprovacao Automatica: Risco dentro do apetite da seguradora.,0.0,False,10000.0,10000.0,0.0,0.0,H,,,0.0,0.0
CNPJ_000427,0.0,0.0767,10,APROVADO,RGR_R04_DECIL4_10_APROVADO,APROVADO_AUTOMATICO_BAIXO_RISCO,Aprovacao Automatica: Risco dentro do apetite da seguradora.,0.0,False,10000.0,10000.0,0.0,0.0,C,J,ALTA,34.0,0.0
CNPJ_000428,0.0,0.1168,3,ACEITO_COM_CONDICAO,RGR_R03_DECIL2_3_CONDICIONAL,ACEITE_CONDICIONAL_DECIL_INTERMEDIARIO,Aceite Condicional Decil Intermediario (+7.5% premio).,7.5,False,10000.0,10750.0,750.0,0.0,C,H,BAIXISSIMA,2.0,0.0
CNPJ_000429,0.0,0.1105,4,APROVADO,RGR_R04_DECIL4_10_APROVADO,APROVADO_AUTOMATICO_BAIXO_RISCO,Aprovacao Automatica: Risco dentro do apetite da seguradora.,0.0,False,10000.0,10000.0,0.0,0.0,S,EMPRESA_ISENTA,BAIXISSIMA,0.0,
CNPJ_000430,0.0,0.1181,3,ACEITO_COM_CONDICAO,RGR_R03_DECIL2_3_CONDICIONAL,ACEITE_CONDICIONAL_DECIL_INTERMEDIARIO,Aceite Condicional Decil Intermediario (+7.5% premio).,7.5,False,10000.0,10750.0,750.0,0.0,G,D,ALTISSIMA,0.0,0.0
CNPJ_000431,0.0,0.0795,9,APROVADO,RGR_R04_DECIL4_10_APROVADO,APROVADO_AUTOMATICO_BAIXO_RISCO,Aprovacao Automatica: Risco dentro do apetite da seguradora.,0.0,False,10000.0,10000.0,0.0,0.0,H,I,ALTISSIMA,42.0,0.0
CNPJ_000432,0.0,0.082,9,APROVADO,RGR_R04_DECIL4_10_APROVADO,APROVADO_AUTOMATICO_BAIXO_RISCO,Aprovacao Automatica: Risco dentro do apetite da seguradora.,0.0,False,10000.0,10000.0,0.0,0.0,F,H,ALTISSIMA,11.0,0.0
CNPJ_000433,0.0,0.1023,5,APROVADO,RGR_R04_DECIL4_10_APROVADO,APROVADO_AUTOMATICO_BAIXO_RISCO,Aprovacao Automatica: Risco dentro do apetite da seguradora.,0.0,False,10000.0,10000.0,0.0,0.0,G,B,BAIXISSIMA,0.0,0.0
CNPJ_000434,0.0,0.0976,6,APROVADO,RGR_R04_DECIL4_10_APROVADO,APROVADO_AUTOMATICO_BAIXO_RISCO,Aprovacao Automatica: Risco dentro do apetite da seguradora.,0.0,False,10000.0,10000.0,0.0,0.0,N,F,ALTA,0.0,0.0
CNPJ_000435,0.0,0.1269,2,ACEITO_COM_CONDICAO,RGR_R03_DECIL2_3_CONDICIONAL,ACEITE_CONDICIONAL_DECIL_INTERMEDIARIO,Aceite Condicional Decil Intermediario (+7.5% premio).,7.5,False,10000.0,10750.0,750.0,0.0,M,B,ALTA,0.0,0.0
CNPJ_000436,0.0,0.0603,10,APROVADO,RGR_R04_DECIL4_10_APROVADO,APROVADO_AUTOMATICO_BAIXO_RISCO,Aprovacao Automatica: Risco dentro do apetite da seguradora.,0.0,False,10000.0,10000.0,0.0,0.0,C,J,ALTISSIMA,6.0,0.0
CNPJ_000437,0.0,0.1122,4,APROVADO,RGR_R04_DECIL4_10_APROVADO,APROVADO_AUTOMATICO_BAIXO_RISCO,Aprovacao Automatica: Risco dentro do apetite da seguradora.,0.0,False,10000.0,10000.0,0.0,0.0,S,C,ALTA,0.0,0.0
CNPJ_000438,0.0,0.1129,4,APROVADO,RGR_R04_DECIL4_10_APROVADO,APROVADO_AUTOMATICO_BAIXO_RISCO,Aprovacao Automatica: Risco dentro do apetite da seguradora.,0.0,False,10000.0,10000.0,0.0,0.0,C,G,ALTA,5.0,0.0
CNPJ_000439,0.0,0.085,9,APROVADO,RGR_R04_DECIL4_10_APROVADO,APROVADO_AUTOMATICO_BAIXO_RISCO,Aprovacao Automatica: Risco dentro do apetite da seguradora.,0.0,False,10000.0,10000.0,0.0,0.0,H,D,BAIXISSIMA,0.0,0.0
CNPJ_000440,0.0,0.0946,7,APROVADO,RGR_R04_DECIL4_10_APROVADO,APROVADO_AUTOMATICO_BAIXO_RISCO,Aprovacao Automatica: Risco dentro do apetite da seguradora.,0.0,False,10000.0,10000.0,0.0,0.0,N,C,BAIXISSIMA,0.0,0.0
CNPJ_000441,0.0,0.0994,6,RECUSADO,RGR_K02_EXCESSO_PROCESSOS_JUDICIAIS,K02_JUDICIAL_EXTREMO,Recusa Sumaria: Elevado passivo judicial (> 100 processos como requerido).,0.0,False,10000.0,0.0,0.0,0.0,H,J,MEDIA,155.0,1.0
CNPJ_000442,0.0,0.0915,8,APROVADO,RGR_R04_DECIL4_10_APROVADO,APROVADO_AUTOMATICO_BAIXO_RISCO,Aprovacao Automatica: Risco dentro do apetite da seguradora.,0.0,False,10000.0,10000.0,0.0,0.0,N,B,ALTA,0.0,0.0
CNPJ_000443,0.0,0.0818,9,APROVADO,RGR_R04_DECIL4_10_APROVADO,APROVADO_AUTOMATICO_BAIXO_RISCO,Aprovacao Automatica: Risco dentro do apetite da seguradora.,0.0,False,10000.0,10000.0,0.0,0.0,C,J,ALTA,51.0,0.0
CNPJ_000444,0.0,0.108,4,APROVADO,RGR_R04_DECIL4_10_APROVADO,APROVADO_AUTOMATICO_BAIXO_RISCO,Aprovacao Automatica: Risco dentro do apetite da seguradora.,0.0,False,10000.0,10000.0,0.0,0.0,Q,EMPRESA_ISENTA,ALTISSIMA,0.0,
CNPJ_000445,0.0,0.0961,7,APROVADO,RGR_R04_DECIL4_10_APROVADO,APROVADO_AUTOMATICO_BAIXO_RISCO,Aprovacao Automatica: Risco dentro do apetite da seguradora.,0.0,False,10000.0,10000.0,0.0,0.0,N,C,ALTA,0.0,
CNPJ_000446,0.0,0.1332,2,ACEITO_COM_CONDICAO,RGR_R03_DECIL2_3_CONDICIONAL,ACEITE_CONDICIONAL_DECIL_INTERMEDIARIO,Aceite Condicional Decil Intermediario (+7.5% premio).,7.5,False,10000.0,10750.0,750.0,0.0,N,H,ALTA,0.0,0.0
CNPJ_000447,0.0,0.122,2,ACEITO_COM_CONDICAO,RGR_R03_DECIL2_3_CONDICIONAL,ACEITE_CONDICIONAL_DECIL_INTERMEDIARIO,Aceite Condicional Decil Intermediario (+7.5% premio).,7.5,False,10000.0,10750.0,750.0,0.0,G,C,BAIXISSIMA,0.0,0.0
CNPJ_000448,0.0,0.0791,9,APROVADO,RGR_R04_DECIL4_10_APROVADO,APROVADO_AUTOMATICO_BAIXO_RISCO,Aprovacao Automatica: Risco dentro do apetite da seguradora.,0.0,False,10000.0,10000.0,0.0,0.0,L,E,,1.0,0.0
CNPJ_000449,0.0,0.0861,8,APROVADO,RGR_R04_DECIL4_10_APROVADO,APROVADO_AUTOMATICO_BAIXO_RISCO,Aprovacao Automatica: Risco dentro do apetite da seguradora.,0.0,False,10000.0,10000.0,0.0,0.0,G,,ALTISSIMA,0.0,
CNPJ_000450,0.0,0.1257,2,ACEITO_COM_CONDICAO,RGR_R03_DECIL2_3_CONDICIONAL,ACEITE_CONDICIONAL_DECIL_INTERMEDIARIO,Aceite Condicional Decil Intermediario (+7.5% premio).,7.5,False,10000.0,10750.0,750.0,0.0,C,D,ALTA,0.0,0.0
CNPJ_000451,0.0,0.0945,7,APROVADO,RGR_R04_DECIL4_10_APROVADO,APROVADO_AUTOMATICO_BAIXO_RISCO,Aprovacao Automatica: Risco dentro do apetite da seguradora.,0.0,False,10000.0,10000.0,0.0,0.0,Q,,ALTA,0.0,0.0
CNPJ_000452,0.0,0.0873,8,APROVADO,RGR_R04_DECIL4_10_APROVADO,APROVADO_AUTOMATICO_BAIXO_RISCO,Aprovacao Automatica: Risco dentro do apetite da seguradora.,0.0,False,10000.0,10000.0,0.0,0.0,G,E,BAIXISSIMA,1.0,0.0
CNPJ_000453,0.0,0.1035,5,APROVADO,RGR_R04_DECIL4_10_APROVADO,APROVADO_AUTOMATICO_BAIXO_RISCO,Aprovacao Automatica: Risco dentro do apetite da seguradora.,0.0,False,10000.0,10000.0,0.0,0.0,H,D,MEDIA,0.0,1.0
CNPJ_000454,0.0,0.0904,8,APROVADO,RGR_R04_DECIL4_10_APROVADO,APROVADO_AUTOMATICO_BAIXO_RISCO,Aprovacao Automatica: Risco dentro do apetite da seguradora.,0.0,False,10000.0,10000.0,0.0,0.0,C,F,ALTISSIMA,5.0,0.0
CNPJ_000455,0.0,0.1166,3,ACEITO_COM_CONDICAO,RGR_R03_DECIL2_3_CONDICIONAL,ACEITE_CONDICIONAL_DECIL_INTERMEDIARIO,Aceite Condicional Decil Intermediario (+7.5% premio).,7.5,False,10000.0,10750.0,750.0,0.0,S,A,BAIXISSIMA,0.0,0.0
CNPJ_000456,0.0,0.3744,1,RECUSADO,RGR_R02_DECIL1_RECUSA_PADRAO,DECIL1_ALTO_RISCO_SEM_MITIGACAO,Recusa por Decil 1 de Risco sem criterios para resgate comercial.,0.0,False,10000.0,0.0,0.0,0.0,H,,ALTISSIMA,0.0,
CNPJ_000457,0.0,0.0756,10,APROVADO,RGR_R04_DECIL4_10_APROVADO,APROVADO_AUTOMATICO_BAIXO_RISCO,Aprovacao Automatica: Risco dentro do apetite da seguradora.,0.0,False,10000.0,10000.0,0.0,0.0,H,D,ALTISSIMA,0.0,0.0
CNPJ_000458,0.0,0.1104,4,APROVADO,RGR_R04_DECIL4_10_APROVADO,APROVADO_AUTOMATICO_BAIXO_RISCO,Aprovacao Automatica: Risco dentro do apetite da seguradora.,0.0,False,10000.0,10000.0,0.0,0.0,A,G,BAIXISSIMA,9.0,0.0
CNPJ_000459,0.0,0.1109,4,APROVADO,RGR_R04_DECIL4_10_APROVADO,APROVADO_AUTOMATICO_BAIXO_RISCO,Aprovacao Automatica: Risco dentro do apetite da seguradora.,0.0,False,10000.0,10000.0,0.0,0.0,H,D,BAIXISSIMA,0.0,0.0
CNPJ_000460,0.0,0.082,9,APROVADO,RGR_R04_DECIL4_10_APROVADO,APROVADO_AUTOMATICO_BAIXO_RISCO,Aprovacao Automatica: Risco dentro do apetite da seguradora.,0.0,False,10000.0,10000.0,0.0,0.0,G,J,ALTA,33.0,0.0
CNPJ_000461,0.0,0.1036,5,APROVADO,RGR_R04_DECIL4_10_APROVADO,APROVADO_AUTOMATICO_BAIXO_RISCO,Aprovacao Automatica: Risco dentro do apetite da seguradora.,0.0,False,10000.0,10000.0,0.0,0.0,G,G,ALTISSIMA,8.0,0.0
CNPJ_000462,0.0,0.1049,5,APROVADO,RGR_R04_DECIL4_10_APROVADO,APROVADO_AUTOMATICO_BAIXO_RISCO,Aprovacao Automatica: Risco dentro do apetite da seguradora.,0.0,False,10000.0,10000.0,0.0,0.0,S,EMPRESA_ISENTA,ALTA,6.0,
CNPJ_000463,0.0,0.0976,6,APROVADO,RGR_R04_DECIL4_10_APROVADO,APROVADO_AUTOMATICO_BAIXO_RISCO,Aprovacao Automatica: Risco dentro do apetite da seguradora.,0.0,False,10000.0,10000.0,0.0,0.0,N,J,ALTA,3.0,0.0
CNPJ_000464,0.0,0.1281,2,ACEITO_COM_CONDICAO,RGR_R03_DECIL2_3_CONDICIONAL,ACEITE_CONDICIONAL_DECIL_INTERMEDIARIO,Aceite Condicional Decil Intermediario (+7.5% premio).,7.5,False,10000.0,10750.0,750.0,0.0,F,G,ALTISSIMA,0.0,0.0
CNPJ_000465,0.0,0.0804,9,RECUSADO,RGR_K01_RISCO_LIDERANCA_AREA_CRITICA,K01_LIDERANCA_AREA_CRITICA,Recusa Sumaria: Risco de lideranca detectado em area de concentracao altissima de sinistro.,0.0,False,10000.0,0.0,0.0,0.0,G,G,ALTISSIMA,4.0,1.0
CNPJ_000466,0.0,0.0954,7,RECUSADO,RGR_K01_RISCO_LIDERANCA_AREA_CRITICA,K01_LIDERANCA_AREA_CRITICA,Recusa Sumaria: Risco de lideranca detectado em area de concentracao altissima de sinistro.,0.0,False,10000.0,0.0,0.0,0.0,N,,ALTISSIMA,0.0,1.0
CNPJ_000467,0.0,0.1162,3,ACEITO_COM_CONDICAO,RGR_R03_DECIL2_3_CONDICIONAL,ACEITE_CONDICIONAL_DECIL_INTERMEDIARIO,Aceite Condicional Decil Intermediario (+7.5% premio).,7.5,False,10000.0,10750.0,750.0,0.0,G,D,ALTA,0.0,0.0
CNPJ_000468,0.0,0.117,3,ACEITO_COM_CONDICAO,RGR_R03_DECIL2_3_CONDICIONAL,ACEITE_CONDICIONAL_DECIL_INTERMEDIARIO,Aceite Condicional Decil Intermediario (+7.5% premio).,7.5,False,10000.0,10750.0,750.0,0.0,G,E,BAIXISSIMA,0.0,0.0
CNPJ_000469,0.0,0.1396,2,ACEITO_COM_CONDICAO,RGR_R03_DECIL2_3_CONDICIONAL,ACEITE_CONDICIONAL_DECIL_INTERMEDIARIO,Aceite Condicional Decil Intermediario (+7.5% premio).,7.5,False,10000.0,10750.0,750.0,0.0,H,,BAIXISSIMA,0.0,0.0
CNPJ_000470,0.0,0.0875,8,APROVADO,RGR_R04_DECIL4_10_APROVADO,APROVADO_AUTOMATICO_BAIXO_RISCO,Aprovacao Automatica: Risco dentro do apetite da seguradora.,0.0,False,10000.0,10000.0,0.0,0.0,G,D,MEDIA,0.0,0.0
CNPJ_000471,0.0,0.1183,3,ACEITO_COM_CONDICAO,RGR_R03_DECIL2_3_CONDICIONAL,ACEITE_CONDICIONAL_DECIL_INTERMEDIARIO,Aceite Condicional Decil Intermediario (+7.5% premio).,7.5,False,10000.0,10750.0,750.0,0.0,Q,E,BAIXISSIMA,1.0,0.0
CNPJ_000472,0.0,0.0967,7,APROVADO,RGR_R04_DECIL4_10_APROVADO,APROVADO_AUTOMATICO_BAIXO_RISCO,Aprovacao Automatica: Risco dentro do apetite da seguradora.,0.0,False,10000.0,10000.0,0.0,0.0,C,F,BAIXISSIMA,0.0,0.0
CNPJ_000473,0.0,0.0981,6,APROVADO,RGR_R04_DECIL4_10_APROVADO,APROVADO_AUTOMATICO_BAIXO_RISCO,Aprovacao Automatica: Risco dentro do apetite da seguradora.,0.0,False,10000.0,10000.0,0.0,0.0,G,E,BAIXISSIMA,0.0,0.0
CNPJ_000474,0.0,0.1067,5,APROVADO,RGR_R04_DECIL4_10_APROVADO,APROVADO_AUTOMATICO_BAIXO_RISCO,Aprovacao Automatica: Risco dentro do apetite da seguradora.,0.0,False,10000.0,10000.0,0.0,0.0,N,D,MEDIA,2.0,0.0
CNPJ_000475,0.0,0.114,3,ACEITO_COM_CONDICAO,RGR_R03_DECIL2_3_CONDICIONAL,ACEITE_CONDICIONAL_DECIL_INTERMEDIARIO,Aceite Condicional Decil Intermediario (+7.5% premio).,7.5,False,10000.0,10750.0,750.0,0.0,G,A,BAIXISSIMA,0.0,0.0
CNPJ_000476,0.0,0.1999,1,RECUSADO,RGR_R02_DECIL1_RECUSA_PADRAO,DECIL1_ALTO_RISCO_SEM_MITIGACAO,Recusa por Decil 1 de Risco sem criterios para resgate comercial.,0.0,False,10000.0,0.0,0.0,0.0,H,C,ALTA,0.0,0.0
CNPJ_000477,0.0,0.1134,3,ACEITO_COM_CONDICAO,RGR_R03_DECIL2_3_CONDICIONAL,ACEITE_CONDICIONAL_DECIL_INTERMEDIARIO,Aceite Condicional Decil Intermediario (+7.5% premio).,7.5,False,10000.0,10750.0,750.0,0.0,S,D,ALTISSIMA,1.0,0.0
CNPJ_000478,0.0,0.1134,3,ACEITO_COM_CONDICAO,RGR_R03_DECIL2_3_CONDICIONAL,ACEITE_CONDICIONAL_DECIL_INTERMEDIARIO,Aceite Condicional Decil Intermediario (+7.5% premio).,7.5,False,10000.0,10750.0,750.0,0.0,G,,BAIXISSIMA,0.0,0.0
CNPJ_000479,0.0,0.1214,2,ACEITO_COM_CONDICAO,RGR_R03_DECIL2_3_CONDICIONAL,ACEITE_CONDICIONAL_DECIL_INTERMEDIARIO,Aceite Condicional Decil Intermediario (+7.5% premio).,7.5,False,10000.0,10750.0,750.0,0.0,H,,BAIXISSIMA,0.0,0.0
CNPJ_000480,0.0,0.1027,5,APROVADO,RGR_R04_DECIL4_10_APROVADO,APROVADO_AUTOMATICO_BAIXO_RISCO,Aprovacao Automatica: Risco dentro do apetite da seguradora.,0.0,False,10000.0,10000.0,0.0,0.0,G,E,BAIXISSIMA,0.0,1.0
CNPJ_000481,0.0,0.1184,3,ACEITO_COM_CONDICAO,RGR_R03_DECIL2_3_CONDICIONAL,ACEITE_CONDICIONAL_DECIL_INTERMEDIARIO,Aceite Condicional Decil Intermediario (+7.5% premio).,7.5,False,10000.0,10750.0,750.0,0.0,G,J,BAIXISSIMA,27.0,0.0
CNPJ_000482,0.0,0.0906,8,APROVADO,RGR_R04_DECIL4_10_APROVADO,APROVADO_AUTOMATICO_BAIXO_RISCO,Aprovacao Automatica: Risco dentro do apetite da seguradora.,0.0,False,10000.0,10000.0,0.0,0.0,C,I,BAIXISSIMA,4.0,0.0
CNPJ_000483,0.0,0.0935,7,APROVADO,RGR_R04_DECIL4_10_APROVADO,APROVADO_AUTOMATICO_BAIXO_RISCO,Aprovacao Automatica: Risco dentro do apetite da seguradora.,0.0,False,10000.0,10000.0,0.0,0.0,G,E,BAIXISSIMA,0.0,0.0
CNPJ_000484,0.0,0.0843,9,APROVADO,RGR_R04_DECIL4_10_APROVADO,APROVADO_AUTOMATICO_BAIXO_RISCO,Aprovacao Automatica: Risco dentro do apetite da seguradora.,0.0,False,10000.0,10000.0,0.0,0.0,C,J,ALTA,34.0,0.0
CNPJ_000485,0.0,0.1111,4,APROVADO,RGR_R04_DECIL4_10_APROVADO,APROVADO_AUTOMATICO_BAIXO_RISCO,Aprovacao Automatica: Risco dentro do apetite da seguradora.,0.0,False,10000.0,10000.0,0.0,0.0,G,E,BAIXISSIMA,0.0,0.0
CNPJ_000486,0.0,0.0933,7,APROVADO,RGR_R04_DECIL4_10_APROVADO,APROVADO_AUTOMATICO_BAIXO_RISCO,Aprovacao Automatica: Risco dentro do apetite da seguradora.,0.0,False,10000.0,10000.0,0.0,0.0,H,G,ALTA,11.0,1.0
CNPJ_000487,0.0,0.1012,6,APROVADO,RGR_R04_DECIL4_10_APROVADO,APROVADO_AUTOMATICO_BAIXO_RISCO,Aprovacao Automatica: Risco dentro do apetite da seguradora.,0.0,False,10000.0,10000.0,0.0,0.0,G,I,ALTISSIMA,0.0,
CNPJ_000488,0.0,0.1186,3,ACEITO_COM_CONDICAO,RGR_R03_DECIL2_3_CONDICIONAL,ACEITE_CONDICIONAL_DECIL_INTERMEDIARIO,Aceite Condicional Decil Intermediario (+7.5% premio).,7.5,False,10000.0,10750.0,750.0,0.0,C,,BAIXISSIMA,0.0,0.0
CNPJ_000489,0.0,0.1245,2,ACEITO_COM_CONDICAO,RGR_R03_DECIL2_3_CONDICIONAL,ACEITE_CONDICIONAL_DECIL_INTERMEDIARIO,Aceite Condicional Decil Intermediario (+7.5% premio).,7.5,False,10000.0,10750.0,750.0,0.0,C,F,MEDIA,0.0,0.0
CNPJ_000490,0.0,0.1118,4,APROVADO,RGR_R04_DECIL4_10_APROVADO,APROVADO_AUTOMATICO_BAIXO_RISCO,Aprovacao Automatica: Risco dentro do apetite da seguradora.,0.0,False,10000.0,10000.0,0.0,0.0,C,E,ALTA,0.0,1.0
CNPJ_000491,0.0,0.1074,5,APROVADO,RGR_R04_DECIL4_10_APROVADO,APROVADO_AUTOMATICO_BAIXO_RISCO,Aprovacao Automatica: Risco dentro do apetite da seguradora.,0.0,False,10000.0,10000.0,0.0,0.0,C,J,ALTA,0.0,0.0
CNPJ_000492,0.0,0.0929,7,APROVADO,RGR_R04_DECIL4_10_APROVADO,APROVADO_AUTOMATICO_BAIXO_RISCO,Aprovacao Automatica: Risco dentro do apetite da seguradora.,0.0,False,10000.0,10000.0,0.0,0.0,G,F,ALTISSIMA,0.0,0.0
CNPJ_000493,0.0,0.1003,6,APROVADO,RGR_R04_DECIL4_10_APROVADO,APROVADO_AUTOMATICO_BAIXO_RISCO,Aprovacao Automatica: Risco dentro do apetite da seguradora.,0.0,False,10000.0,10000.0,0.0,0.0,H,D,ALTISSIMA,0.0,0.0
CNPJ_000494,0.0,0.109,4,APROVADO,RGR_R04_DECIL4_10_APROVADO,APROVADO_AUTOMATICO_BAIXO_RISCO,Aprovacao Automatica: Risco dentro do apetite da seguradora.,0.0,False,10000.0,10000.0,0.0,0.0,C,E,BAIXISSIMA,0.0,0.0
CNPJ_000495,0.0,0.119,3,ACEITO_COM_CONDICAO,RGR_R03_DECIL2_3_CONDICIONAL,ACEITE_CONDICIONAL_DECIL_INTERMEDIARIO,Aceite Condicional Decil Intermediario (+7.5% premio).,7.5,False,10000.0,10750.0,750.0,0.0,G,C,ALTISSIMA,0.0,0.0
CNPJ_000496,0.0,0.1083,4,APROVADO,RGR_R04_DECIL4_10_APROVADO,APROVADO_AUTOMATICO_BAIXO_RISCO,Aprovacao Automatica: Risco dentro do apetite da seguradora.,0.0,False,10000.0,10000.0,0.0,0.0,C,,BAIXISSIMA,1.0,0.0
CNPJ_000497,0.0,0.1166,3,ACEITO_COM_CONDICAO,RGR_R03_DECIL2_3_CONDICIONAL,ACEITE_CONDICIONAL_DECIL_INTERMEDIARIO,Aceite Condicional Decil Intermediario (+7.5% premio).,7.5,False,10000.0,10750.0,750.0,0.0,C,E,BAIXISSIMA,0.0,0.0
CNPJ_000498,0.0,0.104,5,APROVADO,RGR_R04_DECIL4_10_APROVADO,APROVADO_AUTOMATICO_BAIXO_RISCO,Aprovacao Automatica: Risco dentro do apetite da seguradora.,0.0,False,10000.0,10000.0,0.0,0.0,G,E,ALTISSIMA,5.0,0.0
CNPJ_000499,0.0,0.1221,2,ACEITO_COM_CONDICAO,RGR_R03_DECIL2_3_CONDICIONAL,ACEITE_CONDICIONAL_DECIL_INTERMEDIARIO,Aceite Condicional Decil Intermediario (+7.5% premio).,7.5,False,10000.0,10750.0,750.0,0.0,K,A,BAIXISSIMA,0.0,0.0
CNPJ_000500,0.0,0.091,8,APROVADO,RGR_R04_DECIL4_10_APROVADO,APROVADO_AUTOMATICO_BAIXO_RISCO,Aprovacao Automatica: Risco dentro do apetite da seguradora.,0.0,False,10000.0,10000.0,0.0,0.0,C,,BAIXISSIMA,2.0,0.0
CNPJ_000501,0.0,0.1027,5,APROVADO,RGR_R04_DECIL4_10_APROVADO,APROVADO_AUTOMATICO_BAIXO_RISCO,Aprovacao Automatica: Risco dentro do apetite da seguradora.,0.0,False,10000.0,10000.0,0.0,0.0,C,G,ALTA,3.0,0.0
CNPJ_000502,0.0,0.1079,4,APROVADO,RGR_R04_DECIL4_10_APROVADO,APROVADO_AUTOMATICO_BAIXO_RISCO,Aprovacao Automatica: Risco dentro do apetite da seguradora.,0.0,False,10000.0,10000.0,0.0,0.0,F,,ALTA,0.0,0.0
CNPJ_000503,0.0,0.1048,5,APROVADO,RGR_R04_DECIL4_10_APROVADO,APROVADO_AUTOMATICO_BAIXO_RISCO,Aprovacao Automatica: Risco dentro do apetite da seguradora.,0.0,False,10000.0,10000.0,0.0,0.0,G,F,BAIXISSIMA,0.0,0.0
CNPJ_000504,0.0,0.1056,5,APROVADO,RGR_R04_DECIL4_10_APROVADO,APROVADO_AUTOMATICO_BAIXO_RISCO,Aprovacao Automatica: Risco dentro do apetite da seguradora.,0.0,False,10000.0,10000.0,0.0,0.0,G,F,ALTA,0.0,0.0
CNPJ_000505,0.0,0.1095,4,APROVADO,RGR_R04_DECIL4_10_APROVADO,APROVADO_AUTOMATICO_BAIXO_RISCO,Aprovacao Automatica: Risco dentro do apetite da seguradora.,0.0,False,10000.0,10000.0,0.0,0.0,H,C,BAIXISSIMA,0.0,0.0
CNPJ_000506,0.0,0.135,2,ACEITO_COM_CONDICAO,RGR_R03_DECIL2_3_CONDICIONAL,ACEITE_CONDICIONAL_DECIL_INTERMEDIARIO,Aceite Condicional Decil Intermediario (+7.5% premio).,7.5,False,10000.0,10750.0,750.0,0.0,G,D,ALTA,0.0,0.0
CNPJ_000507,0.0,0.1255,2,ACEITO_COM_CONDICAO,RGR_R03_DECIL2_3_CONDICIONAL,ACEITE_CONDICIONAL_DECIL_INTERMEDIARIO,Aceite Condicional Decil Intermediario (+7.5% premio).,7.5,False,10000.0,10750.0,750.0,0.0,G,C,ALTA,0.0,0.0
CNPJ_000508,0.0,0.0767,9,APROVADO,RGR_R04_DECIL4_10_APROVADO,APROVADO_AUTOMATICO_BAIXO_RISCO,Aprovacao Automatica: Risco dentro do apetite da seguradora.,0.0,False,10000.0,10000.0,0.0,0.0,A,,BAIXISSIMA,0.0,
CNPJ_000509,0.0,0.1037,5,APROVADO,RGR_R04_DECIL4_10_APROVADO,APROVADO_AUTOMATICO_BAIXO_RISCO,Aprovacao Automatica: Risco dentro do apetite da seguradora.,0.0,False,10000.0,10000.0,0.0,0.0,C,,MEDIA,0.0,0.0
CNPJ_000510,0.0,0.095,7,APROVADO,RGR_R04_DECIL4_10_APROVADO,APROVADO_AUTOMATICO_BAIXO_RISCO,Aprovacao Automatica: Risco dentro do apetite da seguradora.,0.0,False,10000.0,10000.0,0.0,0.0,C,J,ALTISSIMA,4.0,0.0
CNPJ_000511,0.0,0.1107,4,APROVADO,RGR_R04_DECIL4_10_APROVADO,APROVADO_AUTOMATICO_BAIXO_RISCO,Aprovacao Automatica: Risco dentro do apetite da seguradora.,0.0,False,10000.0,10000.0,0.0,0.0,E,B,,0.0,0.0
CNPJ_000512,0.0,0.0981,6,APROVADO,RGR_R04_DECIL4_10_APROVADO,APROVADO_AUTOMATICO_BAIXO_RISCO,Aprovacao Automatica: Risco dentro do apetite da seguradora.,0.0,False,10000.0,10000.0,0.0,0.0,H,D,ALTISSIMA,0.0,0.0
CNPJ_000513,0.0,0.0794,9,APROVADO,RGR_R04_DECIL4_10_APROVADO,APROVADO_AUTOMATICO_BAIXO_RISCO,Aprovacao Automatica: Risco dentro do apetite da seguradora.,0.0,False,10000.0,10000.0,0.0,0.0,J,D,ALTISSIMA,0.0,0.0
CNPJ_000514,0.0,0.1073,5,APROVADO,RGR_R04_DECIL4_10_APROVADO,APROVADO_AUTOMATICO_BAIXO_RISCO,Aprovacao Automatica: Risco dentro do apetite da seguradora.,0.0,False,10000.0,10000.0,0.0,0.0,G,,BAIXISSIMA,0.0,0.0
CNPJ_000515,0.0,0.1041,5,APROVADO,RGR_R04_DECIL4_10_APROVADO,APROVADO_AUTOMATICO_BAIXO_RISCO,Aprovacao Automatica: Risco dentro do apetite da seguradora.,0.0,False,10000.0,10000.0,0.0,0.0,C,E,ALTISSIMA,0.0,0.0
CNPJ_000516,0.0,0.2888,1,RECUSADO,RGR_R02_DECIL1_RECUSA_PADRAO,DECIL1_ALTO_RISCO_SEM_MITIGACAO,Recusa por Decil 1 de Risco sem criterios para resgate comercial.,0.0,False,10000.0,0.0,0.0,0.0,H,A,ALTISSIMA,0.0,0.0
CNPJ_000517,0.0,0.095,7,APROVADO,RGR_R04_DECIL4_10_APROVADO,APROVADO_AUTOMATICO_BAIXO_RISCO,Aprovacao Automatica: Risco dentro do apetite da seguradora.,0.0,False,10000.0,10000.0,0.0,0.0,M,G,ALTA,4.0,0.0
CNPJ_000518,0.0,0.1031,5,APROVADO,RGR_R04_DECIL4_10_APROVADO,APROVADO_AUTOMATICO_BAIXO_RISCO,Aprovacao Automatica: Risco dentro do apetite da seguradora.,0.0,False,10000.0,10000.0,0.0,0.0,G,D,ALTA,0.0,0.0
CNPJ_000519,0.0,0.0702,10,APROVADO,RGR_R04_DECIL4_10_APROVADO,APROVADO_AUTOMATICO_BAIXO_RISCO,Aprovacao Automatica: Risco dentro do apetite da seguradora.,0.0,False,10000.0,10000.0,0.0,0.0,G,I,ALTA,34.0,0.0
CNPJ_000520,0.0,0.1014,6,APROVADO,RGR_R04_DECIL4_10_APROVADO,APROVADO_AUTOMATICO_BAIXO_RISCO,Aprovacao Automatica: Risco dentro do apetite da seguradora.,0.0,False,10000.0,10000.0,0.0,0.0,H,,ALTISSIMA,0.0,0.0
CNPJ_000521,0.0,0.0842,9,APROVADO,RGR_R04_DECIL4_10_APROVADO,APROVADO_AUTOMATICO_BAIXO_RISCO,Aprovacao Automatica: Risco dentro do apetite da seguradora.,0.0,False,10000.0,10000.0,0.0,0.0,C,I,ALTA,10.0,0.0
CNPJ_000522,0.0,0.1186,3,RECUSADO,RGR_K01_RISCO_LIDERANCA_AREA_CRITICA,K01_LIDERANCA_AREA_CRITICA,Recusa Sumaria: Risco de lideranca detectado em area de concentracao altissima de sinistro.,0.0,False,10000.0,0.0,0.0,0.0,C,I,ALTISSIMA,54.0,1.0
CNPJ_000523,0.0,0.0854,8,APROVADO,RGR_R04_DECIL4_10_APROVADO,APROVADO_AUTOMATICO_BAIXO_RISCO,Aprovacao Automatica: Risco dentro do apetite da seguradora.,0.0,False,10000.0,10000.0,0.0,0.0,G,J,ALTISSIMA,14.0,
CNPJ_000524,0.0,0.0691,10,APROVADO,RGR_R04_DECIL4_10_APROVADO,APROVADO_AUTOMATICO_BAIXO_RISCO,Aprovacao Automatica: Risco dentro do apetite da seguradora.,0.0,False,10000.0,10000.0,0.0,0.0,G,I,ALTA,3.0,0.0
CNPJ_000525,0.0,0.0736,10,APROVADO,RGR_R04_DECIL4_10_APROVADO,APROVADO_AUTOMATICO_BAIXO_RISCO,Aprovacao Automatica: Risco dentro do apetite da seguradora.,0.0,False,10000.0,10000.0,0.0,0.0,C,J,BAIXISSIMA,76.0,1.0
CNPJ_000526,0.0,0.0996,6,APROVADO,RGR_R04_DECIL4_10_APROVADO,APROVADO_AUTOMATICO_BAIXO_RISCO,Aprovacao Automatica: Risco dentro do apetite da seguradora.,0.0,False,10000.0,10000.0,0.0,0.0,G,D,BAIXISSIMA,0.0,0.0
CNPJ_000527,0.0,0.1179,3,ACEITO_COM_CONDICAO,RGR_R03_DECIL2_3_CONDICIONAL,ACEITE_CONDICIONAL_DECIL_INTERMEDIARIO,Aceite Condicional Decil Intermediario (+7.5% premio).,7.5,False,10000.0,10750.0,750.0,0.0,G,G,BAIXISSIMA,1.0,0.0
CNPJ_000528,0.0,0.3288,1,RECUSADO,RGR_R02_DECIL1_RECUSA_PADRAO,DECIL1_ALTO_RISCO_SEM_MITIGACAO,Recusa por Decil 1 de Risco sem criterios para resgate comercial.,0.0,False,10000.0,0.0,0.0,0.0,H,A,,0.0,0.0
CNPJ_000529,0.0,0.0907,8,APROVADO,RGR_R04_DECIL4_10_APROVADO,APROVADO_AUTOMATICO_BAIXO_RISCO,Aprovacao Automatica: Risco dentro do apetite da seguradora.,0.0,False,10000.0,10000.0,0.0,0.0,J,F,BAIXISSIMA,7.0,0.0
CNPJ_000530,0.0,0.0852,9,APROVADO,RGR_R04_DECIL4_10_APROVADO,APROVADO_AUTOMATICO_BAIXO_RISCO,Aprovacao Automatica: Risco dentro do apetite da seguradora.,0.0,False,10000.0,10000.0,0.0,0.0,F,H,ALTA,4.0,0.0
CNPJ_000531,0.0,0.1187,3,ACEITO_COM_CONDICAO,RGR_R03_DECIL2_3_CONDICIONAL,ACEITE_CONDICIONAL_DECIL_INTERMEDIARIO,Aceite Condicional Decil Intermediario (+7.5% premio).,7.5,False,10000.0,10750.0,750.0,0.0,G,E,BAIXISSIMA,0.0,0.0
CNPJ_000532,0.0,0.0985,6,APROVADO,RGR_R04_DECIL4_10_APROVADO,APROVADO_AUTOMATICO_BAIXO_RISCO,Aprovacao Automatica: Risco dentro do apetite da seguradora.,0.0,False,10000.0,10000.0,0.0,0.0,N,,ALTA,0.0,1.0
CNPJ_000533,0.0,0.0966,7,APROVADO,RGR_R04_DECIL4_10_APROVADO,APROVADO_AUTOMATICO_BAIXO_RISCO,Aprovacao Automatica: Risco dentro do apetite da seguradora.,0.0,False,10000.0,10000.0,0.0,0.0,G,H,ALTA,0.0,0.0
CNPJ_000534,0.0,0.0845,9,APROVADO,RGR_R04_DECIL4_10_APROVADO,APROVADO_AUTOMATICO_BAIXO_RISCO,Aprovacao Automatica: Risco dentro do apetite da seguradora.,0.0,False,10000.0,10000.0,0.0,0.0,C,J,MEDIA,5.0,0.0
CNPJ_000535,0.0,0.0709,10,APROVADO,RGR_R04_DECIL4_10_APROVADO,APROVADO_AUTOMATICO_BAIXO_RISCO,Aprovacao Automatica: Risco dentro do apetite da seguradora.,0.0,False,10000.0,10000.0,0.0,0.0,,,,,
CNPJ_000536,0.0,0.0834,9,APROVADO,RGR_R04_DECIL4_10_APROVADO,APROVADO_AUTOMATICO_BAIXO_RISCO,Aprovacao Automatica: Risco dentro do apetite da seguradora.,0.0,False,10000.0,10000.0,0.0,0.0,G,F,ALTISSIMA,0.0,0.0
CNPJ_000537,0.0,0.0718,10,APROVADO,RGR_R04_DECIL4_10_APROVADO,APROVADO_AUTOMATICO_BAIXO_RISCO,Aprovacao Automatica: Risco dentro do apetite da seguradora.,0.0,False,10000.0,10000.0,0.0,0.0,G,J,BAIXISSIMA,33.0,
CNPJ_000538,0.0,0.1195,3,ACEITO_COM_CONDICAO,RGR_R03_DECIL2_3_CONDICIONAL,ACEITE_CONDICIONAL_DECIL_INTERMEDIARIO,Aceite Condicional Decil Intermediario (+7.5% premio).,7.5,False,10000.0,10750.0,750.0,0.0,G,C,BAIXISSIMA,0.0,0.0
CNPJ_000539,0.0,0.1219,2,ACEITO_COM_CONDICAO,RGR_R03_DECIL2_3_CONDICIONAL,ACEITE_CONDICIONAL_DECIL_INTERMEDIARIO,Aceite Condicional Decil Intermediario (+7.5% premio).,7.5,False,10000.0,10750.0,750.0,0.0,B,D,BAIXISSIMA,0.0,0.0
CNPJ_000540,0.0,0.0953,7,APROVADO,RGR_R04_DECIL4_10_APROVADO,APROVADO_AUTOMATICO_BAIXO_RISCO,Aprovacao Automatica: Risco dentro do apetite da seguradora.,0.0,False,10000.0,10000.0,0.0,0.0,G,B,MEDIA,0.0,0.0
CNPJ_000541,0.0,0.0859,8,APROVADO,RGR_R04_DECIL4_10_APROVADO,APROVADO_AUTOMATICO_BAIXO_RISCO,Aprovacao Automatica: Risco dentro do apetite da seguradora.,0.0,False,10000.0,10000.0,0.0,0.0,G,G,BAIXISSIMA,1.0,0.0
CNPJ_000542,0.0,0.1169,3,ACEITO_COM_CONDICAO,RGR_R03_DECIL2_3_CONDICIONAL,ACEITE_CONDICIONAL_DECIL_INTERMEDIARIO,Aceite Condicional Decil Intermediario (+7.5% premio).,7.5,False,10000.0,10750.0,750.0,0.0,C,F,ALTA,0.0,0.0
CNPJ_000543,0.0,0.093,7,APROVADO,RGR_R04_DECIL4_10_APROVADO,APROVADO_AUTOMATICO_BAIXO_RISCO,Aprovacao Automatica: Risco dentro do apetite da seguradora.,0.0,False,10000.0,10000.0,0.0,0.0,M,G,MEDIA,1.0,0.0
CNPJ_000544,0.0,0.0551,10,RECUSADO,RGR_K02_EXCESSO_PROCESSOS_JUDICIAIS,K02_JUDICIAL_EXTREMO,Recusa Sumaria: Elevado passivo judicial (> 100 processos como requerido).,0.0,False,10000.0,0.0,0.0,0.0,C,J,BAIXISSIMA,561.0,1.0
CNPJ_000545,0.0,0.1299,2,ACEITO_COM_CONDICAO,RGR_R03_DECIL2_3_CONDICIONAL,ACEITE_CONDICIONAL_DECIL_INTERMEDIARIO,Aceite Condicional Decil Intermediario (+7.5% premio).,7.5,False,10000.0,10750.0,750.0,0.0,J,F,MEDIA,0.0,0.0
CNPJ_000546,0.0,0.0929,7,APROVADO,RGR_R04_DECIL4_10_APROVADO,APROVADO_AUTOMATICO_BAIXO_RISCO,Aprovacao Automatica: Risco dentro do apetite da seguradora.,0.0,False,10000.0,10000.0,0.0,0.0,G,G,BAIXISSIMA,2.0,0.0
CNPJ_000547,0.0,0.0589,10,APROVADO,RGR_R04_DECIL4_10_APROVADO,APROVADO_AUTOMATICO_BAIXO_RISCO,Aprovacao Automatica: Risco dentro do apetite da seguradora.,0.0,False,10000.0,10000.0,0.0,0.0,H,J,ALTA,32.0,0.0
CNPJ_000548,0.0,0.1145,3,ACEITO_COM_CONDICAO,RGR_R03_DECIL2_3_CONDICIONAL,ACEITE_CONDICIONAL_DECIL_INTERMEDIARIO,Aceite Condicional Decil Intermediario (+7.5% premio).,7.5,False,10000.0,10750.0,750.0,0.0,G,B,MEDIA,2.0,1.0
CNPJ_000549,0.0,0.0896,8,APROVADO,RGR_R04_DECIL4_10_APROVADO,APROVADO_AUTOMATICO_BAIXO_RISCO,Aprovacao Automatica: Risco dentro do apetite da seguradora.,0.0,False,10000.0,10000.0,0.0,0.0,C,J,ALTA,1.0,0.0
CNPJ_000550,0.0,0.1037,5,APROVADO,RGR_R04_DECIL4_10_APROVADO,APROVADO_AUTOMATICO_BAIXO_RISCO,Aprovacao Automatica: Risco dentro do apetite da seguradora.,0.0,False,10000.0,10000.0,0.0,0.0,N,D,ALTISSIMA,0.0,0.0
CNPJ_000551,0.0,0.072,10,APROVADO,RGR_R04_DECIL4_10_APROVADO,APROVADO_AUTOMATICO_BAIXO_RISCO,Aprovacao Automatica: Risco dentro do apetite da seguradora.,0.0,False,10000.0,10000.0,0.0,0.0,G,J,ALTA,45.0,0.0
CNPJ_000552,0.0,0.0792,9,APROVADO,RGR_R04_DECIL4_10_APROVADO,APROVADO_AUTOMATICO_BAIXO_RISCO,Aprovacao Automatica: Risco dentro do apetite da seguradora.,0.0,False,10000.0,10000.0,0.0,0.0,M,F,ALTISSIMA,0.0,0.0
CNPJ_000553,0.0,0.0945,7,APROVADO,RGR_R04_DECIL4_10_APROVADO,APROVADO_AUTOMATICO_BAIXO_RISCO,Aprovacao Automatica: Risco dentro do apetite da seguradora.,0.0,False,10000.0,10000.0,0.0,0.0,C,D,ALTA,2.0,1.0
CNPJ_000554,0.0,0.0924,7,APROVADO,RGR_R04_DECIL4_10_APROVADO,APROVADO_AUTOMATICO_BAIXO_RISCO,Aprovacao Automatica: Risco dentro do apetite da seguradora.,0.0,False,10000.0,10000.0,0.0,0.0,G,E,MEDIA,0.0,0.0
CNPJ_000555,0.0,0.0898,8,APROVADO,RGR_R04_DECIL4_10_APROVADO,APROVADO_AUTOMATICO_BAIXO_RISCO,Aprovacao Automatica: Risco dentro do apetite da seguradora.,0.0,False,10000.0,10000.0,0.0,0.0,C,G,ALTA,0.0,0.0
CNPJ_000556,0.0,0.157,1,RECUSADO,RGR_R02_DECIL1_RECUSA_PADRAO,DECIL1_ALTO_RISCO_SEM_MITIGACAO,Recusa por Decil 1 de Risco sem criterios para resgate comercial.,0.0,False,10000.0,0.0,0.0,0.0,S,EMPRESA_ISENTA,ALTA,4.0,0.0
CNPJ_000557,0.0,0.0948,7,APROVADO,RGR_R04_DECIL4_10_APROVADO,APROVADO_AUTOMATICO_BAIXO_RISCO,Aprovacao Automatica: Risco dentro do apetite da seguradora.,0.0,False,10000.0,10000.0,0.0,0.0,I,G,ALTA,7.0,0.0
CNPJ_000558,0.0,0.0941,7,APROVADO,RGR_R04_DECIL4_10_APROVADO,APROVADO_AUTOMATICO_BAIXO_RISCO,Aprovacao Automatica: Risco dentro do apetite da seguradora.,0.0,False,10000.0,10000.0,0.0,0.0,G,B,ALTA,0.0,0.0
CNPJ_000559,0.0,0.097,7,APROVADO,RGR_R04_DECIL4_10_APROVADO,APROVADO_AUTOMATICO_BAIXO_RISCO,Aprovacao Automatica: Risco dentro do apetite da seguradora.,0.0,False,10000.0,10000.0,0.0,0.0,S,EMPRESA_ISENTA,ALTA,0.0,0.0
CNPJ_000560,0.0,0.2546,1,RECUSADO,RGR_K01_RISCO_LIDERANCA_AREA_CRITICA,K01_LIDERANCA_AREA_CRITICA,Recusa Sumaria: Risco de lideranca detectado em area de concentracao altissima de sinistro.,0.0,False,10000.0,0.0,0.0,0.0,H,E,ALTISSIMA,0.0,1.0
CNPJ_000561,0.0,0.1019,6,APROVADO,RGR_R04_DECIL4_10_APROVADO,APROVADO_AUTOMATICO_BAIXO_RISCO,Aprovacao Automatica: Risco dentro do apetite da seguradora.,0.0,False,10000.0,10000.0,0.0,0.0,C,F,BAIXISSIMA,0.0,0.0
CNPJ_000562,0.0,0.0805,9,RECUSADO,RGR_K01_RISCO_LIDERANCA_AREA_CRITICA,K01_LIDERANCA_AREA_CRITICA,Recusa Sumaria: Risco de lideranca detectado em area de concentracao altissima de sinistro.,0.0,False,10000.0,0.0,0.0,0.0,C,H,ALTISSIMA,1.0,1.0
CNPJ_000563,0.0,0.0903,8,APROVADO,RGR_R04_DECIL4_10_APROVADO,APROVADO_AUTOMATICO_BAIXO_RISCO,Aprovacao Automatica: Risco dentro do apetite da seguradora.,0.0,False,10000.0,10000.0,0.0,0.0,G,G,ALTA,2.0,1.0
CNPJ_000564,0.0,0.0943,7,APROVADO,RGR_R04_DECIL4_10_APROVADO,APROVADO_AUTOMATICO_BAIXO_RISCO,Aprovacao Automatica: Risco dentro do apetite da seguradora.,0.0,False,10000.0,10000.0,0.0,0.0,M,F,ALTISSIMA,0.0,0.0
CNPJ_000565,0.0,0.074,10,APROVADO,RGR_R04_DECIL4_10_APROVADO,APROVADO_AUTOMATICO_BAIXO_RISCO,Aprovacao Automatica: Risco dentro do apetite da seguradora.,0.0,False,10000.0,10000.0,0.0,0.0,C,E,BAIXISSIMA,0.0,0.0
CNPJ_000566,0.0,0.0822,9,APROVADO,RGR_R04_DECIL4_10_APROVADO,APROVADO_AUTOMATICO_BAIXO_RISCO,Aprovacao Automatica: Risco dentro do apetite da seguradora.,0.0,False,10000.0,10000.0,0.0,0.0,G,J,ALTA,6.0,0.0
CNPJ_000567,0.0,0.1043,5,APROVADO,RGR_R04_DECIL4_10_APROVADO,APROVADO_AUTOMATICO_BAIXO_RISCO,Aprovacao Automatica: Risco dentro do apetite da seguradora.,0.0,False,10000.0,10000.0,0.0,0.0,G,,BAIXISSIMA,0.0,0.0
CNPJ_000568,0.0,0.1253,2,ACEITO_COM_CONDICAO,RGR_R03_DECIL2_3_CONDICIONAL,ACEITE_CONDICIONAL_DECIL_INTERMEDIARIO,Aceite Condicional Decil Intermediario (+7.5% premio).,7.5,False,10000.0,10750.0,750.0,0.0,C,G,ALTA,0.0,0.0
CNPJ_000569,0.0,0.133,2,ACEITO_COM_CONDICAO,RGR_R03_DECIL2_3_CONDICIONAL,ACEITE_CONDICIONAL_DECIL_INTERMEDIARIO,Aceite Condicional Decil Intermediario (+7.5% premio).,7.5,False,10000.0,10750.0,750.0,0.0,M,A,BAIXISSIMA,0.0,0.0
CNPJ_000570,0.0,0.2899,1,RECUSADO,RGR_R02_DECIL1_RECUSA_PADRAO,DECIL1_ALTO_RISCO_SEM_MITIGACAO,Recusa por Decil 1 de Risco sem criterios para resgate comercial.,0.0,False,10000.0,0.0,0.0,0.0,H,C,ALTISSIMA,0.0,0.0
CNPJ_000571,0.0,0.101,6,APROVADO,RGR_R04_DECIL4_10_APROVADO,APROVADO_AUTOMATICO_BAIXO_RISCO,Aprovacao Automatica: Risco dentro do apetite da seguradora.,0.0,False,10000.0,10000.0,0.0,0.0,G,G,BAIXISSIMA,0.0,0.0
CNPJ_000572,0.0,0.1047,5,APROVADO,RGR_R04_DECIL4_10_APROVADO,APROVADO_AUTOMATICO_BAIXO_RISCO,Aprovacao Automatica: Risco dentro do apetite da seguradora.,0.0,False,10000.0,10000.0,0.0,0.0,C,D,BAIXISSIMA,0.0,0.0
CNPJ_000573,0.0,0.106,5,APROVADO,RGR_R04_DECIL4_10_APROVADO,APROVADO_AUTOMATICO_BAIXO_RISCO,Aprovacao Automatica: Risco dentro do apetite da seguradora.,0.0,False,10000.0,10000.0,0.0,0.0,C,J,BAIXISSIMA,6.0,0.0
CNPJ_000574,0.0,0.07,10,APROVADO,RGR_R04_DECIL4_10_APROVADO,APROVADO_AUTOMATICO_BAIXO_RISCO,Aprovacao Automatica: Risco dentro do apetite da seguradora.,0.0,False,10000.0,10000.0,0.0,0.0,H,H,BAIXISSIMA,7.0,1.0
CNPJ_000575,0.0,0.1131,4,APROVADO,RGR_R04_DECIL4_10_APROVADO,APROVADO_AUTOMATICO_BAIXO_RISCO,Aprovacao Automatica: Risco dentro do apetite da seguradora.,0.0,False,10000.0,10000.0,0.0,0.0,M,A,ALTA,1.0,0.0
CNPJ_000576,0.0,0.1225,2,ACEITO_COM_CONDICAO,RGR_R03_DECIL2_3_CONDICIONAL,ACEITE_CONDICIONAL_DECIL_INTERMEDIARIO,Aceite Condicional Decil Intermediario (+7.5% premio).,7.5,False,10000.0,10750.0,750.0,0.0,C,H,ALTISSIMA,1.0,0.0
CNPJ_000577,0.0,0.1,6,RECUSADO,RGR_K02_EXCESSO_PROCESSOS_JUDICIAIS,K02_JUDICIAL_EXTREMO,Recusa Sumaria: Elevado passivo judicial (> 100 processos como requerido).,0.0,False,10000.0,0.0,0.0,0.0,C,J,BAIXISSIMA,155.0,0.0
CNPJ_000578,0.0,0.265,1,RECUSADO,RGR_R02_DECIL1_RECUSA_PADRAO,DECIL1_ALTO_RISCO_SEM_MITIGACAO,Recusa por Decil 1 de Risco sem criterios para resgate comercial.,0.0,False,10000.0,0.0,0.0,0.0,H,,ALTA,0.0,0.0
CNPJ_000579,0.0,0.0699,10,APROVADO,RGR_R04_DECIL4_10_APROVADO,APROVADO_AUTOMATICO_BAIXO_RISCO,Aprovacao Automatica: Risco dentro do apetite da seguradora.,0.0,False,10000.0,10000.0,0.0,0.0,F,G,ALTISSIMA,55.0,0.0
CNPJ_000580,0.0,0.1006,6,APROVADO,RGR_R04_DECIL4_10_APROVADO,APROVADO_AUTOMATICO_BAIXO_RISCO,Aprovacao Automatica: Risco dentro do apetite da seguradora.,0.0,False,10000.0,10000.0,0.0,0.0,C,H,BAIXISSIMA,1.0,0.0
CNPJ_000581,0.0,0.0869,8,APROVADO,RGR_R04_DECIL4_10_APROVADO,APROVADO_AUTOMATICO_BAIXO_RISCO,Aprovacao Automatica: Risco dentro do apetite da seguradora.,0.0,False,10000.0,10000.0,0.0,0.0,G,E,ALTISSIMA,0.0,0.0
CNPJ_000582,0.0,0.1037,5,APROVADO,RGR_R04_DECIL4_10_APROVADO,APROVADO_AUTOMATICO_BAIXO_RISCO,Aprovacao Automatica: Risco dentro do apetite da seguradora.,0.0,False,10000.0,10000.0,0.0,0.0,G,C,BAIXISSIMA,0.0,0.0
CNPJ_000583,0.0,0.0814,9,APROVADO,RGR_R04_DECIL4_10_APROVADO,APROVADO_AUTOMATICO_BAIXO_RISCO,Aprovacao Automatica: Risco dentro do apetite da seguradora.,0.0,False,10000.0,10000.0,0.0,0.0,M,F,ALTISSIMA,0.0,0.0
CNPJ_000584,0.0,0.0843,9,APROVADO,RGR_R04_DECIL4_10_APROVADO,APROVADO_AUTOMATICO_BAIXO_RISCO,Aprovacao Automatica: Risco dentro do apetite da seguradora.,0.0,False,10000.0,10000.0,0.0,0.0,P,EMPRESA_ISENTA,BAIXISSIMA,1.0,0.0
CNPJ_000585,0.0,0.0691,10,APROVADO,RGR_R04_DECIL4_10_APROVADO,APROVADO_AUTOMATICO_BAIXO_RISCO,Aprovacao Automatica: Risco dentro do apetite da seguradora.,0.0,False,10000.0,10000.0,0.0,0.0,G,H,ALTISSIMA,8.0,0.0
CNPJ_000586,0.0,0.1101,4,APROVADO,RGR_R04_DECIL4_10_APROVADO,APROVADO_AUTOMATICO_BAIXO_RISCO,Aprovacao Automatica: Risco dentro do apetite da seguradora.,0.0,False,10000.0,10000.0,0.0,0.0,C,E,ALTISSIMA,0.0,0.0
CNPJ_000587,0.0,0.1168,3,ACEITO_COM_CONDICAO,RGR_R03_DECIL2_3_CONDICIONAL,ACEITE_CONDICIONAL_DECIL_INTERMEDIARIO,Aceite Condicional Decil Intermediario (+7.5% premio).,7.5,False,10000.0,10750.0,750.0,0.0,F,F,ALTISSIMA,0.0,0.0
CNPJ_000588,0.0,0.1041,5,APROVADO,RGR_R04_DECIL4_10_APROVADO,APROVADO_AUTOMATICO_BAIXO_RISCO,Aprovacao Automatica: Risco dentro do apetite da seguradora.,0.0,False,10000.0,10000.0,0.0,0.0,G,A,BAIXISSIMA,0.0,0.0
CNPJ_000589,0.0,0.114,3,ACEITO_COM_CONDICAO,RGR_R03_DECIL2_3_CONDICIONAL,ACEITE_CONDICIONAL_DECIL_INTERMEDIARIO,Aceite Condicional Decil Intermediario (+7.5% premio).,7.5,False,10000.0,10750.0,750.0,0.0,G,I,ALTA,0.0,1.0
CNPJ_000590,0.0,0.1311,2,ACEITO_COM_CONDICAO,RGR_R03_DECIL2_3_CONDICIONAL,ACEITE_CONDICIONAL_DECIL_INTERMEDIARIO,Aceite Condicional Decil Intermediario (+7.5% premio).,7.5,False,10000.0,10750.0,750.0,0.0,G,H,BAIXISSIMA,3.0,0.0
CNPJ_000591,0.0,0.1016,6,APROVADO,RGR_R04_DECIL4_10_APROVADO,APROVADO_AUTOMATICO_BAIXO_RISCO,Aprovacao Automatica: Risco dentro do apetite da seguradora.,0.0,False,10000.0,10000.0,0.0,0.0,G,D,BAIXISSIMA,0.0,0.0
CNPJ_000592,0.0,0.0773,9,APROVADO,RGR_R04_DECIL4_10_APROVADO,APROVADO_AUTOMATICO_BAIXO_RISCO,Aprovacao Automatica: Risco dentro do apetite da seguradora.,0.0,False,10000.0,10000.0,0.0,0.0,N,,MEDIA,0.0,0.0
CNPJ_000593,0.0,0.1139,3,ACEITO_COM_CONDICAO,RGR_R03_DECIL2_3_CONDICIONAL,ACEITE_CONDICIONAL_DECIL_INTERMEDIARIO,Aceite Condicional Decil Intermediario (+7.5% premio).,7.5,False,10000.0,10750.0,750.0,0.0,G,C,ALTA,0.0,0.0
CNPJ_000594,0.0,0.0947,7,APROVADO,RGR_R04_DECIL4_10_APROVADO,APROVADO_AUTOMATICO_BAIXO_RISCO,Aprovacao Automatica: Risco dentro do apetite da seguradora.,0.0,False,10000.0,10000.0,0.0,0.0,G,,ALTA,0.0,0.0
CNPJ_000595,0.0,0.0841,9,APROVADO,RGR_R04_DECIL4_10_APROVADO,APROVADO_AUTOMATICO_BAIXO_RISCO,Aprovacao Automatica: Risco dentro do apetite da seguradora.,0.0,False,10000.0,10000.0,0.0,0.0,N,J,ALTISSIMA,41.0,0.0
CNPJ_000596,0.0,0.0679,10,APROVADO,RGR_R04_DECIL4_10_APROVADO,APROVADO_AUTOMATICO_BAIXO_RISCO,Aprovacao Automatica: Risco dentro do apetite da seguradora.,0.0,False,10000.0,10000.0,0.0,0.0,G,J,ALTA,33.0,0.0
CNPJ_000597,0.0,0.0946,7,APROVADO,RGR_R04_DECIL4_10_APROVADO,APROVADO_AUTOMATICO_BAIXO_RISCO,Aprovacao Automatica: Risco dentro do apetite da seguradora.,0.0,False,10000.0,10000.0,0.0,0.0,G,H,ALTISSIMA,0.0,0.0
CNPJ_000598,0.0,0.1191,3,RECUSADO,RGR_K01_RISCO_LIDERANCA_AREA_CRITICA,K01_LIDERANCA_AREA_CRITICA,Recusa Sumaria: Risco de lideranca detectado em area de concentracao altissima de sinistro.,0.0,False,10000.0,0.0,0.0,0.0,N,G,ALTISSIMA,13.0,1.0
CNPJ_000599,0.0,0.1056,5,APROVADO,RGR_R04_DECIL4_10_APROVADO,APROVADO_AUTOMATICO_BAIXO_RISCO,Aprovacao Automatica: Risco dentro do apetite da seguradora.,0.0,False,10000.0,10000.0,0.0,0.0,G,I,ALTA,10.0,1.0
CNPJ_000600,0.0,0.097,7,APROVADO,RGR_R04_DECIL4_10_APROVADO,APROVADO_AUTOMATICO_BAIXO_RISCO,Aprovacao Automatica: Risco dentro do apetite da seguradora.,0.0,False,10000.0,10000.0,0.0,0.0,S,EMPRESA_ISENTA,ALTA,11.0,0.0
CNPJ_000601,0.0,0.1097,4,APROVADO,RGR_R04_DECIL4_10_APROVADO,APROVADO_AUTOMATICO_BAIXO_RISCO,Aprovacao Automatica: Risco dentro do apetite da seguradora.,0.0,False,10000.0,10000.0,0.0,0.0,C,D,ALTISSIMA,0.0,0.0
CNPJ_000602,0.0,0.1233,2,ACEITO_COM_CONDICAO,RGR_R03_DECIL2_3_CONDICIONAL,ACEITE_CONDICIONAL_DECIL_INTERMEDIARIO,Aceite Condicional Decil Intermediario (+7.5% premio).,7.5,False,10000.0,10750.0,750.0,0.0,C,I,BAIXISSIMA,10.0,0.0
CNPJ_000603,0.0,0.1087,4,APROVADO,RGR_R04_DECIL4_10_APROVADO,APROVADO_AUTOMATICO_BAIXO_RISCO,Aprovacao Automatica: Risco dentro do apetite da seguradora.,0.0,False,10000.0,10000.0,0.0,0.0,H,B,BAIXISSIMA,0.0,0.0
CNPJ_000604,0.0,0.1117,4,APROVADO,RGR_R04_DECIL4_10_APROVADO,APROVADO_AUTOMATICO_BAIXO_RISCO,Aprovacao Automatica: Risco dentro do apetite da seguradora.,0.0,False,10000.0,10000.0,0.0,0.0,C,A,BAIXISSIMA,0.0,0.0
CNPJ_000605,0.0,0.0931,7,APROVADO,RGR_R04_DECIL4_10_APROVADO,APROVADO_AUTOMATICO_BAIXO_RISCO,Aprovacao Automatica: Risco dentro do apetite da seguradora.,0.0,False,10000.0,10000.0,0.0,0.0,A,F,ALTA,32.0,0.0
CNPJ_000606,0.0,0.0968,7,APROVADO,RGR_R04_DECIL4_10_APROVADO,APROVADO_AUTOMATICO_BAIXO_RISCO,Aprovacao Automatica: Risco dentro do apetite da seguradora.,0.0,False,10000.0,10000.0,0.0,0.0,G,G,ALTA,1.0,0.0
CNPJ_000607,0.0,0.0821,9,APROVADO,RGR_R04_DECIL4_10_APROVADO,APROVADO_AUTOMATICO_BAIXO_RISCO,Aprovacao Automatica: Risco dentro do apetite da seguradora.,0.0,False,10000.0,10000.0,0.0,0.0,M,E,ALTA,0.0,0.0
CNPJ_000608,0.0,0.0986,6,APROVADO,RGR_R04_DECIL4_10_APROVADO,APROVADO_AUTOMATICO_BAIXO_RISCO,Aprovacao Automatica: Risco dentro do apetite da seguradora.,0.0,False,10000.0,10000.0,0.0,0.0,C,J,ALTA,0.0,
CNPJ_000609,0.0,0.1877,1,ACEITO_COM_CONDICAO,RGR_R01_DECIL1_RESGATE_COM_RASTREADOR,RECUPERACAO_COMERCIAL_D1,"Aceite Condicional Decil 1: Perfil de score alto risco, porem mitigado por baixo passivo judicial e geografia favoravel.",15.0,True,10000.0,11500.0,1500.0,0.0,H,C,BAIXISSIMA,0.0,0.0
CNPJ_000610,0.0,0.0713,10,APROVADO,RGR_R04_DECIL4_10_APROVADO,APROVADO_AUTOMATICO_BAIXO_RISCO,Aprovacao Automatica: Risco dentro do apetite da seguradora.,0.0,False,10000.0,10000.0,0.0,0.0,C,J,MEDIA,30.0,0.0
CNPJ_000611,0.0,0.2333,1,RECUSADO,RGR_R02_DECIL1_RECUSA_PADRAO,DECIL1_ALTO_RISCO_SEM_MITIGACAO,Recusa por Decil 1 de Risco sem criterios para resgate comercial.,0.0,False,10000.0,0.0,0.0,0.0,H,J,ALTA,32.0,1.0
CNPJ_000612,0.0,0.0978,6,APROVADO,RGR_R04_DECIL4_10_APROVADO,APROVADO_AUTOMATICO_BAIXO_RISCO,Aprovacao Automatica: Risco dentro do apetite da seguradora.,0.0,False,10000.0,10000.0,0.0,0.0,G,H,ALTISSIMA,17.0,0.0
CNPJ_000613,0.0,0.072,10,APROVADO,RGR_R04_DECIL4_10_APROVADO,APROVADO_AUTOMATICO_BAIXO_RISCO,Aprovacao Automatica: Risco dentro do apetite da seguradora.,0.0,False,10000.0,10000.0,0.0,0.0,G,J,ALTA,45.0,0.0
CNPJ_000614,0.0,0.0735,10,APROVADO,RGR_R04_DECIL4_10_APROVADO,APROVADO_AUTOMATICO_BAIXO_RISCO,Aprovacao Automatica: Risco dentro do apetite da seguradora.,0.0,False,10000.0,10000.0,0.0,0.0,F,J,ALTA,20.0,0.0
CNPJ_000615,0.0,0.0898,8,APROVADO,RGR_R04_DECIL4_10_APROVADO,APROVADO_AUTOMATICO_BAIXO_RISCO,Aprovacao Automatica: Risco dentro do apetite da seguradora.,0.0,False,10000.0,10000.0,0.0,0.0,G,D,BAIXISSIMA,0.0,0.0
CNPJ_000616,0.0,0.0822,9,APROVADO,RGR_R04_DECIL4_10_APROVADO,APROVADO_AUTOMATICO_BAIXO_RISCO,Aprovacao Automatica: Risco dentro do apetite da seguradora.,0.0,False,10000.0,10000.0,0.0,0.0,G,H,BAIXISSIMA,3.0,0.0
CNPJ_000617,0.0,0.0517,10,RECUSADO,RGR_K02_EXCESSO_PROCESSOS_JUDICIAIS,K02_JUDICIAL_EXTREMO,Recusa Sumaria: Elevado passivo judicial (> 100 processos como requerido).,0.0,False,10000.0,0.0,0.0,0.0,K,J,,636.0,1.0
CNPJ_000618,0.0,0.1131,4,APROVADO,RGR_R04_DECIL4_10_APROVADO,APROVADO_AUTOMATICO_BAIXO_RISCO,Aprovacao Automatica: Risco dentro do apetite da seguradora.,0.0,False,10000.0,10000.0,0.0,0.0,G,C,BAIXISSIMA,0.0,0.0
CNPJ_000619,0.0,0.1035,5,APROVADO,RGR_R04_DECIL4_10_APROVADO,APROVADO_AUTOMATICO_BAIXO_RISCO,Aprovacao Automatica: Risco dentro do apetite da seguradora.,0.0,False,10000.0,10000.0,0.0,0.0,Q,EMPRESA_ISENTA,BAIXISSIMA,0.0,0.0
CNPJ_000620,0.0,0.0931,7,RECUSADO,RGR_K01_RISCO_LIDERANCA_AREA_CRITICA,K01_LIDERANCA_AREA_CRITICA,Recusa Sumaria: Risco de lideranca detectado em area de concentracao altissima de sinistro.,0.0,False,10000.0,0.0,0.0,0.0,H,J,ALTISSIMA,155.0,1.0
CNPJ_000621,0.0,0.1685,1,RECUSADO,RGR_K02_EXCESSO_PROCESSOS_JUDICIAIS,K02_JUDICIAL_EXTREMO,Recusa Sumaria: Elevado passivo judicial (> 100 processos como requerido).,0.0,False,10000.0,0.0,0.0,0.0,C,J,BAIXISSIMA,561.0,
CNPJ_000622,0.0,0.1055,5,APROVADO,RGR_R04_DECIL4_10_APROVADO,APROVADO_AUTOMATICO_BAIXO_RISCO,Aprovacao Automatica: Risco dentro do apetite da seguradora.,0.0,False,10000.0,10000.0,0.0,0.0,C,F,ALTISSIMA,1.0,0.0
CNPJ_000623,0.0,0.0557,10,RECUSADO,RGR_K02_EXCESSO_PROCESSOS_JUDICIAIS,K02_JUDICIAL_EXTREMO,Recusa Sumaria: Elevado passivo judicial (> 100 processos como requerido).,0.0,False,10000.0,0.0,0.0,0.0,H,J,ALTISSIMA,116.0,0.0
CNPJ_000624,0.0,0.1239,2,ACEITO_COM_CONDICAO,RGR_R03_DECIL2_3_CONDICIONAL,ACEITE_CONDICIONAL_DECIL_INTERMEDIARIO,Aceite Condicional Decil Intermediario (+7.5% premio).,7.5,False,10000.0,10750.0,750.0,0.0,N,B,ALTISSIMA,0.0,0.0
CNPJ_000625,0.0,0.0941,7,APROVADO,RGR_R04_DECIL4_10_APROVADO,APROVADO_AUTOMATICO_BAIXO_RISCO,Aprovacao Automatica: Risco dentro do apetite da seguradora.,0.0,False,10000.0,10000.0,0.0,0.0,N,A,ALTA,0.0,0.0
CNPJ_000626,0.0,0.137,2,ACEITO_COM_CONDICAO,RGR_R03_DECIL2_3_CONDICIONAL,ACEITE_CONDICIONAL_DECIL_INTERMEDIARIO,Aceite Condicional Decil Intermediario (+7.5% premio).,7.5,False,10000.0,10750.0,750.0,0.0,I,B,BAIXISSIMA,0.0,0.0
CNPJ_000627,0.0,0.0911,8,APROVADO,RGR_R04_DECIL4_10_APROVADO,APROVADO_AUTOMATICO_BAIXO_RISCO,Aprovacao Automatica: Risco dentro do apetite da seguradora.,0.0,False,10000.0,10000.0,0.0,0.0,N,D,ALTA,0.0,0.0
CNPJ_000628,0.0,0.1052,5,APROVADO,RGR_R04_DECIL4_10_APROVADO,APROVADO_AUTOMATICO_BAIXO_RISCO,Aprovacao Automatica: Risco dentro do apetite da seguradora.,0.0,False,10000.0,10000.0,0.0,0.0,J,C,BAIXISSIMA,1.0,0.0
CNPJ_000629,0.0,0.1431,1,RECUSADO,RGR_R02_DECIL1_RECUSA_PADRAO,DECIL1_ALTO_RISCO_SEM_MITIGACAO,Recusa por Decil 1 de Risco sem criterios para resgate comercial.,0.0,False,10000.0,0.0,0.0,0.0,C,D,ALTA,0.0,0.0
CNPJ_000630,0.0,0.0776,9,APROVADO,RGR_R04_DECIL4_10_APROVADO,APROVADO_AUTOMATICO_BAIXO_RISCO,Aprovacao Automatica: Risco dentro do apetite da seguradora.,0.0,False,10000.0,10000.0,0.0,0.0,F,,ALTISSIMA,0.0,0.0
CNPJ_000631,0.0,0.0949,7,APROVADO,RGR_R04_DECIL4_10_APROVADO,APROVADO_AUTOMATICO_BAIXO_RISCO,Aprovacao Automatica: Risco dentro do apetite da seguradora.,0.0,False,10000.0,10000.0,0.0,0.0,F,D,ALTISSIMA,0.0,0.0
CNPJ_000632,0.0,0.1008,6,APROVADO,RGR_R04_DECIL4_10_APROVADO,APROVADO_AUTOMATICO_BAIXO_RISCO,Aprovacao Automatica: Risco dentro do apetite da seguradora.,0.0,False,10000.0,10000.0,0.0,0.0,C,F,ALTA,4.0,1.0
CNPJ_000633,0.0,0.2516,1,RECUSADO,RGR_R02_DECIL1_RECUSA_PADRAO,DECIL1_ALTO_RISCO_SEM_MITIGACAO,Recusa por Decil 1 de Risco sem criterios para resgate comercial.,0.0,False,10000.0,0.0,0.0,0.0,H,B,ALTA,0.0,1.0
CNPJ_000634,0.0,0.1131,4,APROVADO,RGR_R04_DECIL4_10_APROVADO,APROVADO_AUTOMATICO_BAIXO_RISCO,Aprovacao Automatica: Risco dentro do apetite da seguradora.,0.0,False,10000.0,10000.0,0.0,0.0,C,D,BAIXISSIMA,0.0,0.0
CNPJ_000635,0.0,0.0477,10,RECUSADO,RGR_K02_EXCESSO_PROCESSOS_JUDICIAIS,K02_JUDICIAL_EXTREMO,Recusa Sumaria: Elevado passivo judicial (> 100 processos como requerido).,0.0,False,10000.0,0.0,0.0,0.0,H,J,ALTISSIMA,116.0,0.0
CNPJ_000636,0.0,0.0983,6,APROVADO,RGR_R04_DECIL4_10_APROVADO,APROVADO_AUTOMATICO_BAIXO_RISCO,Aprovacao Automatica: Risco dentro do apetite da seguradora.,0.0,False,10000.0,10000.0,0.0,0.0,F,H,ALTA,4.0,0.0
CNPJ_000637,0.0,0.0831,9,APROVADO,RGR_R04_DECIL4_10_APROVADO,APROVADO_AUTOMATICO_BAIXO_RISCO,Aprovacao Automatica: Risco dentro do apetite da seguradora.,0.0,False,10000.0,10000.0,0.0,0.0,S,EMPRESA_ISENTA,BAIXISSIMA,52.0,
CNPJ_000638,0.0,0.1049,5,APROVADO,RGR_R04_DECIL4_10_APROVADO,APROVADO_AUTOMATICO_BAIXO_RISCO,Aprovacao Automatica: Risco dentro do apetite da seguradora.,0.0,False,10000.0,10000.0,0.0,0.0,D,H,BAIXISSIMA,8.0,0.0
CNPJ_000639,0.0,0.0898,8,APROVADO,RGR_R04_DECIL4_10_APROVADO,APROVADO_AUTOMATICO_BAIXO_RISCO,Aprovacao Automatica: Risco dentro do apetite da seguradora.,0.0,False,10000.0,10000.0,0.0,0.0,M,F,ALTISSIMA,0.0,0.0
CNPJ_000640,0.0,0.0807,9,APROVADO,RGR_R04_DECIL4_10_APROVADO,APROVADO_AUTOMATICO_BAIXO_RISCO,Aprovacao Automatica: Risco dentro do apetite da seguradora.,0.0,False,10000.0,10000.0,0.0,0.0,H,G,BAIXISSIMA,0.0,0.0
CNPJ_000641,0.0,0.0938,7,APROVADO,RGR_R04_DECIL4_10_APROVADO,APROVADO_AUTOMATICO_BAIXO_RISCO,Aprovacao Automatica: Risco dentro do apetite da seguradora.,0.0,False,10000.0,10000.0,0.0,0.0,C,F,ALTISSIMA,1.0,0.0
CNPJ_000642,0.0,0.0984,6,APROVADO,RGR_R04_DECIL4_10_APROVADO,APROVADO_AUTOMATICO_BAIXO_RISCO,Aprovacao Automatica: Risco dentro do apetite da seguradora.,0.0,False,10000.0,10000.0,0.0,0.0,C,J,ALTA,5.0,
CNPJ_000643,0.0,0.0909,8,APROVADO,RGR_R04_DECIL4_10_APROVADO,APROVADO_AUTOMATICO_BAIXO_RISCO,Aprovacao Automatica: Risco dentro do apetite da seguradora.,0.0,False,10000.0,10000.0,0.0,0.0,H,C,BAIXISSIMA,0.0,0.0
CNPJ_000644,0.0,0.105,5,APROVADO,RGR_R04_DECIL4_10_APROVADO,APROVADO_AUTOMATICO_BAIXO_RISCO,Aprovacao Automatica: Risco dentro do apetite da seguradora.,0.0,False,10000.0,10000.0,0.0,0.0,G,B,ALTISSIMA,2.0,0.0
CNPJ_000645,0.0,0.1049,5,APROVADO,RGR_R04_DECIL4_10_APROVADO,APROVADO_AUTOMATICO_BAIXO_RISCO,Aprovacao Automatica: Risco dentro do apetite da seguradora.,0.0,False,10000.0,10000.0,0.0,0.0,G,G,ALTA,0.0,0.0
CNPJ_000646,0.0,0.1161,3,ACEITO_COM_CONDICAO,RGR_R03_DECIL2_3_CONDICIONAL,ACEITE_CONDICIONAL_DECIL_INTERMEDIARIO,Aceite Condicional Decil Intermediario (+7.5% premio).,7.5,False,10000.0,10750.0,750.0,0.0,N,E,ALTISSIMA,0.0,0.0
CNPJ_000647,0.0,0.124,2,ACEITO_COM_CONDICAO,RGR_R03_DECIL2_3_CONDICIONAL,ACEITE_CONDICIONAL_DECIL_INTERMEDIARIO,Aceite Condicional Decil Intermediario (+7.5% premio).,7.5,False,10000.0,10750.0,750.0,0.0,C,F,ALTA,1.0,0.0
CNPJ_000648,0.0,0.0935,7,APROVADO,RGR_R04_DECIL4_10_APROVADO,APROVADO_AUTOMATICO_BAIXO_RISCO,Aprovacao Automatica: Risco dentro do apetite da seguradora.,0.0,False,10000.0,10000.0,0.0,0.0,J,E,ALTISSIMA,0.0,0.0
CNPJ_000649,0.0,0.1258,2,ACEITO_COM_CONDICAO,RGR_R03_DECIL2_3_CONDICIONAL,ACEITE_CONDICIONAL_DECIL_INTERMEDIARIO,Aceite Condicional Decil Intermediario (+7.5% premio).,7.5,False,10000.0,10750.0,750.0,0.0,F,J,ALTISSIMA,64.0,0.0
CNPJ_000650,0.0,0.1113,4,APROVADO,RGR_R04_DECIL4_10_APROVADO,APROVADO_AUTOMATICO_BAIXO_RISCO,Aprovacao Automatica: Risco dentro do apetite da seguradora.,0.0,False,10000.0,10000.0,0.0,0.0,S,EMPRESA_ISENTA,MEDIA,3.0,
CNPJ_000651,0.0,0.1091,4,APROVADO,RGR_R04_DECIL4_10_APROVADO,APROVADO_AUTOMATICO_BAIXO_RISCO,Aprovacao Automatica: Risco dentro do apetite da seguradora.,0.0,False,10000.0,10000.0,0.0,0.0,G,B,ALTISSIMA,0.0,0.0
CNPJ_000652,0.0,0.0704,10,APROVADO,RGR_R04_DECIL4_10_APROVADO,APROVADO_AUTOMATICO_BAIXO_RISCO,Aprovacao Automatica: Risco dentro do apetite da seguradora.,0.0,False,10000.0,10000.0,0.0,0.0,J,F,BAIXISSIMA,4.0,1.0
CNPJ_000653,0.0,0.102,6,APROVADO,RGR_R04_DECIL4_10_APROVADO,APROVADO_AUTOMATICO_BAIXO_RISCO,Aprovacao Automatica: Risco dentro do apetite da seguradora.,0.0,False,10000.0,10000.0,0.0,0.0,C,C,ALTA,0.0,0.0
CNPJ_000654,0.0,0.143,1,ACEITO_COM_CONDICAO,RGR_R01_DECIL1_RESGATE_COM_RASTREADOR,RECUPERACAO_COMERCIAL_D1,"Aceite Condicional Decil 1: Perfil de score alto risco, porem mitigado por baixo passivo judicial e geografia favoravel.",15.0,True,10000.0,11500.0,1500.0,0.0,G,F,BAIXISSIMA,0.0,0.0
CNPJ_000655,0.0,0.0914,8,APROVADO,RGR_R04_DECIL4_10_APROVADO,APROVADO_AUTOMATICO_BAIXO_RISCO,Aprovacao Automatica: Risco dentro do apetite da seguradora.,0.0,False,10000.0,10000.0,0.0,0.0,G,F,BAIXISSIMA,1.0,0.0
CNPJ_000656,0.0,0.2033,1,RECUSADO,RGR_R02_DECIL1_RECUSA_PADRAO,DECIL1_ALTO_RISCO_SEM_MITIGACAO,Recusa por Decil 1 de Risco sem criterios para resgate comercial.,0.0,False,10000.0,0.0,0.0,0.0,H,J,ALTA,45.0,0.0
CNPJ_000657,0.0,0.0557,10,RECUSADO,RGR_K02_EXCESSO_PROCESSOS_JUDICIAIS,K02_JUDICIAL_EXTREMO,Recusa Sumaria: Elevado passivo judicial (> 100 processos como requerido).,0.0,False,10000.0,0.0,0.0,0.0,H,J,ALTISSIMA,116.0,0.0
CNPJ_000658,0.0,0.0853,9,APROVADO,RGR_R04_DECIL4_10_APROVADO,APROVADO_AUTOMATICO_BAIXO_RISCO,Aprovacao Automatica: Risco dentro do apetite da seguradora.,0.0,False,10000.0,10000.0,0.0,0.0,D,H,BAIXISSIMA,4.0,0.0
CNPJ_000659,0.0,0.0978,6,APROVADO,RGR_R04_DECIL4_10_APROVADO,APROVADO_AUTOMATICO_BAIXO_RISCO,Aprovacao Automatica: Risco dentro do apetite da seguradora.,0.0,False,10000.0,10000.0,0.0,0.0,G,E,ALTA,1.0,0.0
CNPJ_000660,0.0,0.1059,5,APROVADO,RGR_R04_DECIL4_10_APROVADO,APROVADO_AUTOMATICO_BAIXO_RISCO,Aprovacao Automatica: Risco dentro do apetite da seguradora.,0.0,False,10000.0,10000.0,0.0,0.0,G,D,BAIXISSIMA,0.0,0.0
CNPJ_000661,0.0,0.1024,5,APROVADO,RGR_R04_DECIL4_10_APROVADO,APROVADO_AUTOMATICO_BAIXO_RISCO,Aprovacao Automatica: Risco dentro do apetite da seguradora.,0.0,False,10000.0,10000.0,0.0,0.0,C,G,BAIXISSIMA,0.0,0.0
CNPJ_000662,0.0,0.0702,10,APROVADO,RGR_R04_DECIL4_10_APROVADO,APROVADO_AUTOMATICO_BAIXO_RISCO,Aprovacao Automatica: Risco dentro do apetite da seguradora.,0.0,False,10000.0,10000.0,0.0,0.0,F,J,ALTISSIMA,64.0,0.0
CNPJ_000663,0.0,0.0848,9,APROVADO,RGR_R04_DECIL4_10_APROVADO,APROVADO_AUTOMATICO_BAIXO_RISCO,Aprovacao Automatica: Risco dentro do apetite da seguradora.,0.0,False,10000.0,10000.0,0.0,0.0,G,H,ALTA,4.0,0.0
CNPJ_000664,0.0,0.102,6,APROVADO,RGR_R04_DECIL4_10_APROVADO,APROVADO_AUTOMATICO_BAIXO_RISCO,Aprovacao Automatica: Risco dentro do apetite da seguradora.,0.0,False,10000.0,10000.0,0.0,0.0,F,J,ALTA,63.0,0.0
CNPJ_000665,0.0,0.0591,10,APROVADO,RGR_R04_DECIL4_10_APROVADO,APROVADO_AUTOMATICO_BAIXO_RISCO,Aprovacao Automatica: Risco dentro do apetite da seguradora.,0.0,False,10000.0,10000.0,0.0,0.0,H,G,ALTA,6.0,0.0
CNPJ_000666,0.0,0.1329,2,ACEITO_COM_CONDICAO,RGR_R03_DECIL2_3_CONDICIONAL,ACEITE_CONDICIONAL_DECIL_INTERMEDIARIO,Aceite Condicional Decil Intermediario (+7.5% premio).,7.5,False,10000.0,10750.0,750.0,0.0,H,,BAIXISSIMA,0.0,0.0
CNPJ_000667,0.0,0.0642,10,APROVADO,RGR_R04_DECIL4_10_APROVADO,APROVADO_AUTOMATICO_BAIXO_RISCO,Aprovacao Automatica: Risco dentro do apetite da seguradora.,0.0,False,10000.0,10000.0,0.0,0.0,G,J,ALTA,23.0,0.0
CNPJ_000668,0.0,0.1025,5,APROVADO,RGR_R04_DECIL4_10_APROVADO,APROVADO_AUTOMATICO_BAIXO_RISCO,Aprovacao Automatica: Risco dentro do apetite da seguradora.,0.0,False,10000.0,10000.0,0.0,0.0,G,G,MEDIA,3.0,0.0
CNPJ_000669,0.0,0.1266,2,ACEITO_COM_CONDICAO,RGR_R03_DECIL2_3_CONDICIONAL,ACEITE_CONDICIONAL_DECIL_INTERMEDIARIO,Aceite Condicional Decil Intermediario (+7.5% premio).,7.5,False,10000.0,10750.0,750.0,0.0,C,J,BAIXISSIMA,2.0,0.0
CNPJ_000670,0.0,0.0833,9,APROVADO,RGR_R04_DECIL4_10_APROVADO,APROVADO_AUTOMATICO_BAIXO_RISCO,Aprovacao Automatica: Risco dentro do apetite da seguradora.,0.0,False,10000.0,10000.0,0.0,0.0,C,J,ALTA,4.0,0.0
CNPJ_000671,0.0,0.1041,5,APROVADO,RGR_R04_DECIL4_10_APROVADO,APROVADO_AUTOMATICO_BAIXO_RISCO,Aprovacao Automatica: Risco dentro do apetite da seguradora.,0.0,False,10000.0,10000.0,0.0,0.0,C,A,ALTA,0.0,0.0
CNPJ_000672,0.0,0.1174,3,ACEITO_COM_CONDICAO,RGR_R03_DECIL2_3_CONDICIONAL,ACEITE_CONDICIONAL_DECIL_INTERMEDIARIO,Aceite Condicional Decil Intermediario (+7.5% premio).,7.5,False,10000.0,10750.0,750.0,0.0,G,D,ALTISSIMA,0.0,0.0
CNPJ_000673,0.0,0.0825,9,RECUSADO,RGR_K01_RISCO_LIDERANCA_AREA_CRITICA,K01_LIDERANCA_AREA_CRITICA,Recusa Sumaria: Risco de lideranca detectado em area de concentracao altissima de sinistro.,0.0,False,10000.0,0.0,0.0,0.0,G,J,ALTISSIMA,20104.0,1.0
CNPJ_000674,0.0,0.1077,4,APROVADO,RGR_R04_DECIL4_10_APROVADO,APROVADO_AUTOMATICO_BAIXO_RISCO,Aprovacao Automatica: Risco dentro do apetite da seguradora.,0.0,False,10000.0,10000.0,0.0,0.0,H,,BAIXISSIMA,0.0,0.0
CNPJ_000675,0.0,0.0907,8,APROVADO,RGR_R04_DECIL4_10_APROVADO,APROVADO_AUTOMATICO_BAIXO_RISCO,Aprovacao Automatica: Risco dentro do apetite da seguradora.,0.0,False,10000.0,10000.0,0.0,0.0,Q,A,ALTA,0.0,0.0
CNPJ_000676,0.0,0.1119,4,APROVADO,RGR_R04_DECIL4_10_APROVADO,APROVADO_AUTOMATICO_BAIXO_RISCO,Aprovacao Automatica: Risco dentro do apetite da seguradora.,0.0,False,10000.0,10000.0,0.0,0.0,R,EMPRESA_ISENTA,BAIXISSIMA,1.0,0.0
CNPJ_000677,0.0,0.1364,2,ACEITO_COM_CONDICAO,RGR_R03_DECIL2_3_CONDICIONAL,ACEITE_CONDICIONAL_DECIL_INTERMEDIARIO,Aceite Condicional Decil Intermediario (+7.5% premio).,7.5,False,10000.0,10750.0,750.0,0.0,H,D,BAIXISSIMA,0.0,0.0
CNPJ_000678,0.0,0.0974,6,APROVADO,RGR_R04_DECIL4_10_APROVADO,APROVADO_AUTOMATICO_BAIXO_RISCO,Aprovacao Automatica: Risco dentro do apetite da seguradora.,0.0,False,10000.0,10000.0,0.0,0.0,C,D,BAIXISSIMA,0.0,0.0
CNPJ_000679,0.0,0.0709,10,APROVADO,RGR_R04_DECIL4_10_APROVADO,APROVADO_AUTOMATICO_BAIXO_RISCO,Aprovacao Automatica: Risco dentro do apetite da seguradora.,0.0,False,10000.0,10000.0,0.0,0.0,,,BAIXISSIMA,,
CNPJ_000680,0.0,0.1018,6,APROVADO,RGR_R04_DECIL4_10_APROVADO,APROVADO_AUTOMATICO_BAIXO_RISCO,Aprovacao Automatica: Risco dentro do apetite da seguradora.,0.0,False,10000.0,10000.0,0.0,0.0,G,C,BAIXISSIMA,0.0,0.0
CNPJ_000681,0.0,0.0803,9,APROVADO,RGR_R04_DECIL4_10_APROVADO,APROVADO_AUTOMATICO_BAIXO_RISCO,Aprovacao Automatica: Risco dentro do apetite da seguradora.,0.0,False,10000.0,10000.0,0.0,0.0,H,A,ALTA,0.0,1.0
CNPJ_000682,0.0,0.0978,6,APROVADO,RGR_R04_DECIL4_10_APROVADO,APROVADO_AUTOMATICO_BAIXO_RISCO,Aprovacao Automatica: Risco dentro do apetite da seguradora.,0.0,False,10000.0,10000.0,0.0,0.0,G,J,BAIXISSIMA,0.0,0.0
CNPJ_000683,0.0,0.0961,7,APROVADO,RGR_R04_DECIL4_10_APROVADO,APROVADO_AUTOMATICO_BAIXO_RISCO,Aprovacao Automatica: Risco dentro do apetite da seguradora.,0.0,False,10000.0,10000.0,0.0,0.0,H,G,BAIXISSIMA,0.0,0.0
CNPJ_000684,0.0,0.0761,10,RECUSADO,RGR_K01_RISCO_LIDERANCA_AREA_CRITICA,K01_LIDERANCA_AREA_CRITICA,Recusa Sumaria: Risco de lideranca detectado em area de concentracao altissima de sinistro.,0.0,False,10000.0,0.0,0.0,0.0,H,J,ALTISSIMA,123.0,1.0
CNPJ_000685,0.0,0.1061,5,APROVADO,RGR_R04_DECIL4_10_APROVADO,APROVADO_AUTOMATICO_BAIXO_RISCO,Aprovacao Automatica: Risco dentro do apetite da seguradora.,0.0,False,10000.0,10000.0,0.0,0.0,G,G,ALTISSIMA,3.0,0.0
CNPJ_000686,0.0,0.1222,2,ACEITO_COM_CONDICAO,RGR_R03_DECIL2_3_CONDICIONAL,ACEITE_CONDICIONAL_DECIL_INTERMEDIARIO,Aceite Condicional Decil Intermediario (+7.5% premio).,7.5,False,10000.0,10750.0,750.0,0.0,G,E,BAIXISSIMA,0.0,0.0
CNPJ_000687,0.0,0.0975,6,APROVADO,RGR_R04_DECIL4_10_APROVADO,APROVADO_AUTOMATICO_BAIXO_RISCO,Aprovacao Automatica: Risco dentro do apetite da seguradora.,0.0,False,10000.0,10000.0,0.0,0.0,G,,BAIXISSIMA,0.0,0.0
CNPJ_000688,0.0,0.1217,2,ACEITO_COM_CONDICAO,RGR_R03_DECIL2_3_CONDICIONAL,ACEITE_CONDICIONAL_DECIL_INTERMEDIARIO,Aceite Condicional Decil Intermediario (+7.5% premio).,7.5,False,10000.0,10750.0,750.0,0.0,S,EMPRESA_ISENTA,ALTA,0.0,0.0
CNPJ_000689,0.0,0.2891,1,ACEITO_COM_CONDICAO,RGR_R01_DECIL1_RESGATE_COM_RASTREADOR,RECUPERACAO_COMERCIAL_D1,"Aceite Condicional Decil 1: Perfil de score alto risco, porem mitigado por baixo passivo judicial e geografia favoravel.",15.0,True,10000.0,11500.0,1500.0,0.0,H,A,BAIXISSIMA,0.0,0.0
CNPJ_000690,0.0,0.1136,3,ACEITO_COM_CONDICAO,RGR_R03_DECIL2_3_CONDICIONAL,ACEITE_CONDICIONAL_DECIL_INTERMEDIARIO,Aceite Condicional Decil Intermediario (+7.5% premio).,7.5,False,10000.0,10750.0,750.0,0.0,L,,BAIXISSIMA,0.0,0.0
CNPJ_000691,0.0,0.0833,9,APROVADO,RGR_R04_DECIL4_10_APROVADO,APROVADO_AUTOMATICO_BAIXO_RISCO,Aprovacao Automatica: Risco dentro do apetite da seguradora.,0.0,False,10000.0,10000.0,0.0,0.0,G,I,BAIXISSIMA,12.0,0.0
CNPJ_000692,0.0,0.1146,3,ACEITO_COM_CONDICAO,RGR_R03_DECIL2_3_CONDICIONAL,ACEITE_CONDICIONAL_DECIL_INTERMEDIARIO,Aceite Condicional Decil Intermediario (+7.5% premio).,7.5,False,10000.0,10750.0,750.0,0.0,G,E,BAIXISSIMA,0.0,0.0
CNPJ_000693,0.0,0.1058,5,APROVADO,RGR_R04_DECIL4_10_APROVADO,APROVADO_AUTOMATICO_BAIXO_RISCO,Aprovacao Automatica: Risco dentro do apetite da seguradora.,0.0,False,10000.0,10000.0,0.0,0.0,A,E,ALTA,0.0,0.0
CNPJ_000694,0.0,0.0758,10,APROVADO,RGR_R04_DECIL4_10_APROVADO,APROVADO_AUTOMATICO_BAIXO_RISCO,Aprovacao Automatica: Risco dentro do apetite da seguradora.,0.0,False,10000.0,10000.0,0.0,0.0,C,H,BAIXISSIMA,5.0,0.0
CNPJ_000695,0.0,0.1229,2,ACEITO_COM_CONDICAO,RGR_R03_DECIL2_3_CONDICIONAL,ACEITE_CONDICIONAL_DECIL_INTERMEDIARIO,Aceite Condicional Decil Intermediario (+7.5% premio).,7.5,False,10000.0,10750.0,750.0,0.0,J,F,ALTISSIMA,0.0,0.0
CNPJ_000696,0.0,0.1125,4,APROVADO,RGR_R04_DECIL4_10_APROVADO,APROVADO_AUTOMATICO_BAIXO_RISCO,Aprovacao Automatica: Risco dentro do apetite da seguradora.,0.0,False,10000.0,10000.0,0.0,0.0,F,,ALTISSIMA,0.0,0.0
CNPJ_000697,0.0,0.1164,3,ACEITO_COM_CONDICAO,RGR_R03_DECIL2_3_CONDICIONAL,ACEITE_CONDICIONAL_DECIL_INTERMEDIARIO,Aceite Condicional Decil Intermediario (+7.5% premio).,7.5,False,10000.0,10750.0,750.0,0.0,G,C,ALTISSIMA,0.0,0.0
CNPJ_000698,0.0,0.1213,2,ACEITO_COM_CONDICAO,RGR_R03_DECIL2_3_CONDICIONAL,ACEITE_CONDICIONAL_DECIL_INTERMEDIARIO,Aceite Condicional Decil Intermediario (+7.5% premio).,7.5,False,10000.0,10750.0,750.0,0.0,G,H,ALTA,3.0,0.0
CNPJ_000699,0.0,0.1076,4,APROVADO,RGR_R04_DECIL4_10_APROVADO,APROVADO_AUTOMATICO_BAIXO_RISCO,Aprovacao Automatica: Risco dentro do apetite da seguradora.,0.0,False,10000.0,10000.0,0.0,0.0,G,E,ALTA,1.0,0.0
CNPJ_000700,0.0,0.1042,5,APROVADO,RGR_R04_DECIL4_10_APROVADO,APROVADO_AUTOMATICO_BAIXO_RISCO,Aprovacao Automatica: Risco dentro do apetite da seguradora.,0.0,False,10000.0,10000.0,0.0,0.0,N,A,ALTISSIMA,0.0,0.0
CNPJ_000701,0.0,0.1051,5,APROVADO,RGR_R04_DECIL4_10_APROVADO,APROVADO_AUTOMATICO_BAIXO_RISCO,Aprovacao Automatica: Risco dentro do apetite da seguradora.,0.0,False,10000.0,10000.0,0.0,0.0,G,G,MEDIA,4.0,0.0
CNPJ_000702,0.0,0.0859,8,APROVADO,RGR_R04_DECIL4_10_APROVADO,APROVADO_AUTOMATICO_BAIXO_RISCO,Aprovacao Automatica: Risco dentro do apetite da seguradora.,0.0,False,10000.0,10000.0,0.0,0.0,F,J,ALTA,20.0,0.0
CNPJ_000703,0.0,0.0579,10,APROVADO,RGR_R04_DECIL4_10_APROVADO,APROVADO_AUTOMATICO_BAIXO_RISCO,Aprovacao Automatica: Risco dentro do apetite da seguradora.,0.0,False,10000.0,10000.0,0.0,0.0,H,A,ALTISSIMA,0.0,0.0
CNPJ_000704,0.0,0.1178,3,ACEITO_COM_CONDICAO,RGR_R03_DECIL2_3_CONDICIONAL,ACEITE_CONDICIONAL_DECIL_INTERMEDIARIO,Aceite Condicional Decil Intermediario (+7.5% premio).,7.5,False,10000.0,10750.0,750.0,0.0,H,G,BAIXISSIMA,3.0,0.0
CNPJ_000705,0.0,0.0867,8,APROVADO,RGR_R04_DECIL4_10_APROVADO,APROVADO_AUTOMATICO_BAIXO_RISCO,Aprovacao Automatica: Risco dentro do apetite da seguradora.,0.0,False,10000.0,10000.0,0.0,0.0,G,E,ALTA,1.0,0.0
CNPJ_000706,0.0,0.1145,3,ACEITO_COM_CONDICAO,RGR_R03_DECIL2_3_CONDICIONAL,ACEITE_CONDICIONAL_DECIL_INTERMEDIARIO,Aceite Condicional Decil Intermediario (+7.5% premio).,7.5,False,10000.0,10750.0,750.0,0.0,C,A,ALTA,2.0,0.0
CNPJ_000707,0.0,0.1148,3,ACEITO_COM_CONDICAO,RGR_R03_DECIL2_3_CONDICIONAL,ACEITE_CONDICIONAL_DECIL_INTERMEDIARIO,Aceite Condicional Decil Intermediario (+7.5% premio).,7.5,False,10000.0,10750.0,750.0,0.0,N,E,ALTA,0.0,0.0
CNPJ_000708,0.0,0.091,8,APROVADO,RGR_R04_DECIL4_10_APROVADO,APROVADO_AUTOMATICO_BAIXO_RISCO,Aprovacao Automatica: Risco dentro do apetite da seguradora.,0.0,False,10000.0,10000.0,0.0,0.0,Q,,ALTA,0.0,0.0
CNPJ_000709,0.0,0.0856,8,APROVADO,RGR_R04_DECIL4_10_APROVADO,APROVADO_AUTOMATICO_BAIXO_RISCO,Aprovacao Automatica: Risco dentro do apetite da seguradora.,0.0,False,10000.0,10000.0,0.0,0.0,C,F,ALTA,0.0,0.0
CNPJ_000710,0.0,0.1032,5,APROVADO,RGR_R04_DECIL4_10_APROVADO,APROVADO_AUTOMATICO_BAIXO_RISCO,Aprovacao Automatica: Risco dentro do apetite da seguradora.,0.0,False,10000.0,10000.0,0.0,0.0,C,E,BAIXISSIMA,3.0,0.0
CNPJ_000711,0.0,0.0864,8,APROVADO,RGR_R04_DECIL4_10_APROVADO,APROVADO_AUTOMATICO_BAIXO_RISCO,Aprovacao Automatica: Risco dentro do apetite da seguradora.,0.0,False,10000.0,10000.0,0.0,0.0,M,F,MEDIA,1.0,1.0
CNPJ_000712,0.0,0.0957,7,RECUSADO,RGR_K01_RISCO_LIDERANCA_AREA_CRITICA,K01_LIDERANCA_AREA_CRITICA,Recusa Sumaria: Risco de lideranca detectado em area de concentracao altissima de sinistro.,0.0,False,10000.0,0.0,0.0,0.0,N,F,ALTISSIMA,0.0,1.0
CNPJ_000713,0.0,0.098,6,APROVADO,RGR_R04_DECIL4_10_APROVADO,APROVADO_AUTOMATICO_BAIXO_RISCO,Aprovacao Automatica: Risco dentro do apetite da seguradora.,0.0,False,10000.0,10000.0,0.0,0.0,C,I,ALTISSIMA,3.0,0.0
CNPJ_000714,0.0,0.107,5,APROVADO,RGR_R04_DECIL4_10_APROVADO,APROVADO_AUTOMATICO_BAIXO_RISCO,Aprovacao Automatica: Risco dentro do apetite da seguradora.,0.0,False,10000.0,10000.0,0.0,0.0,N,D,BAIXISSIMA,0.0,0.0
CNPJ_000715,0.0,0.1014,6,APROVADO,RGR_R04_DECIL4_10_APROVADO,APROVADO_AUTOMATICO_BAIXO_RISCO,Aprovacao Automatica: Risco dentro do apetite da seguradora.,0.0,False,10000.0,10000.0,0.0,0.0,M,G,ALTA,1.0,0.0
CNPJ_000716,0.0,0.1027,5,APROVADO,RGR_R04_DECIL4_10_APROVADO,APROVADO_AUTOMATICO_BAIXO_RISCO,Aprovacao Automatica: Risco dentro do apetite da seguradora.,0.0,False,10000.0,10000.0,0.0,0.0,P,EMPRESA_ISENTA,MEDIA,0.0,0.0
CNPJ_000717,0.0,0.0975,6,APROVADO,RGR_R04_DECIL4_10_APROVADO,APROVADO_AUTOMATICO_BAIXO_RISCO,Aprovacao Automatica: Risco dentro do apetite da seguradora.,0.0,False,10000.0,10000.0,0.0,0.0,G,G,BAIXISSIMA,2.0,0.0
CNPJ_000718,0.0,0.1147,3,ACEITO_COM_CONDICAO,RGR_R03_DECIL2_3_CONDICIONAL,ACEITE_CONDICIONAL_DECIL_INTERMEDIARIO,Aceite Condicional Decil Intermediario (+7.5% premio).,7.5,False,10000.0,10750.0,750.0,0.0,I,A,ALTA,0.0,0.0
CNPJ_000719,0.0,0.1136,3,ACEITO_COM_CONDICAO,RGR_R03_DECIL2_3_CONDICIONAL,ACEITE_CONDICIONAL_DECIL_INTERMEDIARIO,Aceite Condicional Decil Intermediario (+7.5% premio).,7.5,False,10000.0,10750.0,750.0,0.0,A,I,ALTA,1.0,1.0
CNPJ_000720,0.0,0.1025,5,APROVADO,RGR_R04_DECIL4_10_APROVADO,APROVADO_AUTOMATICO_BAIXO_RISCO,Aprovacao Automatica: Risco dentro do apetite da seguradora.,0.0,False,10000.0,10000.0,0.0,0.0,F,E,ALTA,1.0,0.0
CNPJ_000721,0.0,0.1317,2,ACEITO_COM_CONDICAO,RGR_R03_DECIL2_3_CONDICIONAL,ACEITE_CONDICIONAL_DECIL_INTERMEDIARIO,Aceite Condicional Decil Intermediario (+7.5% premio).,7.5,False,10000.0,10750.0,750.0,0.0,C,F,BAIXISSIMA,3.0,0.0
CNPJ_000722,0.0,0.089,8,APROVADO,RGR_R04_DECIL4_10_APROVADO,APROVADO_AUTOMATICO_BAIXO_RISCO,Aprovacao Automatica: Risco dentro do apetite da seguradora.,0.0,False,10000.0,10000.0,0.0,0.0,G,F,ALTA,0.0,0.0
CNPJ_000723,0.0,0.1095,4,APROVADO,RGR_R04_DECIL4_10_APROVADO,APROVADO_AUTOMATICO_BAIXO_RISCO,Aprovacao Automatica: Risco dentro do apetite da seguradora.,0.0,False,10000.0,10000.0,0.0,0.0,N,A,ALTISSIMA,0.0,0.0
CNPJ_000724,0.0,0.098,6,APROVADO,RGR_R04_DECIL4_10_APROVADO,APROVADO_AUTOMATICO_BAIXO_RISCO,Aprovacao Automatica: Risco dentro do apetite da seguradora.,0.0,False,10000.0,10000.0,0.0,0.0,G,C,ALTISSIMA,0.0,0.0
CNPJ_000725,0.0,0.113,4,APROVADO,RGR_R04_DECIL4_10_APROVADO,APROVADO_AUTOMATICO_BAIXO_RISCO,Aprovacao Automatica: Risco dentro do apetite da seguradora.,0.0,False,10000.0,10000.0,0.0,0.0,G,,BAIXISSIMA,0.0,1.0
CNPJ_000726,0.0,0.1161,3,ACEITO_COM_CONDICAO,RGR_R03_DECIL2_3_CONDICIONAL,ACEITE_CONDICIONAL_DECIL_INTERMEDIARIO,Aceite Condicional Decil Intermediario (+7.5% premio).,7.5,False,10000.0,10750.0,750.0,0.0,G,D,BAIXISSIMA,0.0,0.0
CNPJ_000727,0.0,0.0945,7,APROVADO,RGR_R04_DECIL4_10_APROVADO,APROVADO_AUTOMATICO_BAIXO_RISCO,Aprovacao Automatica: Risco dentro do apetite da seguradora.,0.0,False,10000.0,10000.0,0.0,0.0,G,C,ALTISSIMA,0.0,0.0
CNPJ_000728,0.0,0.1138,3,ACEITO_COM_CONDICAO,RGR_R03_DECIL2_3_CONDICIONAL,ACEITE_CONDICIONAL_DECIL_INTERMEDIARIO,Aceite Condicional Decil Intermediario (+7.5% premio).,7.5,False,10000.0,10750.0,750.0,0.0,N,J,ALTA,0.0,0.0
CNPJ_000729,0.0,0.0982,6,APROVADO,RGR_R04_DECIL4_10_APROVADO,APROVADO_AUTOMATICO_BAIXO_RISCO,Aprovacao Automatica: Risco dentro do apetite da seguradora.,0.0,False,10000.0,10000.0,0.0,0.0,G,E,ALTA,0.0,0.0
CNPJ_000730,0.0,0.1043,5,RECUSADO,RGR_K01_RISCO_LIDERANCA_AREA_CRITICA,K01_LIDERANCA_AREA_CRITICA,Recusa Sumaria: Risco de lideranca detectado em area de concentracao altissima de sinistro.,0.0,False,10000.0,0.0,0.0,0.0,C,,ALTISSIMA,0.0,1.0
CNPJ_000731,0.0,0.0908,8,APROVADO,RGR_R04_DECIL4_10_APROVADO,APROVADO_AUTOMATICO_BAIXO_RISCO,Aprovacao Automatica: Risco dentro do apetite da seguradora.,0.0,False,10000.0,10000.0,0.0,0.0,G,D,BAIXISSIMA,0.0,0.0
CNPJ_000732,0.0,0.0869,8,RECUSADO,RGR_K01_RISCO_LIDERANCA_AREA_CRITICA,K01_LIDERANCA_AREA_CRITICA,Recusa Sumaria: Risco de lideranca detectado em area de concentracao altissima de sinistro.,0.0,False,10000.0,0.0,0.0,0.0,N,,ALTISSIMA,2.0,1.0
CNPJ_000733,0.0,0.108,4,APROVADO,RGR_R04_DECIL4_10_APROVADO,APROVADO_AUTOMATICO_BAIXO_RISCO,Aprovacao Automatica: Risco dentro do apetite da seguradora.,0.0,False,10000.0,10000.0,0.0,0.0,G,G,BAIXISSIMA,0.0,0.0
CNPJ_000734,0.0,0.0874,8,APROVADO,RGR_R04_DECIL4_10_APROVADO,APROVADO_AUTOMATICO_BAIXO_RISCO,Aprovacao Automatica: Risco dentro do apetite da seguradora.,0.0,False,10000.0,10000.0,0.0,0.0,J,C,BAIXISSIMA,0.0,0.0
CNPJ_000735,0.0,0.0709,10,APROVADO,RGR_R04_DECIL4_10_APROVADO,APROVADO_AUTOMATICO_BAIXO_RISCO,Aprovacao Automatica: Risco dentro do apetite da seguradora.,0.0,False,10000.0,10000.0,0.0,0.0,,,,,
CNPJ_000736,0.0,0.0853,9,APROVADO,RGR_R04_DECIL4_10_APROVADO,APROVADO_AUTOMATICO_BAIXO_RISCO,Aprovacao Automatica: Risco dentro do apetite da seguradora.,0.0,False,10000.0,10000.0,0.0,0.0,G,E,ALTA,3.0,0.0
CNPJ_000737,0.0,0.1181,3,ACEITO_COM_CONDICAO,RGR_R03_DECIL2_3_CONDICIONAL,ACEITE_CONDICIONAL_DECIL_INTERMEDIARIO,Aceite Condicional Decil Intermediario (+7.5% premio).,7.5,False,10000.0,10750.0,750.0,0.0,C,,BAIXISSIMA,0.0,0.0
CNPJ_000738,0.0,0.2547,1,ACEITO_COM_CONDICAO,RGR_R01_DECIL1_RESGATE_COM_RASTREADOR,RECUPERACAO_COMERCIAL_D1,"Aceite Condicional Decil 1: Perfil de score alto risco, porem mitigado por baixo passivo judicial e geografia favoravel.",15.0,True,10000.0,11500.0,1500.0,0.0,H,E,BAIXISSIMA,0.0,0.0
CNPJ_000739,0.0,0.0851,9,APROVADO,RGR_R04_DECIL4_10_APROVADO,APROVADO_AUTOMATICO_BAIXO_RISCO,Aprovacao Automatica: Risco dentro do apetite da seguradora.,0.0,False,10000.0,10000.0,0.0,0.0,G,G,ALTA,1.0,0.0
CNPJ_000740,0.0,0.0829,9,APROVADO,RGR_R04_DECIL4_10_APROVADO,APROVADO_AUTOMATICO_BAIXO_RISCO,Aprovacao Automatica: Risco dentro do apetite da seguradora.,0.0,False,10000.0,10000.0,0.0,0.0,N,J,ALTISSIMA,41.0,0.0
CNPJ_000741,0.0,0.1011,6,APROVADO,RGR_R04_DECIL4_10_APROVADO,APROVADO_AUTOMATICO_BAIXO_RISCO,Aprovacao Automatica: Risco dentro do apetite da seguradora.,0.0,False,10000.0,10000.0,0.0,0.0,G,A,ALTA,0.0,0.0
CNPJ_000742,0.0,0.1191,3,ACEITO_COM_CONDICAO,RGR_R03_DECIL2_3_CONDICIONAL,ACEITE_CONDICIONAL_DECIL_INTERMEDIARIO,Aceite Condicional Decil Intermediario (+7.5% premio).,7.5,False,10000.0,10750.0,750.0,0.0,S,,MEDIA,0.0,0.0
CNPJ_000743,0.0,0.1286,2,ACEITO_COM_CONDICAO,RGR_R03_DECIL2_3_CONDICIONAL,ACEITE_CONDICIONAL_DECIL_INTERMEDIARIO,Aceite Condicional Decil Intermediario (+7.5% premio).,7.5,False,10000.0,10750.0,750.0,0.0,G,D,BAIXISSIMA,3.0,0.0
CNPJ_000744,0.0,0.0867,8,APROVADO,RGR_R04_DECIL4_10_APROVADO,APROVADO_AUTOMATICO_BAIXO_RISCO,Aprovacao Automatica: Risco dentro do apetite da seguradora.,0.0,False,10000.0,10000.0,0.0,0.0,C,,BAIXISSIMA,0.0,0.0
CNPJ_000745,0.0,0.1261,2,ACEITO_COM_CONDICAO,RGR_R03_DECIL2_3_CONDICIONAL,ACEITE_CONDICIONAL_DECIL_INTERMEDIARIO,Aceite Condicional Decil Intermediario (+7.5% premio).,7.5,False,10000.0,10750.0,750.0,0.0,C,J,BAIXISSIMA,17.0,0.0
CNPJ_000746,0.0,0.1002,6,APROVADO,RGR_R04_DECIL4_10_APROVADO,APROVADO_AUTOMATICO_BAIXO_RISCO,Aprovacao Automatica: Risco dentro do apetite da seguradora.,0.0,False,10000.0,10000.0,0.0,0.0,S,F,ALTISSIMA,5.0,0.0
CNPJ_000747,0.0,0.1231,2,ACEITO_COM_CONDICAO,RGR_R03_DECIL2_3_CONDICIONAL,ACEITE_CONDICIONAL_DECIL_INTERMEDIARIO,Aceite Condicional Decil Intermediario (+7.5% premio).,7.5,False,10000.0,10750.0,750.0,0.0,G,F,ALTA,2.0,0.0
CNPJ_000748,0.0,0.0979,6,APROVADO,RGR_R04_DECIL4_10_APROVADO,APROVADO_AUTOMATICO_BAIXO_RISCO,Aprovacao Automatica: Risco dentro do apetite da seguradora.,0.0,False,10000.0,10000.0,0.0,0.0,S,EMPRESA_ISENTA,ALTISSIMA,2.0,0.0
CNPJ_000749,0.0,0.1304,2,ACEITO_COM_CONDICAO,RGR_R03_DECIL2_3_CONDICIONAL,ACEITE_CONDICIONAL_DECIL_INTERMEDIARIO,Aceite Condicional Decil Intermediario (+7.5% premio).,7.5,False,10000.0,10750.0,750.0,0.0,C,G,BAIXISSIMA,3.0,0.0
CNPJ_000750,0.0,0.0968,7,APROVADO,RGR_R04_DECIL4_10_APROVADO,APROVADO_AUTOMATICO_BAIXO_RISCO,Aprovacao Automatica: Risco dentro do apetite da seguradora.,0.0,False,10000.0,10000.0,0.0,0.0,D,H,ALTISSIMA,4.0,0.0
CNPJ_000751,0.0,0.0921,7,RECUSADO,RGR_K01_RISCO_LIDERANCA_AREA_CRITICA,K01_LIDERANCA_AREA_CRITICA,Recusa Sumaria: Risco de lideranca detectado em area de concentracao altissima de sinistro.,0.0,False,10000.0,0.0,0.0,0.0,M,,ALTISSIMA,0.0,1.0
CNPJ_000752,0.0,0.0896,8,APROVADO,RGR_R04_DECIL4_10_APROVADO,APROVADO_AUTOMATICO_BAIXO_RISCO,Aprovacao Automatica: Risco dentro do apetite da seguradora.,0.0,False,10000.0,10000.0,0.0,0.0,C,H,MEDIA,1.0,0.0
CNPJ_000753,0.0,0.0709,10,APROVADO,RGR_R04_DECIL4_10_APROVADO,APROVADO_AUTOMATICO_BAIXO_RISCO,Aprovacao Automatica: Risco dentro do apetite da seguradora.,0.0,False,10000.0,10000.0,0.0,0.0,,,,,
CNPJ_000754,0.0,0.1063,5,APROVADO,RGR_R04_DECIL4_10_APROVADO,APROVADO_AUTOMATICO_BAIXO_RISCO,Aprovacao Automatica: Risco dentro do apetite da seguradora.,0.0,False,10000.0,10000.0,0.0,0.0,N,,BAIXISSIMA,0.0,0.0
CNPJ_000755,0.0,0.0689,10,RECUSADO,RGR_K02_EXCESSO_PROCESSOS_JUDICIAIS,K02_JUDICIAL_EXTREMO,Recusa Sumaria: Elevado passivo judicial (> 100 processos como requerido).,0.0,False,10000.0,0.0,0.0,0.0,C,J,ALTA,126.0,0.0
CNPJ_000756,0.0,0.0956,7,APROVADO,RGR_R04_DECIL4_10_APROVADO,APROVADO_AUTOMATICO_BAIXO_RISCO,Aprovacao Automatica: Risco dentro do apetite da seguradora.,0.0,False,10000.0,10000.0,0.0,0.0,N,B,BAIXISSIMA,0.0,0.0
CNPJ_000757,0.0,0.0999,6,APROVADO,RGR_R04_DECIL4_10_APROVADO,APROVADO_AUTOMATICO_BAIXO_RISCO,Aprovacao Automatica: Risco dentro do apetite da seguradora.,0.0,False,10000.0,10000.0,0.0,0.0,G,B,BAIXISSIMA,0.0,1.0
CNPJ_000758,0.0,0.0708,10,RECUSADO,RGR_K01_RISCO_LIDERANCA_AREA_CRITICA,K01_LIDERANCA_AREA_CRITICA,Recusa Sumaria: Risco de lideranca detectado em area de concentracao altissima de sinistro.,0.0,False,10000.0,0.0,0.0,0.0,N,F,ALTISSIMA,2.0,1.0
CNPJ_000759,0.0,0.121,2,ACEITO_COM_CONDICAO,RGR_R03_DECIL2_3_CONDICIONAL,ACEITE_CONDICIONAL_DECIL_INTERMEDIARIO,Aceite Condicional Decil Intermediario (+7.5% premio).,7.5,False,10000.0,10750.0,750.0,0.0,C,E,ALTA,2.0,0.0
CNPJ_000760,0.0,0.1041,5,APROVADO,RGR_R04_DECIL4_10_APROVADO,APROVADO_AUTOMATICO_BAIXO_RISCO,Aprovacao Automatica: Risco dentro do apetite da seguradora.,0.0,False,10000.0,10000.0,0.0,0.0,A,E,ALTA,0.0,1.0
CNPJ_000761,0.0,0.1151,3,ACEITO_COM_CONDICAO,RGR_R03_DECIL2_3_CONDICIONAL,ACEITE_CONDICIONAL_DECIL_INTERMEDIARIO,Aceite Condicional Decil Intermediario (+7.5% premio).,7.5,False,10000.0,10750.0,750.0,0.0,C,E,ALTA,0.0,1.0
CNPJ_000762,0.0,0.1093,4,APROVADO,RGR_R04_DECIL4_10_APROVADO,APROVADO_AUTOMATICO_BAIXO_RISCO,Aprovacao Automatica: Risco dentro do apetite da seguradora.,0.0,False,10000.0,10000.0,0.0,0.0,F,H,ALTA,4.0,0.0
CNPJ_000763,0.0,0.0678,10,APROVADO,RGR_R04_DECIL4_10_APROVADO,APROVADO_AUTOMATICO_BAIXO_RISCO,Aprovacao Automatica: Risco dentro do apetite da seguradora.,0.0,False,10000.0,10000.0,0.0,0.0,C,I,ALTISSIMA,4.0,0.0
CNPJ_000764,0.0,0.1036,5,APROVADO,RGR_R04_DECIL4_10_APROVADO,APROVADO_AUTOMATICO_BAIXO_RISCO,Aprovacao Automatica: Risco dentro do apetite da seguradora.,0.0,False,10000.0,10000.0,0.0,0.0,H,I,,1.0,0.0
CNPJ_000765,0.0,0.1171,3,ACEITO_COM_CONDICAO,RGR_R03_DECIL2_3_CONDICIONAL,ACEITE_CONDICIONAL_DECIL_INTERMEDIARIO,Aceite Condicional Decil Intermediario (+7.5% premio).,7.5,False,10000.0,10750.0,750.0,0.0,J,F,BAIXISSIMA,0.0,0.0
CNPJ_000766,0.0,0.0888,8,APROVADO,RGR_R04_DECIL4_10_APROVADO,APROVADO_AUTOMATICO_BAIXO_RISCO,Aprovacao Automatica: Risco dentro do apetite da seguradora.,0.0,False,10000.0,10000.0,0.0,0.0,H,A,ALTA,0.0,0.0
CNPJ_000767,0.0,0.103,5,APROVADO,RGR_R04_DECIL4_10_APROVADO,APROVADO_AUTOMATICO_BAIXO_RISCO,Aprovacao Automatica: Risco dentro do apetite da seguradora.,0.0,False,10000.0,10000.0,0.0,0.0,G,D,BAIXISSIMA,0.0,0.0
CNPJ_000768,0.0,0.0709,10,APROVADO,RGR_R04_DECIL4_10_APROVADO,APROVADO_AUTOMATICO_BAIXO_RISCO,Aprovacao Automatica: Risco dentro do apetite da seguradora.,0.0,False,10000.0,10000.0,0.0,0.0,,,,,
CNPJ_000769,0.0,0.1074,4,APROVADO,RGR_R04_DECIL4_10_APROVADO,APROVADO_AUTOMATICO_BAIXO_RISCO,Aprovacao Automatica: Risco dentro do apetite da seguradora.,0.0,False,10000.0,10000.0,0.0,0.0,C,C,BAIXISSIMA,1.0,0.0
CNPJ_000770,0.0,0.1151,3,ACEITO_COM_CONDICAO,RGR_R03_DECIL2_3_CONDICIONAL,ACEITE_CONDICIONAL_DECIL_INTERMEDIARIO,Aceite Condicional Decil Intermediario (+7.5% premio).,7.5,False,10000.0,10750.0,750.0,0.0,G,A,ALTA,0.0,
CNPJ_000771,0.0,0.0932,7,APROVADO,RGR_R04_DECIL4_10_APROVADO,APROVADO_AUTOMATICO_BAIXO_RISCO,Aprovacao Automatica: Risco dentro do apetite da seguradora.,0.0,False,10000.0,10000.0,0.0,0.0,G,F,ALTISSIMA,0.0,0.0
CNPJ_000772,0.0,0.0983,6,APROVADO,RGR_R04_DECIL4_10_APROVADO,APROVADO_AUTOMATICO_BAIXO_RISCO,Aprovacao Automatica: Risco dentro do apetite da seguradora.,0.0,False,10000.0,10000.0,0.0,0.0,H,C,BAIXISSIMA,0.0,0.0
CNPJ_000773,0.0,0.0819,9,APROVADO,RGR_R04_DECIL4_10_APROVADO,APROVADO_AUTOMATICO_BAIXO_RISCO,Aprovacao Automatica: Risco dentro do apetite da seguradora.,0.0,False,10000.0,10000.0,0.0,0.0,C,J,BAIXISSIMA,8.0,1.0
CNPJ_000774,0.0,0.112,4,APROVADO,RGR_R04_DECIL4_10_APROVADO,APROVADO_AUTOMATICO_BAIXO_RISCO,Aprovacao Automatica: Risco dentro do apetite da seguradora.,0.0,False,10000.0,10000.0,0.0,0.0,C,E,ALTA,0.0,1.0
CNPJ_000775,0.0,0.104,5,APROVADO,RGR_R04_DECIL4_10_APROVADO,APROVADO_AUTOMATICO_BAIXO_RISCO,Aprovacao Automatica: Risco dentro do apetite da seguradora.,0.0,False,10000.0,10000.0,0.0,0.0,M,F,ALTA,2.0,0.0
CNPJ_000776,0.0,0.0988,6,APROVADO,RGR_R04_DECIL4_10_APROVADO,APROVADO_AUTOMATICO_BAIXO_RISCO,Aprovacao Automatica: Risco dentro do apetite da seguradora.,0.0,False,10000.0,10000.0,0.0,0.0,G,E,ALTA,0.0,0.0
CNPJ_000777,0.0,0.1045,5,APROVADO,RGR_R04_DECIL4_10_APROVADO,APROVADO_AUTOMATICO_BAIXO_RISCO,Aprovacao Automatica: Risco dentro do apetite da seguradora.,0.0,False,10000.0,10000.0,0.0,0.0,C,J,ALTA,0.0,0.0
CNPJ_000778,0.0,0.1259,2,ACEITO_COM_CONDICAO,RGR_R03_DECIL2_3_CONDICIONAL,ACEITE_CONDICIONAL_DECIL_INTERMEDIARIO,Aceite Condicional Decil Intermediario (+7.5% premio).,7.5,False,10000.0,10750.0,750.0,0.0,G,F,ALTISSIMA,5.0,0.0
CNPJ_000779,0.0,0.0928,7,APROVADO,RGR_R04_DECIL4_10_APROVADO,APROVADO_AUTOMATICO_BAIXO_RISCO,Aprovacao Automatica: Risco dentro do apetite da seguradora.,0.0,False,10000.0,10000.0,0.0,0.0,H,G,ALTA,3.0,0.0
CNPJ_000780,0.0,0.0933,7,APROVADO,RGR_R04_DECIL4_10_APROVADO,APROVADO_AUTOMATICO_BAIXO_RISCO,Aprovacao Automatica: Risco dentro do apetite da seguradora.,0.0,False,10000.0,10000.0,0.0,0.0,G,F,BAIXISSIMA,1.0,0.0
CNPJ_000781,0.0,0.0719,10,APROVADO,RGR_R04_DECIL4_10_APROVADO,APROVADO_AUTOMATICO_BAIXO_RISCO,Aprovacao Automatica: Risco dentro do apetite da seguradora.,0.0,False,10000.0,10000.0,0.0,0.0,L,H,ALTA,20.0,0.0
CNPJ_000782,0.0,0.0927,7,APROVADO,RGR_R04_DECIL4_10_APROVADO,APROVADO_AUTOMATICO_BAIXO_RISCO,Aprovacao Automatica: Risco dentro do apetite da seguradora.,0.0,False,10000.0,10000.0,0.0,0.0,G,,ALTISSIMA,0.0,0.0
CNPJ_000783,0.0,0.0965,7,APROVADO,RGR_R04_DECIL4_10_APROVADO,APROVADO_AUTOMATICO_BAIXO_RISCO,Aprovacao Automatica: Risco dentro do apetite da seguradora.,0.0,False,10000.0,10000.0,0.0,0.0,R,E,ALTISSIMA,7.0,0.0
CNPJ_000784,0.0,0.1266,2,ACEITO_COM_CONDICAO,RGR_R03_DECIL2_3_CONDICIONAL,ACEITE_CONDICIONAL_DECIL_INTERMEDIARIO,Aceite Condicional Decil Intermediario (+7.5% premio).,7.5,False,10000.0,10750.0,750.0,0.0,G,F,BAIXISSIMA,1.0,1.0
CNPJ_000785,0.0,0.0965,7,APROVADO,RGR_R04_DECIL4_10_APROVADO,APROVADO_AUTOMATICO_BAIXO_RISCO,Aprovacao Automatica: Risco dentro do apetite da seguradora.,0.0,False,10000.0,10000.0,0.0,0.0,H,F,ALTISSIMA,0.0,0.0
CNPJ_000786,0.0,0.0927,7,RECUSADO,RGR_K01_RISCO_LIDERANCA_AREA_CRITICA,K01_LIDERANCA_AREA_CRITICA,Recusa Sumaria: Risco de lideranca detectado em area de concentracao altissima de sinistro.,0.0,False,10000.0,0.0,0.0,0.0,H,J,ALTISSIMA,692.0,1.0
CNPJ_000787,0.0,0.0551,10,RECUSADO,RGR_K02_EXCESSO_PROCESSOS_JUDICIAIS,K02_JUDICIAL_EXTREMO,Recusa Sumaria: Elevado passivo judicial (> 100 processos como requerido).,0.0,False,10000.0,0.0,0.0,0.0,C,J,BAIXISSIMA,561.0,1.0
CNPJ_000788,0.0,0.0531,10,RECUSADO,RGR_K02_EXCESSO_PROCESSOS_JUDICIAIS,K02_JUDICIAL_EXTREMO,Recusa Sumaria: Elevado passivo judicial (> 100 processos como requerido).,0.0,False,10000.0,0.0,0.0,0.0,K,J,MEDIA,6111.0,
CNPJ_000789,0.0,0.0904,8,APROVADO,RGR_R04_DECIL4_10_APROVADO,APROVADO_AUTOMATICO_BAIXO_RISCO,Aprovacao Automatica: Risco dentro do apetite da seguradora.,0.0,False,10000.0,10000.0,0.0,0.0,C,D,BAIXISSIMA,0.0,0.0
CNPJ_000790,0.0,0.1094,4,APROVADO,RGR_R04_DECIL4_10_APROVADO,APROVADO_AUTOMATICO_BAIXO_RISCO,Aprovacao Automatica: Risco dentro do apetite da seguradora.,0.0,False,10000.0,10000.0,0.0,0.0,S,G,ALTISSIMA,4.0,0.0
CNPJ_000791,0.0,0.1148,3,ACEITO_COM_CONDICAO,RGR_R03_DECIL2_3_CONDICIONAL,ACEITE_CONDICIONAL_DECIL_INTERMEDIARIO,Aceite Condicional Decil Intermediario (+7.5% premio).,7.5,False,10000.0,10750.0,750.0,0.0,G,D,BAIXISSIMA,2.0,0.0
CNPJ_000792,0.0,0.0844,9,APROVADO,RGR_R04_DECIL4_10_APROVADO,APROVADO_AUTOMATICO_BAIXO_RISCO,Aprovacao Automatica: Risco dentro do apetite da seguradora.,0.0,False,10000.0,10000.0,0.0,0.0,C,I,ALTA,18.0,0.0
CNPJ_000793,0.0,0.106,5,APROVADO,RGR_R04_DECIL4_10_APROVADO,APROVADO_AUTOMATICO_BAIXO_RISCO,Aprovacao Automatica: Risco dentro do apetite da seguradora.,0.0,False,10000.0,10000.0,0.0,0.0,G,C,ALTA,0.0,0.0
CNPJ_000794,0.0,0.0805,9,APROVADO,RGR_R04_DECIL4_10_APROVADO,APROVADO_AUTOMATICO_BAIXO_RISCO,Aprovacao Automatica: Risco dentro do apetite da seguradora.,0.0,False,10000.0,10000.0,0.0,0.0,F,H,ALTISSIMA,14.0,0.0
CNPJ_000795,0.0,0.1003,6,APROVADO,RGR_R04_DECIL4_10_APROVADO,APROVADO_AUTOMATICO_BAIXO_RISCO,Aprovacao Automatica: Risco dentro do apetite da seguradora.,0.0,False,10000.0,10000.0,0.0,0.0,G,B,ALTA,0.0,0.0
CNPJ_000796,0.0,0.1264,2,ACEITO_COM_CONDICAO,RGR_R03_DECIL2_3_CONDICIONAL,ACEITE_CONDICIONAL_DECIL_INTERMEDIARIO,Aceite Condicional Decil Intermediario (+7.5% premio).,7.5,False,10000.0,10750.0,750.0,0.0,F,E,BAIXISSIMA,0.0,0.0
CNPJ_000797,0.0,0.0889,8,APROVADO,RGR_R04_DECIL4_10_APROVADO,APROVADO_AUTOMATICO_BAIXO_RISCO,Aprovacao Automatica: Risco dentro do apetite da seguradora.,0.0,False,10000.0,10000.0,0.0,0.0,N,,ALTISSIMA,2.0,0.0
CNPJ_000798,0.0,0.1081,4,APROVADO,RGR_R04_DECIL4_10_APROVADO,APROVADO_AUTOMATICO_BAIXO_RISCO,Aprovacao Automatica: Risco dentro do apetite da seguradora.,0.0,False,10000.0,10000.0,0.0,0.0,H,B,MEDIA,0.0,0.0
CNPJ_000799,0.0,0.0842,9,APROVADO,RGR_R04_DECIL4_10_APROVADO,APROVADO_AUTOMATICO_BAIXO_RISCO,Aprovacao Automatica: Risco dentro do apetite da seguradora.,0.0,False,10000.0,10000.0,0.0,0.0,C,I,BAIXISSIMA,0.0,0.0
CNPJ_000800,0.0,0.1115,4,APROVADO,RGR_R04_DECIL4_10_APROVADO,APROVADO_AUTOMATICO_BAIXO_RISCO,Aprovacao Automatica: Risco dentro do apetite da seguradora.,0.0,False,10000.0,10000.0,0.0,0.0,K,E,BAIXISSIMA,6.0,0.0
CNPJ_000801,0.0,0.1081,4,APROVADO,RGR_R04_DECIL4_10_APROVADO,APROVADO_AUTOMATICO_BAIXO_RISCO,Aprovacao Automatica: Risco dentro do apetite da seguradora.,0.0,False,10000.0,10000.0,0.0,0.0,I,,BAIXISSIMA,0.0,0.0
CNPJ_000802,0.0,0.089,8,APROVADO,RGR_R04_DECIL4_10_APROVADO,APROVADO_AUTOMATICO_BAIXO_RISCO,Aprovacao Automatica: Risco dentro do apetite da seguradora.,0.0,False,10000.0,10000.0,0.0,0.0,C,D,BAIXISSIMA,3.0,1.0
CNPJ_000803,0.0,0.1118,4,APROVADO,RGR_R04_DECIL4_10_APROVADO,APROVADO_AUTOMATICO_BAIXO_RISCO,Aprovacao Automatica: Risco dentro do apetite da seguradora.,0.0,False,10000.0,10000.0,0.0,0.0,G,G,BAIXISSIMA,4.0,0.0
CNPJ_000804,0.0,0.2134,1,RECUSADO,RGR_R02_DECIL1_RECUSA_PADRAO,DECIL1_ALTO_RISCO_SEM_MITIGACAO,Recusa por Decil 1 de Risco sem criterios para resgate comercial.,0.0,False,10000.0,0.0,0.0,0.0,P,EMPRESA_ISENTA,ALTISSIMA,6.0,
CNPJ_000805,0.0,0.1226,2,ACEITO_COM_CONDICAO,RGR_R03_DECIL2_3_CONDICIONAL,ACEITE_CONDICIONAL_DECIL_INTERMEDIARIO,Aceite Condicional Decil Intermediario (+7.5% premio).,7.5,False,10000.0,10750.0,750.0,0.0,G,D,BAIXISSIMA,2.0,0.0
CNPJ_000806,0.0,0.1006,6,APROVADO,RGR_R04_DECIL4_10_APROVADO,APROVADO_AUTOMATICO_BAIXO_RISCO,Aprovacao Automatica: Risco dentro do apetite da seguradora.,0.0,False,10000.0,10000.0,0.0,0.0,G,D,ALTA,0.0,0.0
CNPJ_000807,0.0,0.1005,6,APROVADO,RGR_R04_DECIL4_10_APROVADO,APROVADO_AUTOMATICO_BAIXO_RISCO,Aprovacao Automatica: Risco dentro do apetite da seguradora.,0.0,False,10000.0,10000.0,0.0,0.0,C,H,BAIXISSIMA,1.0,0.0
CNPJ_000808,0.0,0.1056,5,APROVADO,RGR_R04_DECIL4_10_APROVADO,APROVADO_AUTOMATICO_BAIXO_RISCO,Aprovacao Automatica: Risco dentro do apetite da seguradora.,0.0,False,10000.0,10000.0,0.0,0.0,C,D,ALTA,4.0,0.0
CNPJ_000809,0.0,0.0989,6,APROVADO,RGR_R04_DECIL4_10_APROVADO,APROVADO_AUTOMATICO_BAIXO_RISCO,Aprovacao Automatica: Risco dentro do apetite da seguradora.,0.0,False,10000.0,10000.0,0.0,0.0,G,,BAIXISSIMA,0.0,0.0
CNPJ_000810,0.0,0.0875,8,APROVADO,RGR_R04_DECIL4_10_APROVADO,APROVADO_AUTOMATICO_BAIXO_RISCO,Aprovacao Automatica: Risco dentro do apetite da seguradora.,0.0,False,10000.0,10000.0,0.0,0.0,G,G,ALTISSIMA,3.0,0.0
CNPJ_000811,0.0,0.0962,7,APROVADO,RGR_R04_DECIL4_10_APROVADO,APROVADO_AUTOMATICO_BAIXO_RISCO,Aprovacao Automatica: Risco dentro do apetite da seguradora.,0.0,False,10000.0,10000.0,0.0,0.0,L,D,ALTA,0.0,0.0
CNPJ_000812,0.0,0.0986,6,APROVADO,RGR_R04_DECIL4_10_APROVADO,APROVADO_AUTOMATICO_BAIXO_RISCO,Aprovacao Automatica: Risco dentro do apetite da seguradora.,0.0,False,10000.0,10000.0,0.0,0.0,G,B,BAIXISSIMA,0.0,0.0
CNPJ_000813,0.0,0.1023,5,APROVADO,RGR_R04_DECIL4_10_APROVADO,APROVADO_AUTOMATICO_BAIXO_RISCO,Aprovacao Automatica: Risco dentro do apetite da seguradora.,0.0,False,10000.0,10000.0,0.0,0.0,N,C,ALTA,0.0,0.0
CNPJ_000814,0.0,0.1181,3,ACEITO_COM_CONDICAO,RGR_R03_DECIL2_3_CONDICIONAL,ACEITE_CONDICIONAL_DECIL_INTERMEDIARIO,Aceite Condicional Decil Intermediario (+7.5% premio).,7.5,False,10000.0,10750.0,750.0,0.0,H,E,,0.0,0.0
CNPJ_000815,0.0,0.1011,6,APROVADO,RGR_R04_DECIL4_10_APROVADO,APROVADO_AUTOMATICO_BAIXO_RISCO,Aprovacao Automatica: Risco dentro do apetite da seguradora.,0.0,False,10000.0,10000.0,0.0,0.0,G,B,ALTA,0.0,0.0
CNPJ_000816,0.0,0.0997,6,APROVADO,RGR_R04_DECIL4_10_APROVADO,APROVADO_AUTOMATICO_BAIXO_RISCO,Aprovacao Automatica: Risco dentro do apetite da seguradora.,0.0,False,10000.0,10000.0,0.0,0.0,G,D,BAIXISSIMA,0.0,0.0
CNPJ_000817,0.0,0.0887,8,APROVADO,RGR_R04_DECIL4_10_APROVADO,APROVADO_AUTOMATICO_BAIXO_RISCO,Aprovacao Automatica: Risco dentro do apetite da seguradora.,0.0,False,10000.0,10000.0,0.0,0.0,A,A,ALTA,0.0,1.0
CNPJ_000818,0.0,0.0974,6,APROVADO,RGR_R04_DECIL4_10_APROVADO,APROVADO_AUTOMATICO_BAIXO_RISCO,Aprovacao Automatica: Risco dentro do apetite da seguradora.,0.0,False,10000.0,10000.0,0.0,0.0,F,C,ALTISSIMA,1.0,0.0
CNPJ_000819,0.0,0.0999,6,APROVADO,RGR_R04_DECIL4_10_APROVADO,APROVADO_AUTOMATICO_BAIXO_RISCO,Aprovacao Automatica: Risco dentro do apetite da seguradora.,0.0,False,10000.0,10000.0,0.0,0.0,C,C,ALTA,0.0,0.0
CNPJ_000820,0.0,0.1333,2,ACEITO_COM_CONDICAO,RGR_R03_DECIL2_3_CONDICIONAL,ACEITE_CONDICIONAL_DECIL_INTERMEDIARIO,Aceite Condicional Decil Intermediario (+7.5% premio).,7.5,False,10000.0,10750.0,750.0,0.0,H,J,ALTISSIMA,12.0,0.0
CNPJ_000821,0.0,0.0808,9,APROVADO,RGR_R04_DECIL4_10_APROVADO,APROVADO_AUTOMATICO_BAIXO_RISCO,Aprovacao Automatica: Risco dentro do apetite da seguradora.,0.0,False,10000.0,10000.0,0.0,0.0,H,D,ALTA,0.0,0.0
CNPJ_000822,0.0,0.0986,6,APROVADO,RGR_R04_DECIL4_10_APROVADO,APROVADO_AUTOMATICO_BAIXO_RISCO,Aprovacao Automatica: Risco dentro do apetite da seguradora.,0.0,False,10000.0,10000.0,0.0,0.0,C,J,ALTA,0.0,
CNPJ_000823,0.0,0.1882,1,RECUSADO,RGR_R02_DECIL1_RECUSA_PADRAO,DECIL1_ALTO_RISCO_SEM_MITIGACAO,Recusa por Decil 1 de Risco sem criterios para resgate comercial.,0.0,False,10000.0,0.0,0.0,0.0,H,I,ALTA,1.0,0.0
CNPJ_000824,0.0,0.0874,8,APROVADO,RGR_R04_DECIL4_10_APROVADO,APROVADO_AUTOMATICO_BAIXO_RISCO,Aprovacao Automatica: Risco dentro do apetite da seguradora.,0.0,False,10000.0,10000.0,0.0,0.0,H,H,BAIXISSIMA,6.0,1.0
CNPJ_000825,0.0,0.0558,10,RECUSADO,RGR_K02_EXCESSO_PROCESSOS_JUDICIAIS,K02_JUDICIAL_EXTREMO,Recusa Sumaria: Elevado passivo judicial (> 100 processos como requerido).,0.0,False,10000.0,0.0,0.0,0.0,K,J,,6111.0,
CNPJ_000826,0.0,0.1202,3,ACEITO_COM_CONDICAO,RGR_R03_DECIL2_3_CONDICIONAL,ACEITE_CONDICIONAL_DECIL_INTERMEDIARIO,Aceite Condicional Decil Intermediario (+7.5% premio).,7.5,False,10000.0,10750.0,750.0,0.0,G,,ALTA,0.0,0.0
CNPJ_000827,0.0,0.0894,8,RECUSADO,RGR_K02_EXCESSO_PROCESSOS_JUDICIAIS,K02_JUDICIAL_EXTREMO,Recusa Sumaria: Elevado passivo judicial (> 100 processos como requerido).,0.0,False,10000.0,0.0,0.0,0.0,K,J,BAIXISSIMA,926.0,0.0
CNPJ_000828,0.0,0.0856,8,APROVADO,RGR_R04_DECIL4_10_APROVADO,APROVADO_AUTOMATICO_BAIXO_RISCO,Aprovacao Automatica: Risco dentro do apetite da seguradora.,0.0,False,10000.0,10000.0,0.0,0.0,G,E,BAIXISSIMA,0.0,0.0
CNPJ_000829,0.0,0.082,9,RECUSADO,RGR_K01_RISCO_LIDERANCA_AREA_CRITICA,K01_LIDERANCA_AREA_CRITICA,Recusa Sumaria: Risco de lideranca detectado em area de concentracao altissima de sinistro.,0.0,False,10000.0,0.0,0.0,0.0,N,D,ALTISSIMA,7.0,1.0
CNPJ_000830,0.0,0.1172,3,ACEITO_COM_CONDICAO,RGR_R03_DECIL2_3_CONDICIONAL,ACEITE_CONDICIONAL_DECIL_INTERMEDIARIO,Aceite Condicional Decil Intermediario (+7.5% premio).,7.5,False,10000.0,10750.0,750.0,0.0,C,G,BAIXISSIMA,1.0,0.0
CNPJ_000831,0.0,0.0834,9,APROVADO,RGR_R04_DECIL4_10_APROVADO,APROVADO_AUTOMATICO_BAIXO_RISCO,Aprovacao Automatica: Risco dentro do apetite da seguradora.,0.0,False,10000.0,10000.0,0.0,0.0,M,F,ALTISSIMA,0.0,0.0
CNPJ_000832,0.0,0.0828,9,APROVADO,RGR_R04_DECIL4_10_APROVADO,APROVADO_AUTOMATICO_BAIXO_RISCO,Aprovacao Automatica: Risco dentro do apetite da seguradora.,0.0,False,10000.0,10000.0,0.0,0.0,G,F,,37.0,0.0
CNPJ_000833,0.0,0.096,7,APROVADO,RGR_R04_DECIL4_10_APROVADO,APROVADO_AUTOMATICO_BAIXO_RISCO,Aprovacao Automatica: Risco dentro do apetite da seguradora.,0.0,False,10000.0,10000.0,0.0,0.0,Q,C,ALTA,0.0,0.0
CNPJ_000834,0.0,0.1049,5,APROVADO,RGR_R04_DECIL4_10_APROVADO,APROVADO_AUTOMATICO_BAIXO_RISCO,Aprovacao Automatica: Risco dentro do apetite da seguradora.,0.0,False,10000.0,10000.0,0.0,0.0,H,A,ALTISSIMA,0.0,0.0
CNPJ_000835,0.0,0.0983,6,APROVADO,RGR_R04_DECIL4_10_APROVADO,APROVADO_AUTOMATICO_BAIXO_RISCO,Aprovacao Automatica: Risco dentro do apetite da seguradora.,0.0,False,10000.0,10000.0,0.0,0.0,C,,ALTISSIMA,0.0,0.0
CNPJ_000836,0.0,0.2184,1,ACEITO_COM_CONDICAO,RGR_R01_DECIL1_RESGATE_COM_RASTREADOR,RECUPERACAO_COMERCIAL_D1,"Aceite Condicional Decil 1: Perfil de score alto risco, porem mitigado por baixo passivo judicial e geografia favoravel.",15.0,True,10000.0,11500.0,1500.0,0.0,H,D,BAIXISSIMA,0.0,0.0
CNPJ_000837,0.0,0.0887,8,APROVADO,RGR_R04_DECIL4_10_APROVADO,APROVADO_AUTOMATICO_BAIXO_RISCO,Aprovacao Automatica: Risco dentro do apetite da seguradora.,0.0,False,10000.0,10000.0,0.0,0.0,G,E,ALTA,0.0,0.0
CNPJ_000838,0.0,0.1182,3,ACEITO_COM_CONDICAO,RGR_R03_DECIL2_3_CONDICIONAL,ACEITE_CONDICIONAL_DECIL_INTERMEDIARIO,Aceite Condicional Decil Intermediario (+7.5% premio).,7.5,False,10000.0,10750.0,750.0,0.0,F,H,ALTISSIMA,1.0,0.0
CNPJ_000839,0.0,0.0815,9,APROVADO,RGR_R04_DECIL4_10_APROVADO,APROVADO_AUTOMATICO_BAIXO_RISCO,Aprovacao Automatica: Risco dentro do apetite da seguradora.,0.0,False,10000.0,10000.0,0.0,0.0,M,E,,2.0,0.0
CNPJ_000840,0.0,0.0919,8,APROVADO,RGR_R04_DECIL4_10_APROVADO,APROVADO_AUTOMATICO_BAIXO_RISCO,Aprovacao Automatica: Risco dentro do apetite da seguradora.,0.0,False,10000.0,10000.0,0.0,0.0,R,G,ALTISSIMA,3.0,0.0
CNPJ_000841,0.0,0.1498,1,RECUSADO,RGR_R02_DECIL1_RECUSA_PADRAO,DECIL1_ALTO_RISCO_SEM_MITIGACAO,Recusa por Decil 1 de Risco sem criterios para resgate comercial.,0.0,False,10000.0,0.0,0.0,0.0,S,EMPRESA_ISENTA,ALTA,4.0,0.0
CNPJ_000842,0.0,0.0982,6,APROVADO,RGR_R04_DECIL4_10_APROVADO,APROVADO_AUTOMATICO_BAIXO_RISCO,Aprovacao Automatica: Risco dentro do apetite da seguradora.,0.0,False,10000.0,10000.0,0.0,0.0,G,G,ALTA,2.0,0.0
CNPJ_000843,0.0,0.0915,8,APROVADO,RGR_R04_DECIL4_10_APROVADO,APROVADO_AUTOMATICO_BAIXO_RISCO,Aprovacao Automatica: Risco dentro do apetite da seguradora.,0.0,False,10000.0,10000.0,0.0,0.0,G,B,ALTA,0.0,0.0
CNPJ_000844,0.0,0.0923,7,APROVADO,RGR_R04_DECIL4_10_APROVADO,APROVADO_AUTOMATICO_BAIXO_RISCO,Aprovacao Automatica: Risco dentro do apetite da seguradora.,0.0,False,10000.0,10000.0,0.0,0.0,G,E,ALTA,0.0,0.0
CNPJ_000845,0.0,0.0903,8,APROVADO,RGR_R04_DECIL4_10_APROVADO,APROVADO_AUTOMATICO_BAIXO_RISCO,Aprovacao Automatica: Risco dentro do apetite da seguradora.,0.0,False,10000.0,10000.0,0.0,0.0,G,F,BAIXISSIMA,1.0,0.0
CNPJ_000846,0.0,0.1076,4,APROVADO,RGR_R04_DECIL4_10_APROVADO,APROVADO_AUTOMATICO_BAIXO_RISCO,Aprovacao Automatica: Risco dentro do apetite da seguradora.,0.0,False,10000.0,10000.0,0.0,0.0,G,,MEDIA,0.0,0.0
CNPJ_000847,0.0,0.0995,6,APROVADO,RGR_R04_DECIL4_10_APROVADO,APROVADO_AUTOMATICO_BAIXO_RISCO,Aprovacao Automatica: Risco dentro do apetite da seguradora.,0.0,False,10000.0,10000.0,0.0,0.0,F,D,ALTISSIMA,0.0,0.0
CNPJ_000848,0.0,0.1027,5,APROVADO,RGR_R04_DECIL4_10_APROVADO,APROVADO_AUTOMATICO_BAIXO_RISCO,Aprovacao Automatica: Risco dentro do apetite da seguradora.,0.0,False,10000.0,10000.0,0.0,0.0,C,J,MEDIA,3.0,1.0
CNPJ_000849,0.0,0.0787,9,APROVADO,RGR_R04_DECIL4_10_APROVADO,APROVADO_AUTOMATICO_BAIXO_RISCO,Aprovacao Automatica: Risco dentro do apetite da seguradora.,0.0,False,10000.0,10000.0,0.0,0.0,G,J,BAIXISSIMA,69.0,0.0
CNPJ_000850,0.0,0.0706,10,APROVADO,RGR_R04_DECIL4_10_APROVADO,APROVADO_AUTOMATICO_BAIXO_RISCO,Aprovacao Automatica: Risco dentro do apetite da seguradora.,0.0,False,10000.0,10000.0,0.0,0.0,F,H,ALTA,7.0,0.0
CNPJ_000851,0.0,0.1067,5,APROVADO,RGR_R04_DECIL4_10_APROVADO,APROVADO_AUTOMATICO_BAIXO_RISCO,Aprovacao Automatica: Risco dentro do apetite da seguradora.,0.0,False,10000.0,10000.0,0.0,0.0,G,,BAIXISSIMA,0.0,0.0
CNPJ_000852,0.0,0.1772,1,RECUSADO,RGR_K02_EXCESSO_PROCESSOS_JUDICIAIS,K02_JUDICIAL_EXTREMO,Recusa Sumaria: Elevado passivo judicial (> 100 processos como requerido).,0.0,False,10000.0,0.0,0.0,0.0,C,J,ALTISSIMA,142.0,0.0
CNPJ_000853,0.0,0.0807,9,APROVADO,RGR_R04_DECIL4_10_APROVADO,APROVADO_AUTOMATICO_BAIXO_RISCO,Aprovacao Automatica: Risco dentro do apetite da seguradora.,0.0,False,10000.0,10000.0,0.0,0.0,C,J,ALTISSIMA,16.0,0.0
CNPJ_000854,0.0,0.0976,6,APROVADO,RGR_R04_DECIL4_10_APROVADO,APROVADO_AUTOMATICO_BAIXO_RISCO,Aprovacao Automatica: Risco dentro do apetite da seguradora.,0.0,False,10000.0,10000.0,0.0,0.0,C,D,BAIXISSIMA,0.0,0.0
CNPJ_000855,0.0,0.0797,9,APROVADO,RGR_R04_DECIL4_10_APROVADO,APROVADO_AUTOMATICO_BAIXO_RISCO,Aprovacao Automatica: Risco dentro do apetite da seguradora.,0.0,False,10000.0,10000.0,0.0,0.0,J,,MEDIA,0.0,0.0
CNPJ_000856,0.0,0.0707,10,APROVADO,RGR_R04_DECIL4_10_APROVADO,APROVADO_AUTOMATICO_BAIXO_RISCO,Aprovacao Automatica: Risco dentro do apetite da seguradora.,0.0,False,10000.0,10000.0,0.0,0.0,H,C,ALTA,0.0,0.0
CNPJ_000857,0.0,0.0978,6,APROVADO,RGR_R04_DECIL4_10_APROVADO,APROVADO_AUTOMATICO_BAIXO_RISCO,Aprovacao Automatica: Risco dentro do apetite da seguradora.,0.0,False,10000.0,10000.0,0.0,0.0,G,D,ALTA,1.0,0.0
CNPJ_000858,0.0,0.0813,9,APROVADO,RGR_R04_DECIL4_10_APROVADO,APROVADO_AUTOMATICO_BAIXO_RISCO,Aprovacao Automatica: Risco dentro do apetite da seguradora.,0.0,False,10000.0,10000.0,0.0,0.0,M,G,ALTISSIMA,10.0,0.0
CNPJ_000859,0.0,0.115,3,ACEITO_COM_CONDICAO,RGR_R03_DECIL2_3_CONDICIONAL,ACEITE_CONDICIONAL_DECIL_INTERMEDIARIO,Aceite Condicional Decil Intermediario (+7.5% premio).,7.5,False,10000.0,10750.0,750.0,0.0,D,G,ALTA,5.0,0.0
CNPJ_000860,0.0,0.0872,8,APROVADO,RGR_R04_DECIL4_10_APROVADO,APROVADO_AUTOMATICO_BAIXO_RISCO,Aprovacao Automatica: Risco dentro do apetite da seguradora.,0.0,False,10000.0,10000.0,0.0,0.0,A,,ALTA,0.0,
CNPJ_000861,0.0,0.0585,10,APROVADO,RGR_R04_DECIL4_10_APROVADO,APROVADO_AUTOMATICO_BAIXO_RISCO,Aprovacao Automatica: Risco dentro do apetite da seguradora.,0.0,False,10000.0,10000.0,0.0,0.0,H,H,ALTISSIMA,27.0,0.0
CNPJ_000862,0.0,0.0957,7,APROVADO,RGR_R04_DECIL4_10_APROVADO,APROVADO_AUTOMATICO_BAIXO_RISCO,Aprovacao Automatica: Risco dentro do apetite da seguradora.,0.0,False,10000.0,10000.0,0.0,0.0,G,D,ALTISSIMA,0.0,0.0
CNPJ_000863,0.0,0.1062,5,APROVADO,RGR_R04_DECIL4_10_APROVADO,APROVADO_AUTOMATICO_BAIXO_RISCO,Aprovacao Automatica: Risco dentro do apetite da seguradora.,0.0,False,10000.0,10000.0,0.0,0.0,G,A,BAIXISSIMA,0.0,0.0
CNPJ_000864,0.0,0.1101,4,APROVADO,RGR_R04_DECIL4_10_APROVADO,APROVADO_AUTOMATICO_BAIXO_RISCO,Aprovacao Automatica: Risco dentro do apetite da seguradora.,0.0,False,10000.0,10000.0,0.0,0.0,G,C,BAIXISSIMA,5.0,0.0
CNPJ_000865,0.0,0.2086,1,ACEITO_COM_CONDICAO,RGR_R01_DECIL1_RESGATE_COM_RASTREADOR,RECUPERACAO_COMERCIAL_D1,"Aceite Condicional Decil 1: Perfil de score alto risco, porem mitigado por baixo passivo judicial e geografia favoravel.",15.0,True,10000.0,11500.0,1500.0,0.0,H,F,MEDIA,10.0,0.0
CNPJ_000866,0.0,0.1221,2,ACEITO_COM_CONDICAO,RGR_R03_DECIL2_3_CONDICIONAL,ACEITE_CONDICIONAL_DECIL_INTERMEDIARIO,Aceite Condicional Decil Intermediario (+7.5% premio).,7.5,False,10000.0,10750.0,750.0,0.0,F,E,BAIXISSIMA,1.0,0.0
CNPJ_000867,0.0,0.0894,8,APROVADO,RGR_R04_DECIL4_10_APROVADO,APROVADO_AUTOMATICO_BAIXO_RISCO,Aprovacao Automatica: Risco dentro do apetite da seguradora.,0.0,False,10000.0,10000.0,0.0,0.0,N,,ALTA,0.0,0.0
CNPJ_000868,0.0,0.0832,9,APROVADO,RGR_R04_DECIL4_10_APROVADO,APROVADO_AUTOMATICO_BAIXO_RISCO,Aprovacao Automatica: Risco dentro do apetite da seguradora.,0.0,False,10000.0,10000.0,0.0,0.0,H,E,ALTISSIMA,0.0,0.0
CNPJ_000869,0.0,0.1099,4,APROVADO,RGR_R04_DECIL4_10_APROVADO,APROVADO_AUTOMATICO_BAIXO_RISCO,Aprovacao Automatica: Risco dentro do apetite da seguradora.,0.0,False,10000.0,10000.0,0.0,0.0,C,G,BAIXISSIMA,2.0,0.0
CNPJ_000870,0.0,0.0709,10,APROVADO,RGR_R04_DECIL4_10_APROVADO,APROVADO_AUTOMATICO_BAIXO_RISCO,Aprovacao Automatica: Risco dentro do apetite da seguradora.,0.0,False,10000.0,10000.0,0.0,0.0,,,,,
CNPJ_000871,0.0,0.105,5,APROVADO,RGR_R04_DECIL4_10_APROVADO,APROVADO_AUTOMATICO_BAIXO_RISCO,Aprovacao Automatica: Risco dentro do apetite da seguradora.,0.0,False,10000.0,10000.0,0.0,0.0,M,D,ALTISSIMA,0.0,0.0
CNPJ_000872,0.0,0.0932,7,APROVADO,RGR_R04_DECIL4_10_APROVADO,APROVADO_AUTOMATICO_BAIXO_RISCO,Aprovacao Automatica: Risco dentro do apetite da seguradora.,0.0,False,10000.0,10000.0,0.0,0.0,N,B,ALTA,0.0,0.0
CNPJ_000873,0.0,0.1022,6,APROVADO,RGR_R04_DECIL4_10_APROVADO,APROVADO_AUTOMATICO_BAIXO_RISCO,Aprovacao Automatica: Risco dentro do apetite da seguradora.,0.0,False,10000.0,10000.0,0.0,0.0,C,D,,0.0,0.0
CNPJ_000874,0.0,0.103,5,APROVADO,RGR_R04_DECIL4_10_APROVADO,APROVADO_AUTOMATICO_BAIXO_RISCO,Aprovacao Automatica: Risco dentro do apetite da seguradora.,0.0,False,10000.0,10000.0,0.0,0.0,H,D,MEDIA,0.0,0.0
CNPJ_000875,0.0,0.1084,4,APROVADO,RGR_R04_DECIL4_10_APROVADO,APROVADO_AUTOMATICO_BAIXO_RISCO,Aprovacao Automatica: Risco dentro do apetite da seguradora.,0.0,False,10000.0,10000.0,0.0,0.0,J,C,ALTA,0.0,0.0
CNPJ_000876,0.0,0.1044,5,APROVADO,RGR_R04_DECIL4_10_APROVADO,APROVADO_AUTOMATICO_BAIXO_RISCO,Aprovacao Automatica: Risco dentro do apetite da seguradora.,0.0,False,10000.0,10000.0,0.0,0.0,G,,BAIXISSIMA,0.0,0.0
CNPJ_000877,0.0,0.1161,3,ACEITO_COM_CONDICAO,RGR_R03_DECIL2_3_CONDICIONAL,ACEITE_CONDICIONAL_DECIL_INTERMEDIARIO,Aceite Condicional Decil Intermediario (+7.5% premio).,7.5,False,10000.0,10750.0,750.0,0.0,N,,BAIXISSIMA,0.0,0.0
CNPJ_000878,0.0,0.1049,5,APROVADO,RGR_R04_DECIL4_10_APROVADO,APROVADO_AUTOMATICO_BAIXO_RISCO,Aprovacao Automatica: Risco dentro do apetite da seguradora.,0.0,False,10000.0,10000.0,0.0,0.0,L,,ALTA,0.0,0.0
CNPJ_000879,0.0,0.1185,3,ACEITO_COM_CONDICAO,RGR_R03_DECIL2_3_CONDICIONAL,ACEITE_CONDICIONAL_DECIL_INTERMEDIARIO,Aceite Condicional Decil Intermediario (+7.5% premio).,7.5,False,10000.0,10750.0,750.0,0.0,C,A,BAIXISSIMA,0.0,0.0
CNPJ_000880,0.0,0.0985,6,APROVADO,RGR_R04_DECIL4_10_APROVADO,APROVADO_AUTOMATICO_BAIXO_RISCO,Aprovacao Automatica: Risco dentro do apetite da seguradora.,0.0,False,10000.0,10000.0,0.0,0.0,G,J,ALTA,7.0,0.0
CNPJ_000881,0.0,0.0963,7,APROVADO,RGR_R04_DECIL4_10_APROVADO,APROVADO_AUTOMATICO_BAIXO_RISCO,Aprovacao Automatica: Risco dentro do apetite da seguradora.,0.0,False,10000.0,10000.0,0.0,0.0,G,A,ALTA,0.0,0.0
CNPJ_000882,0.0,0.0978,6,APROVADO,RGR_R04_DECIL4_10_APROVADO,APROVADO_AUTOMATICO_BAIXO_RISCO,Aprovacao Automatica: Risco dentro do apetite da seguradora.,0.0,False,10000.0,10000.0,0.0,0.0,G,C,ALTA,0.0,0.0
CNPJ_000883,0.0,0.1145,3,ACEITO_COM_CONDICAO,RGR_R03_DECIL2_3_CONDICIONAL,ACEITE_CONDICIONAL_DECIL_INTERMEDIARIO,Aceite Condicional Decil Intermediario (+7.5% premio).,7.5,False,10000.0,10750.0,750.0,0.0,G,D,ALTISSIMA,0.0,0.0
CNPJ_000884,0.0,0.114,3,ACEITO_COM_CONDICAO,RGR_R03_DECIL2_3_CONDICIONAL,ACEITE_CONDICIONAL_DECIL_INTERMEDIARIO,Aceite Condicional Decil Intermediario (+7.5% premio).,7.5,False,10000.0,10750.0,750.0,0.0,C,A,BAIXISSIMA,0.0,
CNPJ_000885,0.0,0.1758,1,RECUSADO,RGR_K02_EXCESSO_PROCESSOS_JUDICIAIS,K02_JUDICIAL_EXTREMO,Recusa Sumaria: Elevado passivo judicial (> 100 processos como requerido).,0.0,False,10000.0,0.0,0.0,0.0,G,J,ALTISSIMA,10476.0,
CNPJ_000886,0.0,0.0754,10,APROVADO,RGR_R04_DECIL4_10_APROVADO,APROVADO_AUTOMATICO_BAIXO_RISCO,Aprovacao Automatica: Risco dentro do apetite da seguradora.,0.0,False,10000.0,10000.0,0.0,0.0,G,C,ALTISSIMA,0.0,0.0
CNPJ_000887,0.0,0.1142,3,ACEITO_COM_CONDICAO,RGR_R03_DECIL2_3_CONDICIONAL,ACEITE_CONDICIONAL_DECIL_INTERMEDIARIO,Aceite Condicional Decil Intermediario (+7.5% premio).,7.5,False,10000.0,10750.0,750.0,0.0,G,F,ALTA,0.0,0.0
CNPJ_000888,0.0,0.0563,10,RECUSADO,RGR_K02_EXCESSO_PROCESSOS_JUDICIAIS,K02_JUDICIAL_EXTREMO,Recusa Sumaria: Elevado passivo judicial (> 100 processos como requerido).,0.0,False,10000.0,0.0,0.0,0.0,C,J,BAIXISSIMA,561.0,0.0
CNPJ_000889,0.0,0.0855,8,APROVADO,RGR_R04_DECIL4_10_APROVADO,APROVADO_AUTOMATICO_BAIXO_RISCO,Aprovacao Automatica: Risco dentro do apetite da seguradora.,0.0,False,10000.0,10000.0,0.0,0.0,G,B,BAIXISSIMA,0.0,0.0
CNPJ_000890,0.0,0.0958,7,APROVADO,RGR_R04_DECIL4_10_APROVADO,APROVADO_AUTOMATICO_BAIXO_RISCO,Aprovacao Automatica: Risco dentro do apetite da seguradora.,0.0,False,10000.0,10000.0,0.0,0.0,G,C,BAIXISSIMA,0.0,0.0
CNPJ_000891,0.0,0.0588,10,APROVADO,RGR_R04_DECIL4_10_APROVADO,APROVADO_AUTOMATICO_BAIXO_RISCO,Aprovacao Automatica: Risco dentro do apetite da seguradora.,0.0,False,10000.0,10000.0,0.0,0.0,N,J,BAIXISSIMA,23.0,0.0
CNPJ_000892,0.0,0.1117,4,APROVADO,RGR_R04_DECIL4_10_APROVADO,APROVADO_AUTOMATICO_BAIXO_RISCO,Aprovacao Automatica: Risco dentro do apetite da seguradora.,0.0,False,10000.0,10000.0,0.0,0.0,F,A,ALTA,0.0,0.0
CNPJ_000893,0.0,0.1628,1,RECUSADO,RGR_R02_DECIL1_RECUSA_PADRAO,DECIL1_ALTO_RISCO_SEM_MITIGACAO,Recusa por Decil 1 de Risco sem criterios para resgate comercial.,0.0,False,10000.0,0.0,0.0,0.0,F,E,ALTA,0.0,1.0
CNPJ_000894,0.0,0.0844,9,APROVADO,RGR_R04_DECIL4_10_APROVADO,APROVADO_AUTOMATICO_BAIXO_RISCO,Aprovacao Automatica: Risco dentro do apetite da seguradora.,0.0,False,10000.0,10000.0,0.0,0.0,G,G,ALTISSIMA,3.0,0.0
CNPJ_000895,0.0,0.0884,8,APROVADO,RGR_R04_DECIL4_10_APROVADO,APROVADO_AUTOMATICO_BAIXO_RISCO,Aprovacao Automatica: Risco dentro do apetite da seguradora.,0.0,False,10000.0,10000.0,0.0,0.0,G,G,ALTA,0.0,0.0
CNPJ_000896,0.0,0.0811,9,APROVADO,RGR_R04_DECIL4_10_APROVADO,APROVADO_AUTOMATICO_BAIXO_RISCO,Aprovacao Automatica: Risco dentro do apetite da seguradora.,0.0,False,10000.0,10000.0,0.0,0.0,G,I,ALTISSIMA,12.0,0.0
CNPJ_000897,0.0,0.0929,7,APROVADO,RGR_R04_DECIL4_10_APROVADO,APROVADO_AUTOMATICO_BAIXO_RISCO,Aprovacao Automatica: Risco dentro do apetite da seguradora.,0.0,False,10000.0,10000.0,0.0,0.0,C,H,BAIXISSIMA,0.0,0.0
CNPJ_000898,0.0,0.1131,4,APROVADO,RGR_R04_DECIL4_10_APROVADO,APROVADO_AUTOMATICO_BAIXO_RISCO,Aprovacao Automatica: Risco dentro do apetite da seguradora.,0.0,False,10000.0,10000.0,0.0,0.0,C,H,ALTISSIMA,0.0,0.0
CNPJ_000899,0.0,0.1235,2,ACEITO_COM_CONDICAO,RGR_R03_DECIL2_3_CONDICIONAL,ACEITE_CONDICIONAL_DECIL_INTERMEDIARIO,Aceite Condicional Decil Intermediario (+7.5% premio).,7.5,False,10000.0,10750.0,750.0,0.0,S,EMPRESA_ISENTA,ALTA,0.0,1.0
CNPJ_000900,0.0,0.1135,3,ACEITO_COM_CONDICAO,RGR_R03_DECIL2_3_CONDICIONAL,ACEITE_CONDICIONAL_DECIL_INTERMEDIARIO,Aceite Condicional Decil Intermediario (+7.5% premio).,7.5,False,10000.0,10750.0,750.0,0.0,G,A,MEDIA,0.0,0.0
CNPJ_000901,0.0,0.0777,9,RECUSADO,RGR_K02_EXCESSO_PROCESSOS_JUDICIAIS,K02_JUDICIAL_EXTREMO,Recusa Sumaria: Elevado passivo judicial (> 100 processos como requerido).,0.0,False,10000.0,0.0,0.0,0.0,C,J,BAIXISSIMA,155.0,0.0
CNPJ_000902,0.0,0.1217,2,RECUSADO,RGR_K01_RISCO_LIDERANCA_AREA_CRITICA,K01_LIDERANCA_AREA_CRITICA,Recusa Sumaria: Risco de lideranca detectado em area de concentracao altissima de sinistro.,0.0,False,10000.0,0.0,0.0,0.0,C,J,ALTISSIMA,13.0,1.0
CNPJ_000903,0.0,0.1023,5,APROVADO,RGR_R04_DECIL4_10_APROVADO,APROVADO_AUTOMATICO_BAIXO_RISCO,Aprovacao Automatica: Risco dentro do apetite da seguradora.,0.0,False,10000.0,10000.0,0.0,0.0,G,D,BAIXISSIMA,1.0,0.0
CNPJ_000904,0.0,0.1183,3,ACEITO_COM_CONDICAO,RGR_R03_DECIL2_3_CONDICIONAL,ACEITE_CONDICIONAL_DECIL_INTERMEDIARIO,Aceite Condicional Decil Intermediario (+7.5% premio).,7.5,False,10000.0,10750.0,750.0,0.0,G,D,MEDIA,0.0,0.0
CNPJ_000905,0.0,0.0551,10,RECUSADO,RGR_K02_EXCESSO_PROCESSOS_JUDICIAIS,K02_JUDICIAL_EXTREMO,Recusa Sumaria: Elevado passivo judicial (> 100 processos como requerido).,0.0,False,10000.0,0.0,0.0,0.0,C,J,BAIXISSIMA,561.0,1.0
CNPJ_000906,0.0,0.1143,3,ACEITO_COM_CONDICAO,RGR_R03_DECIL2_3_CONDICIONAL,ACEITE_CONDICIONAL_DECIL_INTERMEDIARIO,Aceite Condicional Decil Intermediario (+7.5% premio).,7.5,False,10000.0,10750.0,750.0,0.0,L,B,ALTA,10.0,0.0
CNPJ_000907,0.0,0.1172,3,ACEITO_COM_CONDICAO,RGR_R03_DECIL2_3_CONDICIONAL,ACEITE_CONDICIONAL_DECIL_INTERMEDIARIO,Aceite Condicional Decil Intermediario (+7.5% premio).,7.5,False,10000.0,10750.0,750.0,0.0,H,C,ALTISSIMA,3.0,0.0
CNPJ_000908,0.0,0.2671,1,RECUSADO,RGR_R02_DECIL1_RECUSA_PADRAO,DECIL1_ALTO_RISCO_SEM_MITIGACAO,Recusa por Decil 1 de Risco sem criterios para resgate comercial.,0.0,False,10000.0,0.0,0.0,0.0,H,D,ALTISSIMA,0.0,0.0
CNPJ_000909,0.0,0.0863,8,APROVADO,RGR_R04_DECIL4_10_APROVADO,APROVADO_AUTOMATICO_BAIXO_RISCO,Aprovacao Automatica: Risco dentro do apetite da seguradora.,0.0,False,10000.0,10000.0,0.0,0.0,C,I,ALTISSIMA,11.0,0.0
CNPJ_000910,0.0,0.1171,3,ACEITO_COM_CONDICAO,RGR_R03_DECIL2_3_CONDICIONAL,ACEITE_CONDICIONAL_DECIL_INTERMEDIARIO,Aceite Condicional Decil Intermediario (+7.5% premio).,7.5,False,10000.0,10750.0,750.0,0.0,F,F,BAIXISSIMA,0.0,0.0
CNPJ_000911,0.0,0.1013,6,APROVADO,RGR_R04_DECIL4_10_APROVADO,APROVADO_AUTOMATICO_BAIXO_RISCO,Aprovacao Automatica: Risco dentro do apetite da seguradora.,0.0,False,10000.0,10000.0,0.0,0.0,G,A,ALTA,0.0,
CNPJ_000912,0.0,0.086,8,APROVADO,RGR_R04_DECIL4_10_APROVADO,APROVADO_AUTOMATICO_BAIXO_RISCO,Aprovacao Automatica: Risco dentro do apetite da seguradora.,0.0,False,10000.0,10000.0,0.0,0.0,C,J,ALTA,98.0,
CNPJ_000913,0.0,0.0679,10,APROVADO,RGR_R04_DECIL4_10_APROVADO,APROVADO_AUTOMATICO_BAIXO_RISCO,Aprovacao Automatica: Risco dentro do apetite da seguradora.,0.0,False,10000.0,10000.0,0.0,0.0,G,J,ALTA,33.0,0.0
CNPJ_000914,0.0,0.0933,7,APROVADO,RGR_R04_DECIL4_10_APROVADO,APROVADO_AUTOMATICO_BAIXO_RISCO,Aprovacao Automatica: Risco dentro do apetite da seguradora.,0.0,False,10000.0,10000.0,0.0,0.0,M,,BAIXISSIMA,0.0,0.0
CNPJ_000915,0.0,0.1465,1,RECUSADO,RGR_R02_DECIL1_RECUSA_PADRAO,DECIL1_ALTO_RISCO_SEM_MITIGACAO,Recusa por Decil 1 de Risco sem criterios para resgate comercial.,0.0,False,10000.0,0.0,0.0,0.0,E,H,ALTISSIMA,1.0,0.0
CNPJ_000916,0.0,0.0835,9,APROVADO,RGR_R04_DECIL4_10_APROVADO,APROVADO_AUTOMATICO_BAIXO_RISCO,Aprovacao Automatica: Risco dentro do apetite da seguradora.,0.0,False,10000.0,10000.0,0.0,0.0,H,C,ALTA,0.0,0.0
CNPJ_000917,0.0,0.2287,1,RECUSADO,RGR_K02_EXCESSO_PROCESSOS_JUDICIAIS,K02_JUDICIAL_EXTREMO,Recusa Sumaria: Elevado passivo judicial (> 100 processos como requerido).,0.0,False,10000.0,0.0,0.0,0.0,H,J,ALTISSIMA,116.0,0.0
CNPJ_000918,0.0,0.1107,4,APROVADO,RGR_R04_DECIL4_10_APROVADO,APROVADO_AUTOMATICO_BAIXO_RISCO,Aprovacao Automatica: Risco dentro do apetite da seguradora.,0.0,False,10000.0,10000.0,0.0,0.0,G,D,ALTA,0.0,0.0
CNPJ_000919,0.0,0.0572,10,APROVADO,RGR_R04_DECIL4_10_APROVADO,APROVADO_AUTOMATICO_BAIXO_RISCO,Aprovacao Automatica: Risco dentro do apetite da seguradora.,0.0,False,10000.0,10000.0,0.0,0.0,H,E,ALTISSIMA,1.0,0.0
CNPJ_000920,0.0,0.1092,4,APROVADO,RGR_R04_DECIL4_10_APROVADO,APROVADO_AUTOMATICO_BAIXO_RISCO,Aprovacao Automatica: Risco dentro do apetite da seguradora.,0.0,False,10000.0,10000.0,0.0,0.0,C,E,ALTA,1.0,0.0
CNPJ_000921,0.0,0.1209,2,ACEITO_COM_CONDICAO,RGR_R03_DECIL2_3_CONDICIONAL,ACEITE_CONDICIONAL_DECIL_INTERMEDIARIO,Aceite Condicional Decil Intermediario (+7.5% premio).,7.5,False,10000.0,10750.0,750.0,0.0,G,F,BAIXISSIMA,3.0,1.0
CNPJ_000922,0.0,0.1097,4,APROVADO,RGR_R04_DECIL4_10_APROVADO,APROVADO_AUTOMATICO_BAIXO_RISCO,Aprovacao Automatica: Risco dentro do apetite da seguradora.,0.0,False,10000.0,10000.0,0.0,0.0,C,J,MEDIA,5.0,
CNPJ_000923,0.0,0.078,9,APROVADO,RGR_R04_DECIL4_10_APROVADO,APROVADO_AUTOMATICO_BAIXO_RISCO,Aprovacao Automatica: Risco dentro do apetite da seguradora.,0.0,False,10000.0,10000.0,0.0,0.0,H,F,ALTA,1.0,0.0
CNPJ_000924,0.0,0.1122,4,APROVADO,RGR_R04_DECIL4_10_APROVADO,APROVADO_AUTOMATICO_BAIXO_RISCO,Aprovacao Automatica: Risco dentro do apetite da seguradora.,0.0,False,10000.0,10000.0,0.0,0.0,G,,ALTA,0.0,0.0
CNPJ_000925,0.0,0.0979,6,APROVADO,RGR_R04_DECIL4_10_APROVADO,APROVADO_AUTOMATICO_BAIXO_RISCO,Aprovacao Automatica: Risco dentro do apetite da seguradora.,0.0,False,10000.0,10000.0,0.0,0.0,F,G,BAIXISSIMA,12.0,0.0
CNPJ_000926,0.0,0.1096,4,APROVADO,RGR_R04_DECIL4_10_APROVADO,APROVADO_AUTOMATICO_BAIXO_RISCO,Aprovacao Automatica: Risco dentro do apetite da seguradora.,0.0,False,10000.0,10000.0,0.0,0.0,J,A,BAIXISSIMA,0.0,0.0
CNPJ_000927,0.0,0.1069,5,APROVADO,RGR_R04_DECIL4_10_APROVADO,APROVADO_AUTOMATICO_BAIXO_RISCO,Aprovacao Automatica: Risco dentro do apetite da seguradora.,0.0,False,10000.0,10000.0,0.0,0.0,N,G,ALTA,0.0,0.0
CNPJ_000928,0.0,0.0978,6,APROVADO,RGR_R04_DECIL4_10_APROVADO,APROVADO_AUTOMATICO_BAIXO_RISCO,Aprovacao Automatica: Risco dentro do apetite da seguradora.,0.0,False,10000.0,10000.0,0.0,0.0,G,A,ALTA,1.0,0.0
CNPJ_000929,0.0,0.0777,9,APROVADO,RGR_R04_DECIL4_10_APROVADO,APROVADO_AUTOMATICO_BAIXO_RISCO,Aprovacao Automatica: Risco dentro do apetite da seguradora.,0.0,False,10000.0,10000.0,0.0,0.0,C,H,MEDIA,8.0,0.0
CNPJ_000930,0.0,0.1003,6,APROVADO,RGR_R04_DECIL4_10_APROVADO,APROVADO_AUTOMATICO_BAIXO_RISCO,Aprovacao Automatica: Risco dentro do apetite da seguradora.,0.0,False,10000.0,10000.0,0.0,0.0,N,G,BAIXISSIMA,0.0,0.0
CNPJ_000931,0.0,0.1267,2,ACEITO_COM_CONDICAO,RGR_R03_DECIL2_3_CONDICIONAL,ACEITE_CONDICIONAL_DECIL_INTERMEDIARIO,Aceite Condicional Decil Intermediario (+7.5% premio).,7.5,False,10000.0,10750.0,750.0,0.0,G,D,BAIXISSIMA,0.0,0.0
CNPJ_000932,0.0,0.1133,4,APROVADO,RGR_R04_DECIL4_10_APROVADO,APROVADO_AUTOMATICO_BAIXO_RISCO,Aprovacao Automatica: Risco dentro do apetite da seguradora.,0.0,False,10000.0,10000.0,0.0,0.0,G,H,BAIXISSIMA,3.0,0.0
CNPJ_000933,0.0,0.0712,10,APROVADO,RGR_R04_DECIL4_10_APROVADO,APROVADO_AUTOMATICO_BAIXO_RISCO,Aprovacao Automatica: Risco dentro do apetite da seguradora.,0.0,False,10000.0,10000.0,0.0,0.0,C,J,ALTISSIMA,21.0,0.0
CNPJ_000934,0.0,0.1109,4,APROVADO,RGR_R04_DECIL4_10_APROVADO,APROVADO_AUTOMATICO_BAIXO_RISCO,Aprovacao Automatica: Risco dentro do apetite da seguradora.,0.0,False,10000.0,10000.0,0.0,0.0,C,C,ALTA,0.0,0.0
CNPJ_000935,0.0,0.1097,4,APROVADO,RGR_R04_DECIL4_10_APROVADO,APROVADO_AUTOMATICO_BAIXO_RISCO,Aprovacao Automatica: Risco dentro do apetite da seguradora.,0.0,False,10000.0,10000.0,0.0,0.0,G,E,ALTA,0.0,0.0
CNPJ_000936,0.0,0.1009,6,APROVADO,RGR_R04_DECIL4_10_APROVADO,APROVADO_AUTOMATICO_BAIXO_RISCO,Aprovacao Automatica: Risco dentro do apetite da seguradora.,0.0,False,10000.0,10000.0,0.0,0.0,I,E,ALTA,0.0,0.0
CNPJ_000937,0.0,0.0923,7,APROVADO,RGR_R04_DECIL4_10_APROVADO,APROVADO_AUTOMATICO_BAIXO_RISCO,Aprovacao Automatica: Risco dentro do apetite da seguradora.,0.0,False,10000.0,10000.0,0.0,0.0,C,J,BAIXISSIMA,7.0,0.0
CNPJ_000938,0.0,0.2734,1,RECUSADO,RGR_R02_DECIL1_RECUSA_PADRAO,DECIL1_ALTO_RISCO_SEM_MITIGACAO,Recusa por Decil 1 de Risco sem criterios para resgate comercial.,0.0,False,10000.0,0.0,0.0,0.0,H,E,ALTA,1.0,1.0
CNPJ_000939,0.0,0.0902,8,APROVADO,RGR_R04_DECIL4_10_APROVADO,APROVADO_AUTOMATICO_BAIXO_RISCO,Aprovacao Automatica: Risco dentro do apetite da seguradora.,0.0,False,10000.0,10000.0,0.0,0.0,C,,BAIXISSIMA,0.0,1.0
CNPJ_000940,0.0,0.1133,4,APROVADO,RGR_R04_DECIL4_10_APROVADO,APROVADO_AUTOMATICO_BAIXO_RISCO,Aprovacao Automatica: Risco dentro do apetite da seguradora.,0.0,False,10000.0,10000.0,0.0,0.0,H,D,BAIXISSIMA,0.0,0.0
CNPJ_000941,0.0,0.112,4,APROVADO,RGR_R04_DECIL4_10_APROVADO,APROVADO_AUTOMATICO_BAIXO_RISCO,Aprovacao Automatica: Risco dentro do apetite da seguradora.,0.0,False,10000.0,10000.0,0.0,0.0,C,,ALTA,0.0,0.0
CNPJ_000942,0.0,0.1043,5,APROVADO,RGR_R04_DECIL4_10_APROVADO,APROVADO_AUTOMATICO_BAIXO_RISCO,Aprovacao Automatica: Risco dentro do apetite da seguradora.,0.0,False,10000.0,10000.0,0.0,0.0,N,A,ALTA,0.0,0.0
CNPJ_000943,0.0,0.0768,9,APROVADO,RGR_R04_DECIL4_10_APROVADO,APROVADO_AUTOMATICO_BAIXO_RISCO,Aprovacao Automatica: Risco dentro do apetite da seguradora.,0.0,False,10000.0,10000.0,0.0,0.0,G,C,MEDIA,0.0,0.0
CNPJ_000944,0.0,0.2057,1,ACEITO_COM_CONDICAO,RGR_R01_DECIL1_RESGATE_COM_RASTREADOR,RECUPERACAO_COMERCIAL_D1,"Aceite Condicional Decil 1: Perfil de score alto risco, porem mitigado por baixo passivo judicial e geografia favoravel.",15.0,True,10000.0,11500.0,1500.0,0.0,G,C,BAIXISSIMA,0.0,0.0
CNPJ_000945,0.0,0.0894,8,APROVADO,RGR_R04_DECIL4_10_APROVADO,APROVADO_AUTOMATICO_BAIXO_RISCO,Aprovacao Automatica: Risco dentro do apetite da seguradora.,0.0,False,10000.0,10000.0,0.0,0.0,G,,BAIXISSIMA,1.0,1.0
CNPJ_000946,0.0,0.0919,8,APROVADO,RGR_R04_DECIL4_10_APROVADO,APROVADO_AUTOMATICO_BAIXO_RISCO,Aprovacao Automatica: Risco dentro do apetite da seguradora.,0.0,False,10000.0,10000.0,0.0,0.0,C,C,MEDIA,0.0,0.0
CNPJ_000947,0.0,0.2191,1,RECUSADO,RGR_R02_DECIL1_RECUSA_PADRAO,DECIL1_ALTO_RISCO_SEM_MITIGACAO,Recusa por Decil 1 de Risco sem criterios para resgate comercial.,0.0,False,10000.0,0.0,0.0,0.0,P,A,ALTA,1.0,0.0
CNPJ_000948,0.0,0.1011,6,APROVADO,RGR_R04_DECIL4_10_APROVADO,APROVADO_AUTOMATICO_BAIXO_RISCO,Aprovacao Automatica: Risco dentro do apetite da seguradora.,0.0,False,10000.0,10000.0,0.0,0.0,G,E,ALTA,0.0,1.0
CNPJ_000949,0.0,0.1077,4,APROVADO,RGR_R04_DECIL4_10_APROVADO,APROVADO_AUTOMATICO_BAIXO_RISCO,Aprovacao Automatica: Risco dentro do apetite da seguradora.,0.0,False,10000.0,10000.0,0.0,0.0,G,H,BAIXISSIMA,1.0,0.0
CNPJ_000950,0.0,0.0781,9,APROVADO,RGR_R04_DECIL4_10_APROVADO,APROVADO_AUTOMATICO_BAIXO_RISCO,Aprovacao Automatica: Risco dentro do apetite da seguradora.,0.0,False,10000.0,10000.0,0.0,0.0,G,F,ALTA,1.0,0.0
CNPJ_000951,0.0,0.0867,8,APROVADO,RGR_R04_DECIL4_10_APROVADO,APROVADO_AUTOMATICO_BAIXO_RISCO,Aprovacao Automatica: Risco dentro do apetite da seguradora.,0.0,False,10000.0,10000.0,0.0,0.0,H,D,ALTA,0.0,0.0
CNPJ_000952,0.0,0.1249,2,ACEITO_COM_CONDICAO,RGR_R03_DECIL2_3_CONDICIONAL,ACEITE_CONDICIONAL_DECIL_INTERMEDIARIO,Aceite Condicional Decil Intermediario (+7.5% premio).,7.5,False,10000.0,10750.0,750.0,0.0,C,D,BAIXISSIMA,0.0,0.0
CNPJ_000953,0.0,0.1101,4,APROVADO,RGR_R04_DECIL4_10_APROVADO,APROVADO_AUTOMATICO_BAIXO_RISCO,Aprovacao Automatica: Risco dentro do apetite da seguradora.,0.0,False,10000.0,10000.0,0.0,0.0,N,,BAIXISSIMA,0.0,0.0
CNPJ_000954,0.0,0.0907,8,APROVADO,RGR_R04_DECIL4_10_APROVADO,APROVADO_AUTOMATICO_BAIXO_RISCO,Aprovacao Automatica: Risco dentro do apetite da seguradora.,0.0,False,10000.0,10000.0,0.0,0.0,N,,BAIXISSIMA,0.0,0.0
CNPJ_000955,0.0,0.113,4,APROVADO,RGR_R04_DECIL4_10_APROVADO,APROVADO_AUTOMATICO_BAIXO_RISCO,Aprovacao Automatica: Risco dentro do apetite da seguradora.,0.0,False,10000.0,10000.0,0.0,0.0,C,H,BAIXISSIMA,0.0,0.0
CNPJ_000956,0.0,0.3729,1,RECUSADO,RGR_K01_RISCO_LIDERANCA_AREA_CRITICA,K01_LIDERANCA_AREA_CRITICA,Recusa Sumaria: Risco de lideranca detectado em area de concentracao altissima de sinistro.,0.0,False,10000.0,0.0,0.0,0.0,G,J,ALTISSIMA,10476.0,1.0
CNPJ_000957,0.0,0.0709,10,APROVADO,RGR_R04_DECIL4_10_APROVADO,APROVADO_AUTOMATICO_BAIXO_RISCO,Aprovacao Automatica: Risco dentro do apetite da seguradora.,0.0,False,10000.0,10000.0,0.0,0.0,,,,,
CNPJ_000958,0.0,0.1045,5,APROVADO,RGR_R04_DECIL4_10_APROVADO,APROVADO_AUTOMATICO_BAIXO_RISCO,Aprovacao Automatica: Risco dentro do apetite da seguradora.,0.0,False,10000.0,10000.0,0.0,0.0,N,E,ALTISSIMA,0.0,0.0
CNPJ_000959,0.0,0.0792,9,APROVADO,RGR_R04_DECIL4_10_APROVADO,APROVADO_AUTOMATICO_BAIXO_RISCO,Aprovacao Automatica: Risco dentro do apetite da seguradora.,0.0,False,10000.0,10000.0,0.0,0.0,M,F,ALTISSIMA,0.0,0.0
CNPJ_000960,0.0,0.0717,10,RECUSADO,RGR_K01_RISCO_LIDERANCA_AREA_CRITICA,K01_LIDERANCA_AREA_CRITICA,Recusa Sumaria: Risco de lideranca detectado em area de concentracao altissima de sinistro.,0.0,False,10000.0,0.0,0.0,0.0,H,D,ALTISSIMA,0.0,1.0
CNPJ_000961,0.0,0.1301,2,RECUSADO,RGR_K02_EXCESSO_PROCESSOS_JUDICIAIS,K02_JUDICIAL_EXTREMO,Recusa Sumaria: Elevado passivo judicial (> 100 processos como requerido).,0.0,False,10000.0,0.0,0.0,0.0,G,J,ALTISSIMA,10476.0,
CNPJ_000962,0.0,0.0886,8,APROVADO,RGR_R04_DECIL4_10_APROVADO,APROVADO_AUTOMATICO_BAIXO_RISCO,Aprovacao Automatica: Risco dentro do apetite da seguradora.,0.0,False,10000.0,10000.0,0.0,0.0,G,,ALTA,0.0,0.0
CNPJ_000963,0.0,0.1012,6,APROVADO,RGR_R04_DECIL4_10_APROVADO,APROVADO_AUTOMATICO_BAIXO_RISCO,Aprovacao Automatica: Risco dentro do apetite da seguradora.,0.0,False,10000.0,10000.0,0.0,0.0,H,D,BAIXISSIMA,0.0,0.0
CNPJ_000964,0.0,0.0899,8,APROVADO,RGR_R04_DECIL4_10_APROVADO,APROVADO_AUTOMATICO_BAIXO_RISCO,Aprovacao Automatica: Risco dentro do apetite da seguradora.,0.0,False,10000.0,10000.0,0.0,0.0,C,H,ALTA,0.0,0.0
CNPJ_000965,0.0,0.1014,6,APROVADO,RGR_R04_DECIL4_10_APROVADO,APROVADO_AUTOMATICO_BAIXO_RISCO,Aprovacao Automatica: Risco dentro do apetite da seguradora.,0.0,False,10000.0,10000.0,0.0,0.0,C,E,BAIXISSIMA,0.0,0.0
CNPJ_000966,0.0,0.0978,6,APROVADO,RGR_R04_DECIL4_10_APROVADO,APROVADO_AUTOMATICO_BAIXO_RISCO,Aprovacao Automatica: Risco dentro do apetite da seguradora.,0.0,False,10000.0,10000.0,0.0,0.0,G,G,ALTA,0.0,0.0
CNPJ_000967,0.0,0.0954,7,APROVADO,RGR_R04_DECIL4_10_APROVADO,APROVADO_AUTOMATICO_BAIXO_RISCO,Aprovacao Automatica: Risco dentro do apetite da seguradora.,0.0,False,10000.0,10000.0,0.0,0.0,G,,BAIXISSIMA,0.0,0.0
CNPJ_000968,0.0,0.1195,3,ACEITO_COM_CONDICAO,RGR_R03_DECIL2_3_CONDICIONAL,ACEITE_CONDICIONAL_DECIL_INTERMEDIARIO,Aceite Condicional Decil Intermediario (+7.5% premio).,7.5,False,10000.0,10750.0,750.0,0.0,H,F,ALTA,0.0,0.0
CNPJ_000969,0.0,0.1127,4,APROVADO,RGR_R04_DECIL4_10_APROVADO,APROVADO_AUTOMATICO_BAIXO_RISCO,Aprovacao Automatica: Risco dentro do apetite da seguradora.,0.0,False,10000.0,10000.0,0.0,0.0,G,B,ALTA,0.0,0.0
CNPJ_000970,0.0,0.1073,5,APROVADO,RGR_R04_DECIL4_10_APROVADO,APROVADO_AUTOMATICO_BAIXO_RISCO,Aprovacao Automatica: Risco dentro do apetite da seguradora.,0.0,False,10000.0,10000.0,0.0,0.0,G,,ALTA,0.0,0.0
CNPJ_000971,0.0,0.0943,7,APROVADO,RGR_R04_DECIL4_10_APROVADO,APROVADO_AUTOMATICO_BAIXO_RISCO,Aprovacao Automatica: Risco dentro do apetite da seguradora.,0.0,False,10000.0,10000.0,0.0,0.0,C,H,ALTA,6.0,
CNPJ_000972,0.0,0.0906,8,APROVADO,RGR_R04_DECIL4_10_APROVADO,APROVADO_AUTOMATICO_BAIXO_RISCO,Aprovacao Automatica: Risco dentro do apetite da seguradora.,0.0,False,10000.0,10000.0,0.0,0.0,H,A,ALTA,0.0,0.0
CNPJ_000973,0.0,0.0772,9,APROVADO,RGR_R04_DECIL4_10_APROVADO,APROVADO_AUTOMATICO_BAIXO_RISCO,Aprovacao Automatica: Risco dentro do apetite da seguradora.,0.0,False,10000.0,10000.0,0.0,0.0,C,E,ALTA,0.0,0.0
CNPJ_000974,0.0,0.1055,5,RECUSADO,RGR_K02_EXCESSO_PROCESSOS_JUDICIAIS,K02_JUDICIAL_EXTREMO,Recusa Sumaria: Elevado passivo judicial (> 100 processos como requerido).,0.0,False,10000.0,0.0,0.0,0.0,G,J,ALTA,212.0,0.0
CNPJ_000975,0.0,0.1011,6,APROVADO,RGR_R04_DECIL4_10_APROVADO,APROVADO_AUTOMATICO_BAIXO_RISCO,Aprovacao Automatica: Risco dentro do apetite da seguradora.,0.0,False,10000.0,10000.0,0.0,0.0,G,E,MEDIA,0.0,1.0
CNPJ_000976,0.0,0.1103,4,APROVADO,RGR_R04_DECIL4_10_APROVADO,APROVADO_AUTOMATICO_BAIXO_RISCO,Aprovacao Automatica: Risco dentro do apetite da seguradora.,0.0,False,10000.0,10000.0,0.0,0.0,G,F,BAIXISSIMA,0.0,0.0
CNPJ_000977,0.0,0.0854,8,APROVADO,RGR_R04_DECIL4_10_APROVADO,APROVADO_AUTOMATICO_BAIXO_RISCO,Aprovacao Automatica: Risco dentro do apetite da seguradora.,0.0,False,10000.0,10000.0,0.0,0.0,G,D,ALTISSIMA,0.0,0.0
CNPJ_000978,0.0,0.0586,10,APROVADO,RGR_R04_DECIL4_10_APROVADO,APROVADO_AUTOMATICO_BAIXO_RISCO,Aprovacao Automatica: Risco dentro do apetite da seguradora.,0.0,False,10000.0,10000.0,0.0,0.0,H,E,BAIXISSIMA,1.0,0.0
CNPJ_000979,0.0,0.0965,7,APROVADO,RGR_R04_DECIL4_10_APROVADO,APROVADO_AUTOMATICO_BAIXO_RISCO,Aprovacao Automatica: Risco dentro do apetite da seguradora.,0.0,False,10000.0,10000.0,0.0,0.0,G,G,MEDIA,2.0,0.0
CNPJ_000980,0.0,0.0729,10,RECUSADO,RGR_K01_RISCO_LIDERANCA_AREA_CRITICA,K01_LIDERANCA_AREA_CRITICA,Recusa Sumaria: Risco de lideranca detectado em area de concentracao altissima de sinistro.,0.0,False,10000.0,0.0,0.0,0.0,H,,ALTISSIMA,37.0,1.0
CNPJ_000981,0.0,0.1005,6,APROVADO,RGR_R04_DECIL4_10_APROVADO,APROVADO_AUTOMATICO_BAIXO_RISCO,Aprovacao Automatica: Risco dentro do apetite da seguradora.,0.0,False,10000.0,10000.0,0.0,0.0,H,H,BAIXISSIMA,18.0,0.0
CNPJ_000982,0.0,0.0916,8,APROVADO,RGR_R04_DECIL4_10_APROVADO,APROVADO_AUTOMATICO_BAIXO_RISCO,Aprovacao Automatica: Risco dentro do apetite da seguradora.,0.0,False,10000.0,10000.0,0.0,0.0,C,G,BAIXISSIMA,0.0,0.0
CNPJ_000983,0.0,0.0843,9,APROVADO,RGR_R04_DECIL4_10_APROVADO,APROVADO_AUTOMATICO_BAIXO_RISCO,Aprovacao Automatica: Risco dentro do apetite da seguradora.,0.0,False,10000.0,10000.0,0.0,0.0,G,G,BAIXISSIMA,4.0,0.0
CNPJ_000984,0.0,0.0811,9,APROVADO,RGR_R04_DECIL4_10_APROVADO,APROVADO_AUTOMATICO_BAIXO_RISCO,Aprovacao Automatica: Risco dentro do apetite da seguradora.,0.0,False,10000.0,10000.0,0.0,0.0,H,A,BAIXISSIMA,0.0,
CNPJ_000985,0.0,0.0675,10,APROVADO,RGR_R04_DECIL4_10_APROVADO,APROVADO_AUTOMATICO_BAIXO_RISCO,Aprovacao Automatica: Risco dentro do apetite da seguradora.,0.0,False,10000.0,10000.0,0.0,0.0,C,J,ALTA,92.0,0.0
CNPJ_000986,0.0,0.0915,8,APROVADO,RGR_R04_DECIL4_10_APROVADO,APROVADO_AUTOMATICO_BAIXO_RISCO,Aprovacao Automatica: Risco dentro do apetite da seguradora.,0.0,False,10000.0,10000.0,0.0,0.0,G,B,BAIXISSIMA,0.0,0.0
CNPJ_000987,0.0,0.1489,1,ACEITO_COM_CONDICAO,RGR_R01_DECIL1_RESGATE_COM_RASTREADOR,RECUPERACAO_COMERCIAL_D1,"Aceite Condicional Decil 1: Perfil de score alto risco, porem mitigado por baixo passivo judicial e geografia favoravel.",15.0,True,10000.0,11500.0,1500.0,0.0,G,,BAIXISSIMA,0.0,0.0
CNPJ_000988,0.0,0.1113,4,APROVADO,RGR_R04_DECIL4_10_APROVADO,APROVADO_AUTOMATICO_BAIXO_RISCO,Aprovacao Automatica: Risco dentro do apetite da seguradora.,0.0,False,10000.0,10000.0,0.0,0.0,C,,ALTA,1.0,0.0
CNPJ_000989,0.0,0.0877,8,APROVADO,RGR_R04_DECIL4_10_APROVADO,APROVADO_AUTOMATICO_BAIXO_RISCO,Aprovacao Automatica: Risco dentro do apetite da seguradora.,0.0,False,10000.0,10000.0,0.0,0.0,G,E,ALTISSIMA,3.0,0.0
CNPJ_000990,0.0,0.1108,4,APROVADO,RGR_R04_DECIL4_10_APROVADO,APROVADO_AUTOMATICO_BAIXO_RISCO,Aprovacao Automatica: Risco dentro do apetite da seguradora.,0.0,False,10000.0,10000.0,0.0,0.0,G,,BAIXISSIMA,0.0,0.0
CNPJ_000991,0.0,0.1053,5,APROVADO,RGR_R04_DECIL4_10_APROVADO,APROVADO_AUTOMATICO_BAIXO_RISCO,Aprovacao Automatica: Risco dentro do apetite da seguradora.,0.0,False,10000.0,10000.0,0.0,0.0,A,,ALTA,0.0,0.0
CNPJ_000992,0.0,0.1114,4,APROVADO,RGR_R04_DECIL4_10_APROVADO,APROVADO_AUTOMATICO_BAIXO_RISCO,Aprovacao Automatica: Risco dentro do apetite da seguradora.,0.0,False,10000.0,10000.0,0.0,0.0,C,E,BAIXISSIMA,0.0,0.0
CNPJ_000993,0.0,0.0912,8,APROVADO,RGR_R04_DECIL4_10_APROVADO,APROVADO_AUTOMATICO_BAIXO_RISCO,Aprovacao Automatica: Risco dentro do apetite da seguradora.,0.0,False,10000.0,10000.0,0.0,0.0,N,,ALTISSIMA,2.0,0.0
CNPJ_000994,0.0,0.111,4,APROVADO,RGR_R04_DECIL4_10_APROVADO,APROVADO_AUTOMATICO_BAIXO_RISCO,Aprovacao Automatica: Risco dentro do apetite da seguradora.,0.0,False,10000.0,10000.0,0.0,0.0,F,,BAIXISSIMA,0.0,0.0
CNPJ_000995,0.0,0.2207,1,RECUSADO,RGR_R02_DECIL1_RECUSA_PADRAO,DECIL1_ALTO_RISCO_SEM_MITIGACAO,Recusa por Decil 1 de Risco sem criterios para resgate comercial.,0.0,False,10000.0,0.0,0.0,0.0,H,A,ALTA,0.0,0.0
CNPJ_000996,0.0,0.102,6,APROVADO,RGR_R04_DECIL4_10_APROVADO,APROVADO_AUTOMATICO_BAIXO_RISCO,Aprovacao Automatica: Risco dentro do apetite da seguradora.,0.0,False,10000.0,10000.0,0.0,0.0,J,E,ALTA,4.0,1.0
CNPJ_000997,0.0,0.081,9,APROVADO,RGR_R04_DECIL4_10_APROVADO,APROVADO_AUTOMATICO_BAIXO_RISCO,Aprovacao Automatica: Risco dentro do apetite da seguradora.,0.0,False,10000.0,10000.0,0.0,0.0,H,E,ALTISSIMA,1.0,0.0
CNPJ_000998,0.0,0.0914,8,APROVADO,RGR_R04_DECIL4_10_APROVADO,APROVADO_AUTOMATICO_BAIXO_RISCO,Aprovacao Automatica: Risco dentro do apetite da seguradora.,0.0,False,10000.0,10000.0,0.0,0.0,I,C,BAIXISSIMA,0.0,0.0
CNPJ_000999,0.0,0.08,9,APROVADO,RGR_R04_DECIL4_10_APROVADO,APROVADO_AUTOMATICO_BAIXO_RISCO,Aprovacao Automatica: Risco dentro do apetite da seguradora.,0.0,False,10000.0,10000.0,0.0,0.0,H,B,BAIXISSIMA,0.0,0.0
CNPJ_001000,0.0,0.0839,9,APROVADO,RGR_R04_DECIL4_10_APROVADO,APROVADO_AUTOMATICO_BAIXO_RISCO,Aprovacao Automatica: Risco dentro do apetite da seguradora.,0.0,False,10000.0,10000.0,0.0,0.0,C,J,ALTA,0.0,0.0
CNPJ_001001,0.0,0.1047,5,APROVADO,RGR_R04_DECIL4_10_APROVADO,APROVADO_AUTOMATICO_BAIXO_RISCO,Aprovacao Automatica: Risco dentro do apetite da seguradora.,0.0,False,10000.0,10000.0,0.0,0.0,G,G,ALTISSIMA,3.0,0.0
CNPJ_001002,0.0,0.1239,2,ACEITO_COM_CONDICAO,RGR_R03_DECIL2_3_CONDICIONAL,ACEITE_CONDICIONAL_DECIL_INTERMEDIARIO,Aceite Condicional Decil Intermediario (+7.5% premio).,7.5,False,10000.0,10750.0,750.0,0.0,G,C,ALTA,0.0,0.0
CNPJ_001003,0.0,0.1058,5,APROVADO,RGR_R04_DECIL4_10_APROVADO,APROVADO_AUTOMATICO_BAIXO_RISCO,Aprovacao Automatica: Risco dentro do apetite da seguradora.,0.0,False,10000.0,10000.0,0.0,0.0,C,H,MEDIA,1.0,0.0
CNPJ_001004,0.0,0.1263,2,ACEITO_COM_CONDICAO,RGR_R03_DECIL2_3_CONDICIONAL,ACEITE_CONDICIONAL_DECIL_INTERMEDIARIO,Aceite Condicional Decil Intermediario (+7.5% premio).,7.5,False,10000.0,10750.0,750.0,0.0,G,,ALTISSIMA,0.0,0.0
CNPJ_001005,0.0,0.2149,1,RECUSADO,RGR_R02_DECIL1_RECUSA_PADRAO,DECIL1_ALTO_RISCO_SEM_MITIGACAO,Recusa por Decil 1 de Risco sem criterios para resgate comercial.,0.0,False,10000.0,0.0,0.0,0.0,H,D,ALTA,0.0,0.0
CNPJ_001006,0.0,0.0983,6,APROVADO,RGR_R04_DECIL4_10_APROVADO,APROVADO_AUTOMATICO_BAIXO_RISCO,Aprovacao Automatica: Risco dentro do apetite da seguradora.,0.0,False,10000.0,10000.0,0.0,0.0,H,E,BAIXISSIMA,0.0,0.0
CNPJ_001007,0.0,0.1203,2,ACEITO_COM_CONDICAO,RGR_R03_DECIL2_3_CONDICIONAL,ACEITE_CONDICIONAL_DECIL_INTERMEDIARIO,Aceite Condicional Decil Intermediario (+7.5% premio).,7.5,False,10000.0,10750.0,750.0,0.0,G,H,ALTISSIMA,2.0,0.0
CNPJ_001008,0.0,0.108,4,APROVADO,RGR_R04_DECIL4_10_APROVADO,APROVADO_AUTOMATICO_BAIXO_RISCO,Aprovacao Automatica: Risco dentro do apetite da seguradora.,0.0,False,10000.0,10000.0,0.0,0.0,H,D,BAIXISSIMA,0.0,0.0
CNPJ_001009,0.0,0.0823,9,APROVADO,RGR_R04_DECIL4_10_APROVADO,APROVADO_AUTOMATICO_BAIXO_RISCO,Aprovacao Automatica: Risco dentro do apetite da seguradora.,0.0,False,10000.0,10000.0,0.0,0.0,M,F,ALTISSIMA,0.0,0.0
CNPJ_001010,0.0,0.1029,5,APROVADO,RGR_R04_DECIL4_10_APROVADO,APROVADO_AUTOMATICO_BAIXO_RISCO,Aprovacao Automatica: Risco dentro do apetite da seguradora.,0.0,False,10000.0,10000.0,0.0,0.0,A,H,BAIXISSIMA,2.0,0.0
CNPJ_001011,0.0,0.083,9,APROVADO,RGR_R04_DECIL4_10_APROVADO,APROVADO_AUTOMATICO_BAIXO_RISCO,Aprovacao Automatica: Risco dentro do apetite da seguradora.,0.0,False,10000.0,10000.0,0.0,0.0,H,G,MEDIA,2.0,0.0
CNPJ_001012,0.0,0.1059,5,APROVADO,RGR_R04_DECIL4_10_APROVADO,APROVADO_AUTOMATICO_BAIXO_RISCO,Aprovacao Automatica: Risco dentro do apetite da seguradora.,0.0,False,10000.0,10000.0,0.0,0.0,G,F,MEDIA,0.0,0.0
CNPJ_001013,0.0,0.1133,4,APROVADO,RGR_R04_DECIL4_10_APROVADO,APROVADO_AUTOMATICO_BAIXO_RISCO,Aprovacao Automatica: Risco dentro do apetite da seguradora.,0.0,False,10000.0,10000.0,0.0,0.0,N,C,ALTA,0.0,0.0
CNPJ_001014,0.0,0.118,3,ACEITO_COM_CONDICAO,RGR_R03_DECIL2_3_CONDICIONAL,ACEITE_CONDICIONAL_DECIL_INTERMEDIARIO,Aceite Condicional Decil Intermediario (+7.5% premio).,7.5,False,10000.0,10750.0,750.0,0.0,C,C,BAIXISSIMA,0.0,0.0
CNPJ_001015,0.0,0.3113,1,RECUSADO,RGR_R02_DECIL1_RECUSA_PADRAO,DECIL1_ALTO_RISCO_SEM_MITIGACAO,Recusa por Decil 1 de Risco sem criterios para resgate comercial.,0.0,False,10000.0,0.0,0.0,0.0,H,D,ALTA,0.0,0.0
CNPJ_001016,0.0,0.1824,1,RECUSADO,RGR_R02_DECIL1_RECUSA_PADRAO,DECIL1_ALTO_RISCO_SEM_MITIGACAO,Recusa por Decil 1 de Risco sem criterios para resgate comercial.,0.0,False,10000.0,0.0,0.0,0.0,H,E,ALTA,0.0,0.0
CNPJ_001017,0.0,0.0792,9,APROVADO,RGR_R04_DECIL4_10_APROVADO,APROVADO_AUTOMATICO_BAIXO_RISCO,Aprovacao Automatica: Risco dentro do apetite da seguradora.,0.0,False,10000.0,10000.0,0.0,0.0,N,D,,0.0,0.0
CNPJ_001018,0.0,0.1078,4,APROVADO,RGR_R04_DECIL4_10_APROVADO,APROVADO_AUTOMATICO_BAIXO_RISCO,Aprovacao Automatica: Risco dentro do apetite da seguradora.,0.0,False,10000.0,10000.0,0.0,0.0,G,E,ALTA,0.0,0.0
CNPJ_001019,0.0,0.0894,8,APROVADO,RGR_R04_DECIL4_10_APROVADO,APROVADO_AUTOMATICO_BAIXO_RISCO,Aprovacao Automatica: Risco dentro do apetite da seguradora.,0.0,False,10000.0,10000.0,0.0,0.0,N,J,ALTISSIMA,6.0,0.0
CNPJ_001020,0.0,0.2374,1,ACEITO_COM_CONDICAO,RGR_R01_DECIL1_RESGATE_COM_RASTREADOR,RECUPERACAO_COMERCIAL_D1,"Aceite Condicional Decil 1: Perfil de score alto risco, porem mitigado por baixo passivo judicial e geografia favoravel.",15.0,True,10000.0,11500.0,1500.0,0.0,H,G,BAIXISSIMA,8.0,0.0
CNPJ_001021,0.0,0.0892,8,APROVADO,RGR_R04_DECIL4_10_APROVADO,APROVADO_AUTOMATICO_BAIXO_RISCO,Aprovacao Automatica: Risco dentro do apetite da seguradora.,0.0,False,10000.0,10000.0,0.0,0.0,N,F,ALTISSIMA,1.0,0.0
CNPJ_001022,0.0,0.0759,10,RECUSADO,RGR_K02_EXCESSO_PROCESSOS_JUDICIAIS,K02_JUDICIAL_EXTREMO,Recusa Sumaria: Elevado passivo judicial (> 100 processos como requerido).,0.0,False,10000.0,0.0,0.0,0.0,C,J,ALTA,126.0,0.0
CNPJ_001023,0.0,0.1493,1,RECUSADO,RGR_R02_DECIL1_RECUSA_PADRAO,DECIL1_ALTO_RISCO_SEM_MITIGACAO,Recusa por Decil 1 de Risco sem criterios para resgate comercial.,0.0,False,10000.0,0.0,0.0,0.0,C,H,BAIXISSIMA,13.0,0.0
CNPJ_001024,0.0,0.1145,3,ACEITO_COM_CONDICAO,RGR_R03_DECIL2_3_CONDICIONAL,ACEITE_CONDICIONAL_DECIL_INTERMEDIARIO,Aceite Condicional Decil Intermediario (+7.5% premio).,7.5,False,10000.0,10750.0,750.0,0.0,F,C,MEDIA,0.0,0.0
CNPJ_001025,0.0,0.135,2,ACEITO_COM_CONDICAO,RGR_R03_DECIL2_3_CONDICIONAL,ACEITE_CONDICIONAL_DECIL_INTERMEDIARIO,Aceite Condicional Decil Intermediario (+7.5% premio).,7.5,False,10000.0,10750.0,750.0,0.0,G,,BAIXISSIMA,0.0,0.0
CNPJ_001026,0.0,0.1045,5,APROVADO,RGR_R04_DECIL4_10_APROVADO,APROVADO_AUTOMATICO_BAIXO_RISCO,Aprovacao Automatica: Risco dentro do apetite da seguradora.,0.0,False,10000.0,10000.0,0.0,0.0,C,J,ALTA,0.0,0.0
CNPJ_001027,0.0,0.1253,2,ACEITO_COM_CONDICAO,RGR_R03_DECIL2_3_CONDICIONAL,ACEITE_CONDICIONAL_DECIL_INTERMEDIARIO,Aceite Condicional Decil Intermediario (+7.5% premio).,7.5,False,10000.0,10750.0,750.0,0.0,A,F,MEDIA,0.0,
CNPJ_001028,0.0,0.1065,5,APROVADO,RGR_R04_DECIL4_10_APROVADO,APROVADO_AUTOMATICO_BAIXO_RISCO,Aprovacao Automatica: Risco dentro do apetite da seguradora.,0.0,False,10000.0,10000.0,0.0,0.0,G,E,ALTA,1.0,0.0
CNPJ_001029,0.0,0.0957,7,RECUSADO,RGR_K01_RISCO_LIDERANCA_AREA_CRITICA,K01_LIDERANCA_AREA_CRITICA,Recusa Sumaria: Risco de lideranca detectado em area de concentracao altissima de sinistro.,0.0,False,10000.0,0.0,0.0,0.0,N,F,ALTISSIMA,0.0,1.0
CNPJ_001030,0.0,0.1177,3,ACEITO_COM_CONDICAO,RGR_R03_DECIL2_3_CONDICIONAL,ACEITE_CONDICIONAL_DECIL_INTERMEDIARIO,Aceite Condicional Decil Intermediario (+7.5% premio).,7.5,False,10000.0,10750.0,750.0,0.0,M,B,ALTA,0.0,0.0
CNPJ_001031,0.0,0.0951,7,APROVADO,RGR_R04_DECIL4_10_APROVADO,APROVADO_AUTOMATICO_BAIXO_RISCO,Aprovacao Automatica: Risco dentro do apetite da seguradora.,0.0,False,10000.0,10000.0,0.0,0.0,A,,BAIXISSIMA,0.0,1.0
CNPJ_001032,0.0,0.0711,10,APROVADO,RGR_R04_DECIL4_10_APROVADO,APROVADO_AUTOMATICO_BAIXO_RISCO,Aprovacao Automatica: Risco dentro do apetite da seguradora.,0.0,False,10000.0,10000.0,0.0,0.0,H,J,ALTA,32.0,0.0
CNPJ_001033,0.0,0.0546,10,APROVADO,RGR_R04_DECIL4_10_APROVADO,APROVADO_AUTOMATICO_BAIXO_RISCO,Aprovacao Automatica: Risco dentro do apetite da seguradora.,0.0,False,10000.0,10000.0,0.0,0.0,H,H,MEDIA,22.0,1.0
CNPJ_001034,0.0,0.1338,2,ACEITO_COM_CONDICAO,RGR_R03_DECIL2_3_CONDICIONAL,ACEITE_CONDICIONAL_DECIL_INTERMEDIARIO,Aceite Condicional Decil Intermediario (+7.5% premio).,7.5,False,10000.0,10750.0,750.0,0.0,G,G,ALTISSIMA,4.0,0.0
CNPJ_001035,0.0,0.117,3,ACEITO_COM_CONDICAO,RGR_R03_DECIL2_3_CONDICIONAL,ACEITE_CONDICIONAL_DECIL_INTERMEDIARIO,Aceite Condicional Decil Intermediario (+7.5% premio).,7.5,False,10000.0,10750.0,750.0,0.0,C,H,ALTA,4.0,0.0
CNPJ_001036,0.0,0.1182,3,ACEITO_COM_CONDICAO,RGR_R03_DECIL2_3_CONDICIONAL,ACEITE_CONDICIONAL_DECIL_INTERMEDIARIO,Aceite Condicional Decil Intermediario (+7.5% premio).,7.5,False,10000.0,10750.0,750.0,0.0,G,D,ALTISSIMA,4.0,0.0
CNPJ_001037,0.0,0.1034,5,APROVADO,RGR_R04_DECIL4_10_APROVADO,APROVADO_AUTOMATICO_BAIXO_RISCO,Aprovacao Automatica: Risco dentro do apetite da seguradora.,0.0,False,10000.0,10000.0,0.0,0.0,N,F,BAIXISSIMA,3.0,0.0
CNPJ_001038,0.0,0.0951,7,APROVADO,RGR_R04_DECIL4_10_APROVADO,APROVADO_AUTOMATICO_BAIXO_RISCO,Aprovacao Automatica: Risco dentro do apetite da seguradora.,0.0,False,10000.0,10000.0,0.0,0.0,C,F,,2.0,0.0
CNPJ_001039,0.0,0.1087,4,APROVADO,RGR_R04_DECIL4_10_APROVADO,APROVADO_AUTOMATICO_BAIXO_RISCO,Aprovacao Automatica: Risco dentro do apetite da seguradora.,0.0,False,10000.0,10000.0,0.0,0.0,C,B,ALTA,0.0,0.0
CNPJ_001040,0.0,0.1092,4,APROVADO,RGR_R04_DECIL4_10_APROVADO,APROVADO_AUTOMATICO_BAIXO_RISCO,Aprovacao Automatica: Risco dentro do apetite da seguradora.,0.0,False,10000.0,10000.0,0.0,0.0,C,,BAIXISSIMA,0.0,0.0
CNPJ_001041,0.0,0.2265,1,ACEITO_COM_CONDICAO,RGR_R01_DECIL1_RESGATE_COM_RASTREADOR,RECUPERACAO_COMERCIAL_D1,"Aceite Condicional Decil 1: Perfil de score alto risco, porem mitigado por baixo passivo judicial e geografia favoravel.",15.0,True,10000.0,11500.0,1500.0,0.0,H,B,BAIXISSIMA,0.0,1.0
CNPJ_001042,0.0,0.0921,7,RECUSADO,RGR_K01_RISCO_LIDERANCA_AREA_CRITICA,K01_LIDERANCA_AREA_CRITICA,Recusa Sumaria: Risco de lideranca detectado em area de concentracao altissima de sinistro.,0.0,False,10000.0,0.0,0.0,0.0,M,,ALTISSIMA,0.0,1.0
CNPJ_001043,0.0,0.1477,1,RECUSADO,RGR_R02_DECIL1_RECUSA_PADRAO,DECIL1_ALTO_RISCO_SEM_MITIGACAO,Recusa por Decil 1 de Risco sem criterios para resgate comercial.,0.0,False,10000.0,0.0,0.0,0.0,E,,ALTA,0.0,1.0
CNPJ_001044,0.0,0.1543,1,RECUSADO,RGR_R02_DECIL1_RECUSA_PADRAO,DECIL1_ALTO_RISCO_SEM_MITIGACAO,Recusa por Decil 1 de Risco sem criterios para resgate comercial.,0.0,False,10000.0,0.0,0.0,0.0,H,I,,1.0,0.0
CNPJ_001045,0.0,0.1272,2,ACEITO_COM_CONDICAO,RGR_R03_DECIL2_3_CONDICIONAL,ACEITE_CONDICIONAL_DECIL_INTERMEDIARIO,Aceite Condicional Decil Intermediario (+7.5% premio).,7.5,False,10000.0,10750.0,750.0,0.0,J,H,ALTISSIMA,1.0,0.0
CNPJ_001046,0.0,0.0777,9,APROVADO,RGR_R04_DECIL4_10_APROVADO,APROVADO_AUTOMATICO_BAIXO_RISCO,Aprovacao Automatica: Risco dentro do apetite da seguradora.,0.0,False,10000.0,10000.0,0.0,0.0,C,F,BAIXISSIMA,1.0,0.0
CNPJ_001047,0.0,0.1013,6,APROVADO,RGR_R04_DECIL4_10_APROVADO,APROVADO_AUTOMATICO_BAIXO_RISCO,Aprovacao Automatica: Risco dentro do apetite da seguradora.,0.0,False,10000.0,10000.0,0.0,0.0,N,C,ALTA,0.0,0.0
CNPJ_001048,0.0,0.1123,4,APROVADO,RGR_R04_DECIL4_10_APROVADO,APROVADO_AUTOMATICO_BAIXO_RISCO,Aprovacao Automatica: Risco dentro do apetite da seguradora.,0.0,False,10000.0,10000.0,0.0,0.0,G,D,ALTA,4.0,0.0
CNPJ_001049,0.0,0.0965,7,APROVADO,RGR_R04_DECIL4_10_APROVADO,APROVADO_AUTOMATICO_BAIXO_RISCO,Aprovacao Automatica: Risco dentro do apetite da seguradora.,0.0,False,10000.0,10000.0,0.0,0.0,J,,ALTA,0.0,0.0
CNPJ_001050,0.0,0.1007,6,APROVADO,RGR_R04_DECIL4_10_APROVADO,APROVADO_AUTOMATICO_BAIXO_RISCO,Aprovacao Automatica: Risco dentro do apetite da seguradora.,0.0,False,10000.0,10000.0,0.0,0.0,C,G,BAIXISSIMA,0.0,0.0
CNPJ_001051,0.0,0.1124,4,APROVADO,RGR_R04_DECIL4_10_APROVADO,APROVADO_AUTOMATICO_BAIXO_RISCO,Aprovacao Automatica: Risco dentro do apetite da seguradora.,0.0,False,10000.0,10000.0,0.0,0.0,C,G,ALTISSIMA,7.0,0.0
CNPJ_001052,0.0,0.124,2,ACEITO_COM_CONDICAO,RGR_R03_DECIL2_3_CONDICIONAL,ACEITE_CONDICIONAL_DECIL_INTERMEDIARIO,Aceite Condicional Decil Intermediario (+7.5% premio).,7.5,False,10000.0,10750.0,750.0,0.0,G,G,ALTA,0.0,1.0
CNPJ_001053,0.0,0.1102,4,APROVADO,RGR_R04_DECIL4_10_APROVADO,APROVADO_AUTOMATICO_BAIXO_RISCO,Aprovacao Automatica: Risco dentro do apetite da seguradora.,0.0,False,10000.0,10000.0,0.0,0.0,G,E,ALTA,0.0,0.0
CNPJ_001054,0.0,0.1171,3,ACEITO_COM_CONDICAO,RGR_R03_DECIL2_3_CONDICIONAL,ACEITE_CONDICIONAL_DECIL_INTERMEDIARIO,Aceite Condicional Decil Intermediario (+7.5% premio).,7.5,False,10000.0,10750.0,750.0,0.0,G,,BAIXISSIMA,0.0,0.0
CNPJ_001055,0.0,0.0889,8,APROVADO,RGR_R04_DECIL4_10_APROVADO,APROVADO_AUTOMATICO_BAIXO_RISCO,Aprovacao Automatica: Risco dentro do apetite da seguradora.,0.0,False,10000.0,10000.0,0.0,0.0,C,J,ALTA,34.0,0.0
CNPJ_001056,0.0,0.072,10,APROVADO,RGR_R04_DECIL4_10_APROVADO,APROVADO_AUTOMATICO_BAIXO_RISCO,Aprovacao Automatica: Risco dentro do apetite da seguradora.,0.0,False,10000.0,10000.0,0.0,0.0,H,I,BAIXISSIMA,22.0,0.0
CNPJ_001057,0.0,0.0928,7,APROVADO,RGR_R04_DECIL4_10_APROVADO,APROVADO_AUTOMATICO_BAIXO_RISCO,Aprovacao Automatica: Risco dentro do apetite da seguradora.,0.0,False,10000.0,10000.0,0.0,0.0,G,,,0.0,
CNPJ_001058,0.0,0.1242,2,ACEITO_COM_CONDICAO,RGR_R03_DECIL2_3_CONDICIONAL,ACEITE_CONDICIONAL_DECIL_INTERMEDIARIO,Aceite Condicional Decil Intermediario (+7.5% premio).,7.5,False,10000.0,10750.0,750.0,0.0,G,C,BAIXISSIMA,0.0,0.0
CNPJ_001059,0.0,0.1013,6,APROVADO,RGR_R04_DECIL4_10_APROVADO,APROVADO_AUTOMATICO_BAIXO_RISCO,Aprovacao Automatica: Risco dentro do apetite da seguradora.,0.0,False,10000.0,10000.0,0.0,0.0,M,F,ALTA,0.0,0.0
CNPJ_001060,0.0,0.0886,8,APROVADO,RGR_R04_DECIL4_10_APROVADO,APROVADO_AUTOMATICO_BAIXO_RISCO,Aprovacao Automatica: Risco dentro do apetite da seguradora.,0.0,False,10000.0,10000.0,0.0,0.0,C,H,BAIXISSIMA,1.0,0.0
CNPJ_001061,0.0,0.0825,9,APROVADO,RGR_R04_DECIL4_10_APROVADO,APROVADO_AUTOMATICO_BAIXO_RISCO,Aprovacao Automatica: Risco dentro do apetite da seguradora.,0.0,False,10000.0,10000.0,0.0,0.0,K,E,BAIXISSIMA,1.0,0.0
CNPJ_001062,0.0,0.0731,10,APROVADO,RGR_R04_DECIL4_10_APROVADO,APROVADO_AUTOMATICO_BAIXO_RISCO,Aprovacao Automatica: Risco dentro do apetite da seguradora.,0.0,False,10000.0,10000.0,0.0,0.0,H,,BAIXISSIMA,7.0,0.0
CNPJ_001063,0.0,0.1149,3,ACEITO_COM_CONDICAO,RGR_R03_DECIL2_3_CONDICIONAL,ACEITE_CONDICIONAL_DECIL_INTERMEDIARIO,Aceite Condicional Decil Intermediario (+7.5% premio).,7.5,False,10000.0,10750.0,750.0,0.0,G,D,ALTA,0.0,0.0
CNPJ_001064,0.0,0.1119,4,APROVADO,RGR_R04_DECIL4_10_APROVADO,APROVADO_AUTOMATICO_BAIXO_RISCO,Aprovacao Automatica: Risco dentro do apetite da seguradora.,0.0,False,10000.0,10000.0,0.0,0.0,N,E,MEDIA,6.0,0.0
CNPJ_001065,0.0,0.1934,1,RECUSADO,RGR_R02_DECIL1_RECUSA_PADRAO,DECIL1_ALTO_RISCO_SEM_MITIGACAO,Recusa por Decil 1 de Risco sem criterios para resgate comercial.,0.0,False,10000.0,0.0,0.0,0.0,H,J,BAIXISSIMA,20.0,0.0
CNPJ_001066,0.0,0.0809,9,APROVADO,RGR_R04_DECIL4_10_APROVADO,APROVADO_AUTOMATICO_BAIXO_RISCO,Aprovacao Automatica: Risco dentro do apetite da seguradora.,0.0,False,10000.0,10000.0,0.0,0.0,H,I,ALTA,1.0,0.0
CNPJ_001067,0.0,0.0889,8,APROVADO,RGR_R04_DECIL4_10_APROVADO,APROVADO_AUTOMATICO_BAIXO_RISCO,Aprovacao Automatica: Risco dentro do apetite da seguradora.,0.0,False,10000.0,10000.0,0.0,0.0,N,,ALTISSIMA,2.0,0.0
CNPJ_001068,0.0,0.0758,10,APROVADO,RGR_R04_DECIL4_10_APROVADO,APROVADO_AUTOMATICO_BAIXO_RISCO,Aprovacao Automatica: Risco dentro do apetite da seguradora.,0.0,False,10000.0,10000.0,0.0,0.0,O,EMPRESA_ISENTA,ALTA,6.0,
CNPJ_001069,0.0,0.1063,5,APROVADO,RGR_R04_DECIL4_10_APROVADO,APROVADO_AUTOMATICO_BAIXO_RISCO,Aprovacao Automatica: Risco dentro do apetite da seguradora.,0.0,False,10000.0,10000.0,0.0,0.0,G,I,ALTA,3.0,0.0
CNPJ_001070,0.0,0.1056,5,APROVADO,RGR_R04_DECIL4_10_APROVADO,APROVADO_AUTOMATICO_BAIXO_RISCO,Aprovacao Automatica: Risco dentro do apetite da seguradora.,0.0,False,10000.0,10000.0,0.0,0.0,G,C,ALTA,0.0,0.0
CNPJ_001071,0.0,0.1247,2,ACEITO_COM_CONDICAO,RGR_R03_DECIL2_3_CONDICIONAL,ACEITE_CONDICIONAL_DECIL_INTERMEDIARIO,Aceite Condicional Decil Intermediario (+7.5% premio).,7.5,False,10000.0,10750.0,750.0,0.0,C,J,BAIXISSIMA,3.0,0.0
CNPJ_001072,0.0,0.1035,5,APROVADO,RGR_R04_DECIL4_10_APROVADO,APROVADO_AUTOMATICO_BAIXO_RISCO,Aprovacao Automatica: Risco dentro do apetite da seguradora.,0.0,False,10000.0,10000.0,0.0,0.0,C,G,ALTA,0.0,0.0
CNPJ_001073,0.0,0.0999,6,APROVADO,RGR_R04_DECIL4_10_APROVADO,APROVADO_AUTOMATICO_BAIXO_RISCO,Aprovacao Automatica: Risco dentro do apetite da seguradora.,0.0,False,10000.0,10000.0,0.0,0.0,C,,BAIXISSIMA,0.0,0.0
CNPJ_001074,0.0,0.2042,1,ACEITO_COM_CONDICAO,RGR_R01_DECIL1_RESGATE_COM_RASTREADOR,RECUPERACAO_COMERCIAL_D1,"Aceite Condicional Decil 1: Perfil de score alto risco, porem mitigado por baixo passivo judicial e geografia favoravel.",15.0,True,10000.0,11500.0,1500.0,0.0,H,F,BAIXISSIMA,0.0,0.0
CNPJ_001075,0.0,0.0864,8,APROVADO,RGR_R04_DECIL4_10_APROVADO,APROVADO_AUTOMATICO_BAIXO_RISCO,Aprovacao Automatica: Risco dentro do apetite da seguradora.,0.0,False,10000.0,10000.0,0.0,0.0,C,E,BAIXISSIMA,0.0,0.0
CNPJ_001076,0.0,0.0902,8,APROVADO,RGR_R04_DECIL4_10_APROVADO,APROVADO_AUTOMATICO_BAIXO_RISCO,Aprovacao Automatica: Risco dentro do apetite da seguradora.,0.0,False,10000.0,10000.0,0.0,0.0,H,E,BAIXISSIMA,0.0,0.0
CNPJ_001077,0.0,0.0984,6,APROVADO,RGR_R04_DECIL4_10_APROVADO,APROVADO_AUTOMATICO_BAIXO_RISCO,Aprovacao Automatica: Risco dentro do apetite da seguradora.,0.0,False,10000.0,10000.0,0.0,0.0,G,G,ALTISSIMA,52.0,0.0
CNPJ_001078,0.0,0.0681,10,APROVADO,RGR_R04_DECIL4_10_APROVADO,APROVADO_AUTOMATICO_BAIXO_RISCO,Aprovacao Automatica: Risco dentro do apetite da seguradora.,0.0,False,10000.0,10000.0,0.0,0.0,C,J,BAIXISSIMA,8.0,1.0
CNPJ_001079,0.0,0.1237,2,ACEITO_COM_CONDICAO,RGR_R03_DECIL2_3_CONDICIONAL,ACEITE_CONDICIONAL_DECIL_INTERMEDIARIO,Aceite Condicional Decil Intermediario (+7.5% premio).,7.5,False,10000.0,10750.0,750.0,0.0,C,D,ALTISSIMA,3.0,0.0
CNPJ_001080,0.0,0.1633,1,RECUSADO,RGR_K02_EXCESSO_PROCESSOS_JUDICIAIS,K02_JUDICIAL_EXTREMO,Recusa Sumaria: Elevado passivo judicial (> 100 processos como requerido).,0.0,False,10000.0,0.0,0.0,0.0,H,J,ALTISSIMA,116.0,0.0
CNPJ_001081,0.0,0.1229,2,RECUSADO,RGR_K02_EXCESSO_PROCESSOS_JUDICIAIS,K02_JUDICIAL_EXTREMO,Recusa Sumaria: Elevado passivo judicial (> 100 processos como requerido).,0.0,False,10000.0,0.0,0.0,0.0,C,J,ALTA,382.0,0.0
CNPJ_001082,0.0,0.0778,9,APROVADO,RGR_R04_DECIL4_10_APROVADO,APROVADO_AUTOMATICO_BAIXO_RISCO,Aprovacao Automatica: Risco dentro do apetite da seguradora.,0.0,False,10000.0,10000.0,0.0,0.0,I,I,ALTA,8.0,0.0
CNPJ_001083,0.0,0.1105,4,APROVADO,RGR_R04_DECIL4_10_APROVADO,APROVADO_AUTOMATICO_BAIXO_RISCO,Aprovacao Automatica: Risco dentro do apetite da seguradora.,0.0,False,10000.0,10000.0,0.0,0.0,G,B,ALTISSIMA,0.0,0.0
CNPJ_001084,0.0,0.0802,9,APROVADO,RGR_R04_DECIL4_10_APROVADO,APROVADO_AUTOMATICO_BAIXO_RISCO,Aprovacao Automatica: Risco dentro do apetite da seguradora.,0.0,False,10000.0,10000.0,0.0,0.0,K,C,ALTA,0.0,0.0
CNPJ_001085,0.0,0.1039,5,APROVADO,RGR_R04_DECIL4_10_APROVADO,APROVADO_AUTOMATICO_BAIXO_RISCO,Aprovacao Automatica: Risco dentro do apetite da seguradora.,0.0,False,10000.0,10000.0,0.0,0.0,H,F,ALTA,1.0,0.0
CNPJ_001086,0.0,0.0713,10,RECUSADO,RGR_K01_RISCO_LIDERANCA_AREA_CRITICA,K01_LIDERANCA_AREA_CRITICA,Recusa Sumaria: Risco de lideranca detectado em area de concentracao altissima de sinistro.,0.0,False,10000.0,0.0,0.0,0.0,G,F,ALTISSIMA,9.0,1.0
CNPJ_001087,0.0,0.0687,10,APROVADO,RGR_R04_DECIL4_10_APROVADO,APROVADO_AUTOMATICO_BAIXO_RISCO,Aprovacao Automatica: Risco dentro do apetite da seguradora.,0.0,False,10000.0,10000.0,0.0,0.0,H,I,BAIXISSIMA,15.0,1.0
CNPJ_001088,0.0,0.0894,8,RECUSADO,RGR_K02_EXCESSO_PROCESSOS_JUDICIAIS,K02_JUDICIAL_EXTREMO,Recusa Sumaria: Elevado passivo judicial (> 100 processos como requerido).,0.0,False,10000.0,0.0,0.0,0.0,G,H,MEDIA,105.0,1.0
CNPJ_001089,0.0,0.1081,4,APROVADO,RGR_R04_DECIL4_10_APROVADO,APROVADO_AUTOMATICO_BAIXO_RISCO,Aprovacao Automatica: Risco dentro do apetite da seguradora.,0.0,False,10000.0,10000.0,0.0,0.0,N,C,ALTISSIMA,0.0,0.0
CNPJ_001090,0.0,0.1269,2,ACEITO_COM_CONDICAO,RGR_R03_DECIL2_3_CONDICIONAL,ACEITE_CONDICIONAL_DECIL_INTERMEDIARIO,Aceite Condicional Decil Intermediario (+7.5% premio).,7.5,False,10000.0,10750.0,750.0,0.0,G,J,ALTA,3.0,0.0
CNPJ_001091,0.0,0.1181,3,ACEITO_COM_CONDICAO,RGR_R03_DECIL2_3_CONDICIONAL,ACEITE_CONDICIONAL_DECIL_INTERMEDIARIO,Aceite Condicional Decil Intermediario (+7.5% premio).,7.5,False,10000.0,10750.0,750.0,0.0,G,,BAIXISSIMA,0.0,1.0
CNPJ_001092,0.0,0.2154,1,RECUSADO,RGR_R02_DECIL1_RECUSA_PADRAO,DECIL1_ALTO_RISCO_SEM_MITIGACAO,Recusa por Decil 1 de Risco sem criterios para resgate comercial.,0.0,False,10000.0,0.0,0.0,0.0,H,I,BAIXISSIMA,15.0,0.0
CNPJ_001093,0.0,0.0836,9,APROVADO,RGR_R04_DECIL4_10_APROVADO,APROVADO_AUTOMATICO_BAIXO_RISCO,Aprovacao Automatica: Risco dentro do apetite da seguradora.,0.0,False,10000.0,10000.0,0.0,0.0,H,A,BAIXISSIMA,0.0,0.0
CNPJ_001094,0.0,0.1112,4,APROVADO,RGR_R04_DECIL4_10_APROVADO,APROVADO_AUTOMATICO_BAIXO_RISCO,Aprovacao Automatica: Risco dentro do apetite da seguradora.,0.0,False,10000.0,10000.0,0.0,0.0,N,C,,0.0,0.0
CNPJ_001095,0.0,0.0759,10,RECUSADO,RGR_K02_EXCESSO_PROCESSOS_JUDICIAIS,K02_JUDICIAL_EXTREMO,Recusa Sumaria: Elevado passivo judicial (> 100 processos como requerido).,0.0,False,10000.0,0.0,0.0,0.0,C,J,ALTA,126.0,0.0
CNPJ_001096,0.0,0.0952,7,APROVADO,RGR_R04_DECIL4_10_APROVADO,APROVADO_AUTOMATICO_BAIXO_RISCO,Aprovacao Automatica: Risco dentro do apetite da seguradora.,0.0,False,10000.0,10000.0,0.0,0.0,G,G,ALTA,0.0,0.0
CNPJ_001097,0.0,0.1046,5,APROVADO,RGR_R04_DECIL4_10_APROVADO,APROVADO_AUTOMATICO_BAIXO_RISCO,Aprovacao Automatica: Risco dentro do apetite da seguradora.,0.0,False,10000.0,10000.0,0.0,0.0,G,D,ALTA,3.0,0.0
CNPJ_001098,0.0,0.1043,5,APROVADO,RGR_R04_DECIL4_10_APROVADO,APROVADO_AUTOMATICO_BAIXO_RISCO,Aprovacao Automatica: Risco dentro do apetite da seguradora.,0.0,False,10000.0,10000.0,0.0,0.0,J,,ALTA,0.0,0.0
CNPJ_001099,0.0,0.1206,2,ACEITO_COM_CONDICAO,RGR_R03_DECIL2_3_CONDICIONAL,ACEITE_CONDICIONAL_DECIL_INTERMEDIARIO,Aceite Condicional Decil Intermediario (+7.5% premio).,7.5,False,10000.0,10750.0,750.0,0.0,F,E,BAIXISSIMA,2.0,0.0
CNPJ_001100,0.0,0.0637,10,APROVADO,RGR_R04_DECIL4_10_APROVADO,APROVADO_AUTOMATICO_BAIXO_RISCO,Aprovacao Automatica: Risco dentro do apetite da seguradora.,0.0,False,10000.0,10000.0,0.0,0.0,C,J,ALTA,5.0,
CNPJ_001101,0.0,0.0938,7,APROVADO,RGR_R04_DECIL4_10_APROVADO,APROVADO_AUTOMATICO_BAIXO_RISCO,Aprovacao Automatica: Risco dentro do apetite da seguradora.,0.0,False,10000.0,10000.0,0.0,0.0,G,G,ALTISSIMA,0.0,0.0
CNPJ_001102,0.0,0.0865,8,APROVADO,RGR_R04_DECIL4_10_APROVADO,APROVADO_AUTOMATICO_BAIXO_RISCO,Aprovacao Automatica: Risco dentro do apetite da seguradora.,0.0,False,10000.0,10000.0,0.0,0.0,C,C,BAIXISSIMA,1.0,0.0
CNPJ_001103,0.0,0.0965,7,APROVADO,RGR_R04_DECIL4_10_APROVADO,APROVADO_AUTOMATICO_BAIXO_RISCO,Aprovacao Automatica: Risco dentro do apetite da seguradora.,0.0,False,10000.0,10000.0,0.0,0.0,G,G,ALTISSIMA,18.0,0.0
CNPJ_001104,0.0,0.0711,10,APROVADO,RGR_R04_DECIL4_10_APROVADO,APROVADO_AUTOMATICO_BAIXO_RISCO,Aprovacao Automatica: Risco dentro do apetite da seguradora.,0.0,False,10000.0,10000.0,0.0,0.0,H,C,ALTA,0.0,1.0
CNPJ_001105,0.0,0.0978,6,APROVADO,RGR_R04_DECIL4_10_APROVADO,APROVADO_AUTOMATICO_BAIXO_RISCO,Aprovacao Automatica: Risco dentro do apetite da seguradora.,0.0,False,10000.0,10000.0,0.0,0.0,G,,ALTISSIMA,0.0,0.0
CNPJ_001106,0.0,0.0968,7,APROVADO,RGR_R04_DECIL4_10_APROVADO,APROVADO_AUTOMATICO_BAIXO_RISCO,Aprovacao Automatica: Risco dentro do apetite da seguradora.,0.0,False,10000.0,10000.0,0.0,0.0,N,,BAIXISSIMA,0.0,1.0
CNPJ_001107,0.0,0.0755,10,APROVADO,RGR_R04_DECIL4_10_APROVADO,APROVADO_AUTOMATICO_BAIXO_RISCO,Aprovacao Automatica: Risco dentro do apetite da seguradora.,0.0,False,10000.0,10000.0,0.0,0.0,F,D,ALTISSIMA,0.0,0.0
CNPJ_001108,0.0,0.1046,5,APROVADO,RGR_R04_DECIL4_10_APROVADO,APROVADO_AUTOMATICO_BAIXO_RISCO,Aprovacao Automatica: Risco dentro do apetite da seguradora.,0.0,False,10000.0,10000.0,0.0,0.0,N,C,BAIXISSIMA,0.0,0.0
CNPJ_001109,0.0,0.1135,3,ACEITO_COM_CONDICAO,RGR_R03_DECIL2_3_CONDICIONAL,ACEITE_CONDICIONAL_DECIL_INTERMEDIARIO,Aceite Condicional Decil Intermediario (+7.5% premio).,7.5,False,10000.0,10750.0,750.0,0.0,F,,ALTISSIMA,0.0,0.0
CNPJ_001110,0.0,0.1122,4,APROVADO,RGR_R04_DECIL4_10_APROVADO,APROVADO_AUTOMATICO_BAIXO_RISCO,Aprovacao Automatica: Risco dentro do apetite da seguradora.,0.0,False,10000.0,10000.0,0.0,0.0,G,E,ALTA,0.0,0.0
CNPJ_001111,0.0,0.1258,2,RECUSADO,RGR_K01_RISCO_LIDERANCA_AREA_CRITICA,K01_LIDERANCA_AREA_CRITICA,Recusa Sumaria: Risco de lideranca detectado em area de concentracao altissima de sinistro.,0.0,False,10000.0,0.0,0.0,0.0,G,I,ALTISSIMA,15.0,1.0
CNPJ_001112,0.0,0.1138,3,ACEITO_COM_CONDICAO,RGR_R03_DECIL2_3_CONDICIONAL,ACEITE_CONDICIONAL_DECIL_INTERMEDIARIO,Aceite Condicional Decil Intermediario (+7.5% premio).,7.5,False,10000.0,10750.0,750.0,0.0,F,,ALTA,0.0,0.0
CNPJ_001113,0.0,0.0865,8,APROVADO,RGR_R04_DECIL4_10_APROVADO,APROVADO_AUTOMATICO_BAIXO_RISCO,Aprovacao Automatica: Risco dentro do apetite da seguradora.,0.0,False,10000.0,10000.0,0.0,0.0,G,F,ALTA,9.0,0.0
CNPJ_001114,0.0,0.1153,3,ACEITO_COM_CONDICAO,RGR_R03_DECIL2_3_CONDICIONAL,ACEITE_CONDICIONAL_DECIL_INTERMEDIARIO,Aceite Condicional Decil Intermediario (+7.5% premio).,7.5,False,10000.0,10750.0,750.0,0.0,C,J,ALTISSIMA,98.0,
CNPJ_001115,0.0,0.0958,7,APROVADO,RGR_R04_DECIL4_10_APROVADO,APROVADO_AUTOMATICO_BAIXO_RISCO,Aprovacao Automatica: Risco dentro do apetite da seguradora.,0.0,False,10000.0,10000.0,0.0,0.0,C,B,BAIXISSIMA,0.0,0.0
CNPJ_001116,0.0,0.1254,2,ACEITO_COM_CONDICAO,RGR_R03_DECIL2_3_CONDICIONAL,ACEITE_CONDICIONAL_DECIL_INTERMEDIARIO,Aceite Condicional Decil Intermediario (+7.5% premio).,7.5,False,10000.0,10750.0,750.0,0.0,C,F,ALTA,1.0,0.0
CNPJ_001117,0.0,0.0965,7,APROVADO,RGR_R04_DECIL4_10_APROVADO,APROVADO_AUTOMATICO_BAIXO_RISCO,Aprovacao Automatica: Risco dentro do apetite da seguradora.,0.0,False,10000.0,10000.0,0.0,0.0,N,C,ALTISSIMA,1.0,0.0
CNPJ_001118,0.0,0.1131,4,APROVADO,RGR_R04_DECIL4_10_APROVADO,APROVADO_AUTOMATICO_BAIXO_RISCO,Aprovacao Automatica: Risco dentro do apetite da seguradora.,0.0,False,10000.0,10000.0,0.0,0.0,M,F,ALTISSIMA,0.0,0.0
CNPJ_001119,0.0,0.1092,4,APROVADO,RGR_R04_DECIL4_10_APROVADO,APROVADO_AUTOMATICO_BAIXO_RISCO,Aprovacao Automatica: Risco dentro do apetite da seguradora.,0.0,False,10000.0,10000.0,0.0,0.0,G,B,ALTISSIMA,0.0,0.0
CNPJ_001120,0.0,0.0546,10,APROVADO,RGR_R04_DECIL4_10_APROVADO,APROVADO_AUTOMATICO_BAIXO_RISCO,Aprovacao Automatica: Risco dentro do apetite da seguradora.,0.0,False,10000.0,10000.0,0.0,0.0,H,H,MEDIA,22.0,1.0
CNPJ_001121,0.0,0.1114,4,APROVADO,RGR_R04_DECIL4_10_APROVADO,APROVADO_AUTOMATICO_BAIXO_RISCO,Aprovacao Automatica: Risco dentro do apetite da seguradora.,0.0,False,10000.0,10000.0,0.0,0.0,C,,ALTA,0.0,0.0
CNPJ_001122,0.0,0.1043,5,APROVADO,RGR_R04_DECIL4_10_APROVADO,APROVADO_AUTOMATICO_BAIXO_RISCO,Aprovacao Automatica: Risco dentro do apetite da seguradora.,0.0,False,10000.0,10000.0,0.0,0.0,C,A,ALTA,0.0,0.0
CNPJ_001123,0.0,0.0989,6,APROVADO,RGR_R04_DECIL4_10_APROVADO,APROVADO_AUTOMATICO_BAIXO_RISCO,Aprovacao Automatica: Risco dentro do apetite da seguradora.,0.0,False,10000.0,10000.0,0.0,0.0,H,G,ALTA,10.0,0.0
CNPJ_001124,0.0,0.3099,1,ACEITO_COM_CONDICAO,RGR_R01_DECIL1_RESGATE_COM_RASTREADOR,RECUPERACAO_COMERCIAL_D1,"Aceite Condicional Decil 1: Perfil de score alto risco, porem mitigado por baixo passivo judicial e geografia favoravel.",15.0,True,10000.0,11500.0,1500.0,0.0,H,A,BAIXISSIMA,0.0,
CNPJ_001125,0.0,0.1172,3,ACEITO_COM_CONDICAO,RGR_R03_DECIL2_3_CONDICIONAL,ACEITE_CONDICIONAL_DECIL_INTERMEDIARIO,Aceite Condicional Decil Intermediario (+7.5% premio).,7.5,False,10000.0,10750.0,750.0,0.0,C,E,BAIXISSIMA,0.0,0.0
CNPJ_001126,0.0,0.1202,3,RECUSADO,RGR_K01_RISCO_LIDERANCA_AREA_CRITICA,K01_LIDERANCA_AREA_CRITICA,Recusa Sumaria: Risco de lideranca detectado em area de concentracao altissima de sinistro.,0.0,False,10000.0,0.0,0.0,0.0,G,D,ALTISSIMA,2.0,1.0
CNPJ_001127,0.0,0.1095,4,APROVADO,RGR_R04_DECIL4_10_APROVADO,APROVADO_AUTOMATICO_BAIXO_RISCO,Aprovacao Automatica: Risco dentro do apetite da seguradora.,0.0,False,10000.0,10000.0,0.0,0.0,N,,ALTISSIMA,0.0,
CNPJ_001128,0.0,0.0835,9,APROVADO,RGR_R04_DECIL4_10_APROVADO,APROVADO_AUTOMATICO_BAIXO_RISCO,Aprovacao Automatica: Risco dentro do apetite da seguradora.,0.0,False,10000.0,10000.0,0.0,0.0,H,,BAIXISSIMA,0.0,1.0
CNPJ_001129,0.0,0.0995,6,APROVADO,RGR_R04_DECIL4_10_APROVADO,APROVADO_AUTOMATICO_BAIXO_RISCO,Aprovacao Automatica: Risco dentro do apetite da seguradora.,0.0,False,10000.0,10000.0,0.0,0.0,G,C,ALTA,0.0,0.0
CNPJ_001130,0.0,0.1168,3,ACEITO_COM_CONDICAO,RGR_R03_DECIL2_3_CONDICIONAL,ACEITE_CONDICIONAL_DECIL_INTERMEDIARIO,Aceite Condicional Decil Intermediario (+7.5% premio).,7.5,False,10000.0,10750.0,750.0,0.0,N,F,BAIXISSIMA,0.0,0.0
CNPJ_001131,0.0,0.0895,8,APROVADO,RGR_R04_DECIL4_10_APROVADO,APROVADO_AUTOMATICO_BAIXO_RISCO,Aprovacao Automatica: Risco dentro do apetite da seguradora.,0.0,False,10000.0,10000.0,0.0,0.0,H,,BAIXISSIMA,0.0,0.0
CNPJ_001132,0.0,0.0826,9,RECUSADO,RGR_K02_EXCESSO_PROCESSOS_JUDICIAIS,K02_JUDICIAL_EXTREMO,Recusa Sumaria: Elevado passivo judicial (> 100 processos como requerido).,0.0,False,10000.0,0.0,0.0,0.0,O,EMPRESA_ISENTA,ALTA,2437.0,
CNPJ_001133,0.0,0.0827,9,APROVADO,RGR_R04_DECIL4_10_APROVADO,APROVADO_AUTOMATICO_BAIXO_RISCO,Aprovacao Automatica: Risco dentro do apetite da seguradora.,0.0,False,10000.0,10000.0,0.0,0.0,H,H,ALTA,2.0,0.0
CNPJ_001134,0.0,0.0941,7,APROVADO,RGR_R04_DECIL4_10_APROVADO,APROVADO_AUTOMATICO_BAIXO_RISCO,Aprovacao Automatica: Risco dentro do apetite da seguradora.,0.0,False,10000.0,10000.0,0.0,0.0,G,G,ALTA,2.0,0.0
CNPJ_001135,0.0,0.0914,8,APROVADO,RGR_R04_DECIL4_10_APROVADO,APROVADO_AUTOMATICO_BAIXO_RISCO,Aprovacao Automatica: Risco dentro do apetite da seguradora.,0.0,False,10000.0,10000.0,0.0,0.0,N,C,MEDIA,0.0,0.0
CNPJ_001136,0.0,0.1301,2,ACEITO_COM_CONDICAO,RGR_R03_DECIL2_3_CONDICIONAL,ACEITE_CONDICIONAL_DECIL_INTERMEDIARIO,Aceite Condicional Decil Intermediario (+7.5% premio).,7.5,False,10000.0,10750.0,750.0,0.0,C,G,BAIXISSIMA,0.0,0.0
CNPJ_001137,0.0,0.107,5,APROVADO,RGR_R04_DECIL4_10_APROVADO,APROVADO_AUTOMATICO_BAIXO_RISCO,Aprovacao Automatica: Risco dentro do apetite da seguradora.,0.0,False,10000.0,10000.0,0.0,0.0,G,,MEDIA,0.0,0.0
CNPJ_001138,0.0,0.0961,7,APROVADO,RGR_R04_DECIL4_10_APROVADO,APROVADO_AUTOMATICO_BAIXO_RISCO,Aprovacao Automatica: Risco dentro do apetite da seguradora.,0.0,False,10000.0,10000.0,0.0,0.0,G,B,ALTA,0.0,0.0
CNPJ_001139,0.0,0.097,7,APROVADO,RGR_R04_DECIL4_10_APROVADO,APROVADO_AUTOMATICO_BAIXO_RISCO,Aprovacao Automatica: Risco dentro do apetite da seguradora.,0.0,False,10000.0,10000.0,0.0,0.0,G,G,ALTA,5.0,0.0
CNPJ_001140,0.0,0.0709,10,APROVADO,RGR_R04_DECIL4_10_APROVADO,APROVADO_AUTOMATICO_BAIXO_RISCO,Aprovacao Automatica: Risco dentro do apetite da seguradora.,0.0,False,10000.0,10000.0,0.0,0.0,,,,,
CNPJ_001141,0.0,0.094,7,APROVADO,RGR_R04_DECIL4_10_APROVADO,APROVADO_AUTOMATICO_BAIXO_RISCO,Aprovacao Automatica: Risco dentro do apetite da seguradora.,0.0,False,10000.0,10000.0,0.0,0.0,M,F,ALTA,4.0,0.0
CNPJ_001142,0.0,0.0965,7,APROVADO,RGR_R04_DECIL4_10_APROVADO,APROVADO_AUTOMATICO_BAIXO_RISCO,Aprovacao Automatica: Risco dentro do apetite da seguradora.,0.0,False,10000.0,10000.0,0.0,0.0,C,G,ALTA,0.0,0.0
CNPJ_001143,0.0,0.0958,7,APROVADO,RGR_R04_DECIL4_10_APROVADO,APROVADO_AUTOMATICO_BAIXO_RISCO,Aprovacao Automatica: Risco dentro do apetite da seguradora.,0.0,False,10000.0,10000.0,0.0,0.0,G,C,ALTISSIMA,0.0,0.0
CNPJ_001144,0.0,0.1164,3,ACEITO_COM_CONDICAO,RGR_R03_DECIL2_3_CONDICIONAL,ACEITE_CONDICIONAL_DECIL_INTERMEDIARIO,Aceite Condicional Decil Intermediario (+7.5% premio).,7.5,False,10000.0,10750.0,750.0,0.0,G,C,ALTA,0.0,0.0
CNPJ_001145,0.0,0.0772,9,APROVADO,RGR_R04_DECIL4_10_APROVADO,APROVADO_AUTOMATICO_BAIXO_RISCO,Aprovacao Automatica: Risco dentro do apetite da seguradora.,0.0,False,10000.0,10000.0,0.0,0.0,F,,MEDIA,1.0,0.0
CNPJ_001146,0.0,0.112,4,APROVADO,RGR_R04_DECIL4_10_APROVADO,APROVADO_AUTOMATICO_BAIXO_RISCO,Aprovacao Automatica: Risco dentro do apetite da seguradora.,0.0,False,10000.0,10000.0,0.0,0.0,H,F,ALTA,1.0,0.0
CNPJ_001147,0.0,0.1088,4,APROVADO,RGR_R04_DECIL4_10_APROVADO,APROVADO_AUTOMATICO_BAIXO_RISCO,Aprovacao Automatica: Risco dentro do apetite da seguradora.,0.0,False,10000.0,10000.0,0.0,0.0,N,C,ALTISSIMA,0.0,0.0
CNPJ_001148,0.0,0.0716,10,APROVADO,RGR_R04_DECIL4_10_APROVADO,APROVADO_AUTOMATICO_BAIXO_RISCO,Aprovacao Automatica: Risco dentro do apetite da seguradora.,0.0,False,10000.0,10000.0,0.0,0.0,C,I,MEDIA,72.0,0.0
CNPJ_001149,0.0,0.1226,2,ACEITO_COM_CONDICAO,RGR_R03_DECIL2_3_CONDICIONAL,ACEITE_CONDICIONAL_DECIL_INTERMEDIARIO,Aceite Condicional Decil Intermediario (+7.5% premio).,7.5,False,10000.0,10750.0,750.0,0.0,C,C,BAIXISSIMA,0.0,0.0
CNPJ_001150,0.0,0.0762,10,APROVADO,RGR_R04_DECIL4_10_APROVADO,APROVADO_AUTOMATICO_BAIXO_RISCO,Aprovacao Automatica: Risco dentro do apetite da seguradora.,0.0,False,10000.0,10000.0,0.0,0.0,G,J,BAIXISSIMA,1.0,1.0
CNPJ_001151,0.0,0.108,4,APROVADO,RGR_R04_DECIL4_10_APROVADO,APROVADO_AUTOMATICO_BAIXO_RISCO,Aprovacao Automatica: Risco dentro do apetite da seguradora.,0.0,False,10000.0,10000.0,0.0,0.0,F,F,ALTISSIMA,2.0,0.0
CNPJ_001152,0.0,0.1171,3,ACEITO_COM_CONDICAO,RGR_R03_DECIL2_3_CONDICIONAL,ACEITE_CONDICIONAL_DECIL_INTERMEDIARIO,Aceite Condicional Decil Intermediario (+7.5% premio).,7.5,False,10000.0,10750.0,750.0,0.0,C,D,BAIXISSIMA,1.0,0.0
CNPJ_001153,0.0,0.0913,8,APROVADO,RGR_R04_DECIL4_10_APROVADO,APROVADO_AUTOMATICO_BAIXO_RISCO,Aprovacao Automatica: Risco dentro do apetite da seguradora.,0.0,False,10000.0,10000.0,0.0,0.0,N,C,ALTISSIMA,6.0,0.0
CNPJ_001154,0.0,0.1038,5,APROVADO,RGR_R04_DECIL4_10_APROVADO,APROVADO_AUTOMATICO_BAIXO_RISCO,Aprovacao Automatica: Risco dentro do apetite da seguradora.,0.0,False,10000.0,10000.0,0.0,0.0,G,B,BAIXISSIMA,0.0,0.0
CNPJ_001155,0.0,0.0992,6,APROVADO,RGR_R04_DECIL4_10_APROVADO,APROVADO_AUTOMATICO_BAIXO_RISCO,Aprovacao Automatica: Risco dentro do apetite da seguradora.,0.0,False,10000.0,10000.0,0.0,0.0,M,H,ALTISSIMA,3.0,0.0
CNPJ_001156,0.0,0.1199,3,ACEITO_COM_CONDICAO,RGR_R03_DECIL2_3_CONDICIONAL,ACEITE_CONDICIONAL_DECIL_INTERMEDIARIO,Aceite Condicional Decil Intermediario (+7.5% premio).,7.5,False,10000.0,10750.0,750.0,0.0,M,B,,0.0,0.0
CNPJ_001157,0.0,0.1279,2,ACEITO_COM_CONDICAO,RGR_R03_DECIL2_3_CONDICIONAL,ACEITE_CONDICIONAL_DECIL_INTERMEDIARIO,Aceite Condicional Decil Intermediario (+7.5% premio).,7.5,False,10000.0,10750.0,750.0,0.0,H,,BAIXISSIMA,0.0,0.0
CNPJ_001158,0.0,0.1052,5,APROVADO,RGR_R04_DECIL4_10_APROVADO,APROVADO_AUTOMATICO_BAIXO_RISCO,Aprovacao Automatica: Risco dentro do apetite da seguradora.,0.0,False,10000.0,10000.0,0.0,0.0,G,,ALTISSIMA,0.0,
CNPJ_001159,0.0,0.1291,2,ACEITO_COM_CONDICAO,RGR_R03_DECIL2_3_CONDICIONAL,ACEITE_CONDICIONAL_DECIL_INTERMEDIARIO,Aceite Condicional Decil Intermediario (+7.5% premio).,7.5,False,10000.0,10750.0,750.0,0.0,K,I,BAIXISSIMA,29.0,0.0
CNPJ_001160,0.0,0.1058,5,APROVADO,RGR_R04_DECIL4_10_APROVADO,APROVADO_AUTOMATICO_BAIXO_RISCO,Aprovacao Automatica: Risco dentro do apetite da seguradora.,0.0,False,10000.0,10000.0,0.0,0.0,G,A,ALTA,0.0,0.0
CNPJ_001161,0.0,0.1027,5,APROVADO,RGR_R04_DECIL4_10_APROVADO,APROVADO_AUTOMATICO_BAIXO_RISCO,Aprovacao Automatica: Risco dentro do apetite da seguradora.,0.0,False,10000.0,10000.0,0.0,0.0,G,B,BAIXISSIMA,0.0,0.0
CNPJ_001162,0.0,0.0837,9,APROVADO,RGR_R04_DECIL4_10_APROVADO,APROVADO_AUTOMATICO_BAIXO_RISCO,Aprovacao Automatica: Risco dentro do apetite da seguradora.,0.0,False,10000.0,10000.0,0.0,0.0,N,J,ALTISSIMA,99.0,0.0
CNPJ_001163,0.0,0.0902,8,APROVADO,RGR_R04_DECIL4_10_APROVADO,APROVADO_AUTOMATICO_BAIXO_RISCO,Aprovacao Automatica: Risco dentro do apetite da seguradora.,0.0,False,10000.0,10000.0,0.0,0.0,H,,ALTA,1.0,0.0
CNPJ_001164,0.0,0.0696,10,APROVADO,RGR_R04_DECIL4_10_APROVADO,APROVADO_AUTOMATICO_BAIXO_RISCO,Aprovacao Automatica: Risco dentro do apetite da seguradora.,0.0,False,10000.0,10000.0,0.0,0.0,H,H,,9.0,0.0
CNPJ_001165,0.0,0.0925,7,APROVADO,RGR_R04_DECIL4_10_APROVADO,APROVADO_AUTOMATICO_BAIXO_RISCO,Aprovacao Automatica: Risco dentro do apetite da seguradora.,0.0,False,10000.0,10000.0,0.0,0.0,G,H,ALTA,1.0,0.0
CNPJ_001166,0.0,0.1176,3,ACEITO_COM_CONDICAO,RGR_R03_DECIL2_3_CONDICIONAL,ACEITE_CONDICIONAL_DECIL_INTERMEDIARIO,Aceite Condicional Decil Intermediario (+7.5% premio).,7.5,False,10000.0,10750.0,750.0,0.0,J,I,ALTISSIMA,8.0,0.0
CNPJ_001167,0.0,0.1013,6,APROVADO,RGR_R04_DECIL4_10_APROVADO,APROVADO_AUTOMATICO_BAIXO_RISCO,Aprovacao Automatica: Risco dentro do apetite da seguradora.,0.0,False,10000.0,10000.0,0.0,0.0,N,C,ALTA,0.0,0.0
CNPJ_001168,0.0,0.0804,9,APROVADO,RGR_R04_DECIL4_10_APROVADO,APROVADO_AUTOMATICO_BAIXO_RISCO,Aprovacao Automatica: Risco dentro do apetite da seguradora.,0.0,False,10000.0,10000.0,0.0,0.0,H,G,ALTISSIMA,4.0,0.0
CNPJ_001169,0.0,0.1206,2,ACEITO_COM_CONDICAO,RGR_R03_DECIL2_3_CONDICIONAL,ACEITE_CONDICIONAL_DECIL_INTERMEDIARIO,Aceite Condicional Decil Intermediario (+7.5% premio).,7.5,False,10000.0,10750.0,750.0,0.0,C,E,ALTA,2.0,1.0
CNPJ_001170,0.0,0.0783,9,APROVADO,RGR_R04_DECIL4_10_APROVADO,APROVADO_AUTOMATICO_BAIXO_RISCO,Aprovacao Automatica: Risco dentro do apetite da seguradora.,0.0,False,10000.0,10000.0,0.0,0.0,C,J,ALTA,3.0,1.0
CNPJ_001171,0.0,0.1008,6,APROVADO,RGR_R04_DECIL4_10_APROVADO,APROVADO_AUTOMATICO_BAIXO_RISCO,Aprovacao Automatica: Risco dentro do apetite da seguradora.,0.0,False,10000.0,10000.0,0.0,0.0,C,C,ALTA,0.0,0.0
CNPJ_001172,0.0,0.0972,7,APROVADO,RGR_R04_DECIL4_10_APROVADO,APROVADO_AUTOMATICO_BAIXO_RISCO,Aprovacao Automatica: Risco dentro do apetite da seguradora.,0.0,False,10000.0,10000.0,0.0,0.0,G,D,ALTA,0.0,0.0
CNPJ_001173,0.0,0.1478,1,RECUSADO,RGR_R02_DECIL1_RECUSA_PADRAO,DECIL1_ALTO_RISCO_SEM_MITIGACAO,Recusa por Decil 1 de Risco sem criterios para resgate comercial.,0.0,False,10000.0,0.0,0.0,0.0,H,G,ALTA,0.0,1.0
CNPJ_001174,0.0,0.0995,6,APROVADO,RGR_R04_DECIL4_10_APROVADO,APROVADO_AUTOMATICO_BAIXO_RISCO,Aprovacao Automatica: Risco dentro do apetite da seguradora.,0.0,False,10000.0,10000.0,0.0,0.0,G,I,ALTISSIMA,2.0,0.0
CNPJ_001175,0.0,0.0995,6,APROVADO,RGR_R04_DECIL4_10_APROVADO,APROVADO_AUTOMATICO_BAIXO_RISCO,Aprovacao Automatica: Risco dentro do apetite da seguradora.,0.0,False,10000.0,10000.0,0.0,0.0,C,,ALTISSIMA,0.0,0.0
CNPJ_001176,0.0,0.0864,8,APROVADO,RGR_R04_DECIL4_10_APROVADO,APROVADO_AUTOMATICO_BAIXO_RISCO,Aprovacao Automatica: Risco dentro do apetite da seguradora.,0.0,False,10000.0,10000.0,0.0,0.0,G,F,ALTISSIMA,0.0,0.0
CNPJ_001177,0.0,0.0888,8,APROVADO,RGR_R04_DECIL4_10_APROVADO,APROVADO_AUTOMATICO_BAIXO_RISCO,Aprovacao Automatica: Risco dentro do apetite da seguradora.,0.0,False,10000.0,10000.0,0.0,0.0,G,A,,0.0,0.0
CNPJ_001178,0.0,0.1126,4,APROVADO,RGR_R04_DECIL4_10_APROVADO,APROVADO_AUTOMATICO_BAIXO_RISCO,Aprovacao Automatica: Risco dentro do apetite da seguradora.,0.0,False,10000.0,10000.0,0.0,0.0,N,,ALTA,0.0,0.0
CNPJ_001179,0.0,0.1178,3,ACEITO_COM_CONDICAO,RGR_R03_DECIL2_3_CONDICIONAL,ACEITE_CONDICIONAL_DECIL_INTERMEDIARIO,Aceite Condicional Decil Intermediario (+7.5% premio).,7.5,False,10000.0,10750.0,750.0,0.0,G,A,BAIXISSIMA,0.0,0.0
CNPJ_001180,0.0,0.1042,5,APROVADO,RGR_R04_DECIL4_10_APROVADO,APROVADO_AUTOMATICO_BAIXO_RISCO,Aprovacao Automatica: Risco dentro do apetite da seguradora.,0.0,False,10000.0,10000.0,0.0,0.0,G,F,ALTA,0.0,0.0
CNPJ_001181,0.0,0.1059,5,APROVADO,RGR_R04_DECIL4_10_APROVADO,APROVADO_AUTOMATICO_BAIXO_RISCO,Aprovacao Automatica: Risco dentro do apetite da seguradora.,0.0,False,10000.0,10000.0,0.0,0.0,Q,D,ALTA,0.0,0.0
CNPJ_001182,0.0,0.0841,9,APROVADO,RGR_R04_DECIL4_10_APROVADO,APROVADO_AUTOMATICO_BAIXO_RISCO,Aprovacao Automatica: Risco dentro do apetite da seguradora.,0.0,False,10000.0,10000.0,0.0,0.0,N,,ALTA,0.0,0.0
CNPJ_001183,0.0,0.1005,6,APROVADO,RGR_R04_DECIL4_10_APROVADO,APROVADO_AUTOMATICO_BAIXO_RISCO,Aprovacao Automatica: Risco dentro do apetite da seguradora.,0.0,False,10000.0,10000.0,0.0,0.0,H,F,ALTA,0.0,0.0
CNPJ_001184,0.0,0.079,9,RECUSADO,RGR_K02_EXCESSO_PROCESSOS_JUDICIAIS,K02_JUDICIAL_EXTREMO,Recusa Sumaria: Elevado passivo judicial (> 100 processos como requerido).,0.0,False,10000.0,0.0,0.0,0.0,M,J,ALTISSIMA,335.0,
CNPJ_001185,0.0,0.1134,3,ACEITO_COM_CONDICAO,RGR_R03_DECIL2_3_CONDICIONAL,ACEITE_CONDICIONAL_DECIL_INTERMEDIARIO,Aceite Condicional Decil Intermediario (+7.5% premio).,7.5,False,10000.0,10750.0,750.0,0.0,F,D,ALTISSIMA,1.0,0.0
CNPJ_001186,0.0,0.0825,9,APROVADO,RGR_R04_DECIL4_10_APROVADO,APROVADO_AUTOMATICO_BAIXO_RISCO,Aprovacao Automatica: Risco dentro do apetite da seguradora.,0.0,False,10000.0,10000.0,0.0,0.0,G,F,ALTA,13.0,0.0
CNPJ_001187,0.0,0.2149,1,RECUSADO,RGR_R02_DECIL1_RECUSA_PADRAO,DECIL1_ALTO_RISCO_SEM_MITIGACAO,Recusa por Decil 1 de Risco sem criterios para resgate comercial.,0.0,False,10000.0,0.0,0.0,0.0,H,B,ALTA,0.0,0.0
CNPJ_001188,0.0,0.0809,9,RECUSADO,RGR_K02_EXCESSO_PROCESSOS_JUDICIAIS,K02_JUDICIAL_EXTREMO,Recusa Sumaria: Elevado passivo judicial (> 100 processos como requerido).,0.0,False,10000.0,0.0,0.0,0.0,C,J,MEDIA,196.0,1.0
CNPJ_001189,0.0,0.0635,10,RECUSADO,RGR_K01_RISCO_LIDERANCA_AREA_CRITICA,K01_LIDERANCA_AREA_CRITICA,Recusa Sumaria: Risco de lideranca detectado em area de concentracao altissima de sinistro.,0.0,False,10000.0,0.0,0.0,0.0,H,,ALTISSIMA,37.0,1.0
CNPJ_001190,0.0,0.1141,3,ACEITO_COM_CONDICAO,RGR_R03_DECIL2_3_CONDICIONAL,ACEITE_CONDICIONAL_DECIL_INTERMEDIARIO,Aceite Condicional Decil Intermediario (+7.5% premio).,7.5,False,10000.0,10750.0,750.0,0.0,G,C,ALTA,0.0,0.0
CNPJ_001191,0.0,0.0539,10,APROVADO,RGR_R04_DECIL4_10_APROVADO,APROVADO_AUTOMATICO_BAIXO_RISCO,Aprovacao Automatica: Risco dentro do apetite da seguradora.,0.0,False,10000.0,10000.0,0.0,0.0,F,J,ALTISSIMA,64.0,0.0
CNPJ_001192,0.0,0.1215,2,ACEITO_COM_CONDICAO,RGR_R03_DECIL2_3_CONDICIONAL,ACEITE_CONDICIONAL_DECIL_INTERMEDIARIO,Aceite Condicional Decil Intermediario (+7.5% premio).,7.5,False,10000.0,10750.0,750.0,0.0,N,D,ALTISSIMA,0.0,0.0
CNPJ_001193,0.0,0.1569,1,ACEITO_COM_CONDICAO,RGR_R01_DECIL1_RESGATE_COM_RASTREADOR,RECUPERACAO_COMERCIAL_D1,"Aceite Condicional Decil 1: Perfil de score alto risco, porem mitigado por baixo passivo judicial e geografia favoravel.",15.0,True,10000.0,11500.0,1500.0,0.0,F,E,BAIXISSIMA,0.0,0.0
CNPJ_001194,0.0,0.0773,9,APROVADO,RGR_R04_DECIL4_10_APROVADO,APROVADO_AUTOMATICO_BAIXO_RISCO,Aprovacao Automatica: Risco dentro do apetite da seguradora.,0.0,False,10000.0,10000.0,0.0,0.0,H,F,BAIXISSIMA,1.0,0.0
CNPJ_001195,0.0,0.1151,3,RECUSADO,RGR_K02_EXCESSO_PROCESSOS_JUDICIAIS,K02_JUDICIAL_EXTREMO,Recusa Sumaria: Elevado passivo judicial (> 100 processos como requerido).,0.0,False,10000.0,0.0,0.0,0.0,H,J,ALTA,111.0,0.0
CNPJ_001196,0.0,0.0961,7,APROVADO,RGR_R04_DECIL4_10_APROVADO,APROVADO_AUTOMATICO_BAIXO_RISCO,Aprovacao Automatica: Risco dentro do apetite da seguradora.,0.0,False,10000.0,10000.0,0.0,0.0,H,G,BAIXISSIMA,0.0,0.0
CNPJ_001197,0.0,0.1086,4,APROVADO,RGR_R04_DECIL4_10_APROVADO,APROVADO_AUTOMATICO_BAIXO_RISCO,Aprovacao Automatica: Risco dentro do apetite da seguradora.,0.0,False,10000.0,10000.0,0.0,0.0,N,,ALTISSIMA,0.0,0.0
CNPJ_001198,0.0,0.0923,7,APROVADO,RGR_R04_DECIL4_10_APROVADO,APROVADO_AUTOMATICO_BAIXO_RISCO,Aprovacao Automatica: Risco dentro do apetite da seguradora.,0.0,False,10000.0,10000.0,0.0,0.0,H,E,MEDIA,1.0,0.0
CNPJ_001199,0.0,0.1796,1,ACEITO_COM_CONDICAO,RGR_R01_DECIL1_RESGATE_COM_RASTREADOR,RECUPERACAO_COMERCIAL_D1,"Aceite Condicional Decil 1: Perfil de score alto risco, porem mitigado por baixo passivo judicial e geografia favoravel.",15.0,True,10000.0,11500.0,1500.0,0.0,H,F,BAIXISSIMA,2.0,0.0
CNPJ_001200,0.0,0.0999,6,APROVADO,RGR_R04_DECIL4_10_APROVADO,APROVADO_AUTOMATICO_BAIXO_RISCO,Aprovacao Automatica: Risco dentro do apetite da seguradora.,0.0,False,10000.0,10000.0,0.0,0.0,M,E,ALTA,0.0,0.0
CNPJ_001201,0.0,0.0826,9,APROVADO,RGR_R04_DECIL4_10_APROVADO,APROVADO_AUTOMATICO_BAIXO_RISCO,Aprovacao Automatica: Risco dentro do apetite da seguradora.,0.0,False,10000.0,10000.0,0.0,0.0,N,B,ALTA,0.0,0.0
CNPJ_001202,0.0,0.1137,3,ACEITO_COM_CONDICAO,RGR_R03_DECIL2_3_CONDICIONAL,ACEITE_CONDICIONAL_DECIL_INTERMEDIARIO,Aceite Condicional Decil Intermediario (+7.5% premio).,7.5,False,10000.0,10750.0,750.0,0.0,G,,BAIXISSIMA,0.0,0.0
CNPJ_001203,0.0,0.098,6,APROVADO,RGR_R04_DECIL4_10_APROVADO,APROVADO_AUTOMATICO_BAIXO_RISCO,Aprovacao Automatica: Risco dentro do apetite da seguradora.,0.0,False,10000.0,10000.0,0.0,0.0,F,A,ALTA,0.0,0.0
CNPJ_001204,0.0,0.0897,8,APROVADO,RGR_R04_DECIL4_10_APROVADO,APROVADO_AUTOMATICO_BAIXO_RISCO,Aprovacao Automatica: Risco dentro do apetite da seguradora.,0.0,False,10000.0,10000.0,0.0,0.0,N,G,ALTISSIMA,10.0,0.0
CNPJ_001205,0.0,0.1143,3,ACEITO_COM_CONDICAO,RGR_R03_DECIL2_3_CONDICIONAL,ACEITE_CONDICIONAL_DECIL_INTERMEDIARIO,Aceite Condicional Decil Intermediario (+7.5% premio).,7.5,False,10000.0,10750.0,750.0,0.0,G,G,BAIXISSIMA,0.0,0.0
CNPJ_001206,0.0,0.1182,3,ACEITO_COM_CONDICAO,RGR_R03_DECIL2_3_CONDICIONAL,ACEITE_CONDICIONAL_DECIL_INTERMEDIARIO,Aceite Condicional Decil Intermediario (+7.5% premio).,7.5,False,10000.0,10750.0,750.0,0.0,K,D,ALTA,0.0,0.0
CNPJ_001207,0.0,0.0834,9,APROVADO,RGR_R04_DECIL4_10_APROVADO,APROVADO_AUTOMATICO_BAIXO_RISCO,Aprovacao Automatica: Risco dentro do apetite da seguradora.,0.0,False,10000.0,10000.0,0.0,0.0,G,I,ALTA,2.0,0.0
CNPJ_001208,0.0,0.12,3,ACEITO_COM_CONDICAO,RGR_R03_DECIL2_3_CONDICIONAL,ACEITE_CONDICIONAL_DECIL_INTERMEDIARIO,Aceite Condicional Decil Intermediario (+7.5% premio).,7.5,False,10000.0,10750.0,750.0,0.0,G,D,ALTA,1.0,0.0
CNPJ_001209,0.0,0.1251,2,ACEITO_COM_CONDICAO,RGR_R03_DECIL2_3_CONDICIONAL,ACEITE_CONDICIONAL_DECIL_INTERMEDIARIO,Aceite Condicional Decil Intermediario (+7.5% premio).,7.5,False,10000.0,10750.0,750.0,0.0,A,,ALTISSIMA,55.0,0.0
CNPJ_001210,0.0,0.0909,8,APROVADO,RGR_R04_DECIL4_10_APROVADO,APROVADO_AUTOMATICO_BAIXO_RISCO,Aprovacao Automatica: Risco dentro do apetite da seguradora.,0.0,False,10000.0,10000.0,0.0,0.0,N,C,ALTA,2.0,0.0
CNPJ_001211,0.0,0.0709,10,APROVADO,RGR_R04_DECIL4_10_APROVADO,APROVADO_AUTOMATICO_BAIXO_RISCO,Aprovacao Automatica: Risco dentro do apetite da seguradora.,0.0,False,10000.0,10000.0,0.0,0.0,,,,,
CNPJ_001212,0.0,0.1117,4,APROVADO,RGR_R04_DECIL4_10_APROVADO,APROVADO_AUTOMATICO_BAIXO_RISCO,Aprovacao Automatica: Risco dentro do apetite da seguradora.,0.0,False,10000.0,10000.0,0.0,0.0,H,E,ALTISSIMA,5.0,0.0
CNPJ_001213,0.0,0.0957,7,RECUSADO,RGR_K01_RISCO_LIDERANCA_AREA_CRITICA,K01_LIDERANCA_AREA_CRITICA,Recusa Sumaria: Risco de lideranca detectado em area de concentracao altissima de sinistro.,0.0,False,10000.0,0.0,0.0,0.0,A,F,ALTISSIMA,0.0,1.0
CNPJ_001214,0.0,0.0865,8,APROVADO,RGR_R04_DECIL4_10_APROVADO,APROVADO_AUTOMATICO_BAIXO_RISCO,Aprovacao Automatica: Risco dentro do apetite da seguradora.,0.0,False,10000.0,10000.0,0.0,0.0,C,H,ALTA,6.0,
CNPJ_001215,0.0,0.1027,5,APROVADO,RGR_R04_DECIL4_10_APROVADO,APROVADO_AUTOMATICO_BAIXO_RISCO,Aprovacao Automatica: Risco dentro do apetite da seguradora.,0.0,False,10000.0,10000.0,0.0,0.0,C,J,BAIXISSIMA,8.0,0.0
CNPJ_001216,0.0,0.23,1,RECUSADO,RGR_R02_DECIL1_RECUSA_PADRAO,DECIL1_ALTO_RISCO_SEM_MITIGACAO,Recusa por Decil 1 de Risco sem criterios para resgate comercial.,0.0,False,10000.0,0.0,0.0,0.0,H,B,ALTISSIMA,0.0,0.0
CNPJ_001217,0.0,0.1033,5,RECUSADO,RGR_K02_EXCESSO_PROCESSOS_JUDICIAIS,K02_JUDICIAL_EXTREMO,Recusa Sumaria: Elevado passivo judicial (> 100 processos como requerido).,0.0,False,10000.0,0.0,0.0,0.0,G,J,ALTISSIMA,212.0,0.0
CNPJ_001218,0.0,0.0804,9,APROVADO,RGR_R04_DECIL4_10_APROVADO,APROVADO_AUTOMATICO_BAIXO_RISCO,Aprovacao Automatica: Risco dentro do apetite da seguradora.,0.0,False,10000.0,10000.0,0.0,0.0,L,,ALTISSIMA,0.0,0.0
CNPJ_001219,0.0,0.0785,9,APROVADO,RGR_R04_DECIL4_10_APROVADO,APROVADO_AUTOMATICO_BAIXO_RISCO,Aprovacao Automatica: Risco dentro do apetite da seguradora.,0.0,False,10000.0,10000.0,0.0,0.0,C,J,ALTA,35.0,0.0
CNPJ_001220,0.0,0.0557,10,RECUSADO,RGR_K02_EXCESSO_PROCESSOS_JUDICIAIS,K02_JUDICIAL_EXTREMO,Recusa Sumaria: Elevado passivo judicial (> 100 processos como requerido).,0.0,False,10000.0,0.0,0.0,0.0,H,J,ALTISSIMA,116.0,0.0
CNPJ_001221,0.0,0.1059,5,APROVADO,RGR_R04_DECIL4_10_APROVADO,APROVADO_AUTOMATICO_BAIXO_RISCO,Aprovacao Automatica: Risco dentro do apetite da seguradora.,0.0,False,10000.0,10000.0,0.0,0.0,N,F,ALTISSIMA,0.0,0.0
CNPJ_001222,0.0,0.0695,10,APROVADO,RGR_R04_DECIL4_10_APROVADO,APROVADO_AUTOMATICO_BAIXO_RISCO,Aprovacao Automatica: Risco dentro do apetite da seguradora.,0.0,False,10000.0,10000.0,0.0,0.0,G,J,BAIXISSIMA,11.0,0.0
CNPJ_001223,0.0,0.1417,1,ACEITO_COM_CONDICAO,RGR_R01_DECIL1_RESGATE_COM_RASTREADOR,RECUPERACAO_COMERCIAL_D1,"Aceite Condicional Decil 1: Perfil de score alto risco, porem mitigado por baixo passivo judicial e geografia favoravel.",15.0,True,10000.0,11500.0,1500.0,0.0,G,F,BAIXISSIMA,0.0,0.0
CNPJ_001224,0.0,0.1011,6,APROVADO,RGR_R04_DECIL4_10_APROVADO,APROVADO_AUTOMATICO_BAIXO_RISCO,Aprovacao Automatica: Risco dentro do apetite da seguradora.,0.0,False,10000.0,10000.0,0.0,0.0,G,I,ALTA,15.0,0.0
CNPJ_001225,0.0,0.3017,1,ACEITO_COM_CONDICAO,RGR_R01_DECIL1_RESGATE_COM_RASTREADOR,RECUPERACAO_COMERCIAL_D1,"Aceite Condicional Decil 1: Perfil de score alto risco, porem mitigado por baixo passivo judicial e geografia favoravel.",15.0,True,10000.0,11500.0,1500.0,0.0,H,F,BAIXISSIMA,0.0,0.0
CNPJ_001226,0.0,0.1167,3,ACEITO_COM_CONDICAO,RGR_R03_DECIL2_3_CONDICIONAL,ACEITE_CONDICIONAL_DECIL_INTERMEDIARIO,Aceite Condicional Decil Intermediario (+7.5% premio).,7.5,False,10000.0,10750.0,750.0,0.0,H,C,BAIXISSIMA,10.0,0.0
CNPJ_001227,0.0,0.0852,9,APROVADO,RGR_R04_DECIL4_10_APROVADO,APROVADO_AUTOMATICO_BAIXO_RISCO,Aprovacao Automatica: Risco dentro do apetite da seguradora.,0.0,False,10000.0,10000.0,0.0,0.0,G,F,BAIXISSIMA,1.0,0.0
CNPJ_001228,0.0,0.0812,9,APROVADO,RGR_R04_DECIL4_10_APROVADO,APROVADO_AUTOMATICO_BAIXO_RISCO,Aprovacao Automatica: Risco dentro do apetite da seguradora.,0.0,False,10000.0,10000.0,0.0,0.0,J,E,MEDIA,2.0,0.0
CNPJ_001229,0.0,0.1074,5,APROVADO,RGR_R04_DECIL4_10_APROVADO,APROVADO_AUTOMATICO_BAIXO_RISCO,Aprovacao Automatica: Risco dentro do apetite da seguradora.,0.0,False,10000.0,10000.0,0.0,0.0,C,J,ALTA,0.0,0.0
CNPJ_001230,0.0,0.0752,10,APROVADO,RGR_R04_DECIL4_10_APROVADO,APROVADO_AUTOMATICO_BAIXO_RISCO,Aprovacao Automatica: Risco dentro do apetite da seguradora.,0.0,False,10000.0,10000.0,0.0,0.0,C,F,ALTA,0.0,0.0
CNPJ_001231,0.0,0.0846,9,APROVADO,RGR_R04_DECIL4_10_APROVADO,APROVADO_AUTOMATICO_BAIXO_RISCO,Aprovacao Automatica: Risco dentro do apetite da seguradora.,0.0,False,10000.0,10000.0,0.0,0.0,A,D,MEDIA,5.0,1.0
CNPJ_001232,0.0,0.1234,2,ACEITO_COM_CONDICAO,RGR_R03_DECIL2_3_CONDICIONAL,ACEITE_CONDICIONAL_DECIL_INTERMEDIARIO,Aceite Condicional Decil Intermediario (+7.5% premio).,7.5,False,10000.0,10750.0,750.0,0.0,G,I,ALTISSIMA,23.0,0.0
CNPJ_001233,0.0,0.0814,9,APROVADO,RGR_R04_DECIL4_10_APROVADO,APROVADO_AUTOMATICO_BAIXO_RISCO,Aprovacao Automatica: Risco dentro do apetite da seguradora.,0.0,False,10000.0,10000.0,0.0,0.0,G,I,BAIXISSIMA,13.0,0.0
CNPJ_001234,0.0,0.0689,10,APROVADO,RGR_R04_DECIL4_10_APROVADO,APROVADO_AUTOMATICO_BAIXO_RISCO,Aprovacao Automatica: Risco dentro do apetite da seguradora.,0.0,False,10000.0,10000.0,0.0,0.0,F,J,ALTISSIMA,17.0,0.0
CNPJ_001235,0.0,0.1027,5,APROVADO,RGR_R04_DECIL4_10_APROVADO,APROVADO_AUTOMATICO_BAIXO_RISCO,Aprovacao Automatica: Risco dentro do apetite da seguradora.,0.0,False,10000.0,10000.0,0.0,0.0,H,G,BAIXISSIMA,0.0,0.0
CNPJ_001236,0.0,0.0899,8,APROVADO,RGR_R04_DECIL4_10_APROVADO,APROVADO_AUTOMATICO_BAIXO_RISCO,Aprovacao Automatica: Risco dentro do apetite da seguradora.,0.0,False,10000.0,10000.0,0.0,0.0,N,G,ALTISSIMA,10.0,0.0
CNPJ_001237,0.0,0.0961,7,APROVADO,RGR_R04_DECIL4_10_APROVADO,APROVADO_AUTOMATICO_BAIXO_RISCO,Aprovacao Automatica: Risco dentro do apetite da seguradora.,0.0,False,10000.0,10000.0,0.0,0.0,N,C,ALTA,0.0,
CNPJ_001238,0.0,0.1107,4,APROVADO,RGR_R04_DECIL4_10_APROVADO,APROVADO_AUTOMATICO_BAIXO_RISCO,Aprovacao Automatica: Risco dentro do apetite da seguradora.,0.0,False,10000.0,10000.0,0.0,0.0,G,I,BAIXISSIMA,11.0,0.0
CNPJ_001239,0.0,0.0937,7,APROVADO,RGR_R04_DECIL4_10_APROVADO,APROVADO_AUTOMATICO_BAIXO_RISCO,Aprovacao Automatica: Risco dentro do apetite da seguradora.,0.0,False,10000.0,10000.0,0.0,0.0,H,F,ALTA,3.0,0.0
CNPJ_001240,0.0,0.114,3,ACEITO_COM_CONDICAO,RGR_R03_DECIL2_3_CONDICIONAL,ACEITE_CONDICIONAL_DECIL_INTERMEDIARIO,Aceite Condicional Decil Intermediario (+7.5% premio).,7.5,False,10000.0,10750.0,750.0,0.0,C,G,MEDIA,0.0,0.0
CNPJ_001241,0.0,0.1122,4,APROVADO,RGR_R04_DECIL4_10_APROVADO,APROVADO_AUTOMATICO_BAIXO_RISCO,Aprovacao Automatica: Risco dentro do apetite da seguradora.,0.0,False,10000.0,10000.0,0.0,0.0,G,B,BAIXISSIMA,0.0,0.0
CNPJ_001242,0.0,0.0848,9,APROVADO,RGR_R04_DECIL4_10_APROVADO,APROVADO_AUTOMATICO_BAIXO_RISCO,Aprovacao Automatica: Risco dentro do apetite da seguradora.,0.0,False,10000.0,10000.0,0.0,0.0,G,C,ALTA,0.0,0.0
CNPJ_001243,0.0,0.0965,7,APROVADO,RGR_R04_DECIL4_10_APROVADO,APROVADO_AUTOMATICO_BAIXO_RISCO,Aprovacao Automatica: Risco dentro do apetite da seguradora.,0.0,False,10000.0,10000.0,0.0,0.0,G,G,ALTA,0.0,0.0
CNPJ_001244,0.0,0.1327,2,RECUSADO,RGR_K01_RISCO_LIDERANCA_AREA_CRITICA,K01_LIDERANCA_AREA_CRITICA,Recusa Sumaria: Risco de lideranca detectado em area de concentracao altissima de sinistro.,0.0,False,10000.0,0.0,0.0,0.0,H,A,ALTISSIMA,0.0,1.0
CNPJ_001245,0.0,0.1125,4,APROVADO,RGR_R04_DECIL4_10_APROVADO,APROVADO_AUTOMATICO_BAIXO_RISCO,Aprovacao Automatica: Risco dentro do apetite da seguradora.,0.0,False,10000.0,10000.0,0.0,0.0,G,A,BAIXISSIMA,0.0,0.0
CNPJ_001246,0.0,0.0718,10,APROVADO,RGR_R04_DECIL4_10_APROVADO,APROVADO_AUTOMATICO_BAIXO_RISCO,Aprovacao Automatica: Risco dentro do apetite da seguradora.,0.0,False,10000.0,10000.0,0.0,0.0,H,D,ALTISSIMA,0.0,0.0
CNPJ_001247,0.0,0.1179,3,ACEITO_COM_CONDICAO,RGR_R03_DECIL2_3_CONDICIONAL,ACEITE_CONDICIONAL_DECIL_INTERMEDIARIO,Aceite Condicional Decil Intermediario (+7.5% premio).,7.5,False,10000.0,10750.0,750.0,0.0,G,E,ALTA,0.0,0.0
CNPJ_001248,0.0,0.1107,4,APROVADO,RGR_R04_DECIL4_10_APROVADO,APROVADO_AUTOMATICO_BAIXO_RISCO,Aprovacao Automatica: Risco dentro do apetite da seguradora.,0.0,False,10000.0,10000.0,0.0,0.0,G,F,ALTA,4.0,0.0
CNPJ_001249,0.0,0.0726,10,RECUSADO,RGR_K02_EXCESSO_PROCESSOS_JUDICIAIS,K02_JUDICIAL_EXTREMO,Recusa Sumaria: Elevado passivo judicial (> 100 processos como requerido).,0.0,False,10000.0,0.0,0.0,0.0,G,J,BAIXISSIMA,254.0,0.0
CNPJ_001250,0.0,0.07,10,APROVADO,RGR_R04_DECIL4_10_APROVADO,APROVADO_AUTOMATICO_BAIXO_RISCO,Aprovacao Automatica: Risco dentro do apetite da seguradora.,0.0,False,10000.0,10000.0,0.0,0.0,H,H,BAIXISSIMA,31.0,0.0
CNPJ_001251,0.0,0.0738,10,APROVADO,RGR_R04_DECIL4_10_APROVADO,APROVADO_AUTOMATICO_BAIXO_RISCO,Aprovacao Automatica: Risco dentro do apetite da seguradora.,0.0,False,10000.0,10000.0,0.0,0.0,G,J,BAIXISSIMA,61.0,1.0
CNPJ_001252,0.0,0.1147,3,ACEITO_COM_CONDICAO,RGR_R03_DECIL2_3_CONDICIONAL,ACEITE_CONDICIONAL_DECIL_INTERMEDIARIO,Aceite Condicional Decil Intermediario (+7.5% premio).,7.5,False,10000.0,10750.0,750.0,0.0,A,J,BAIXISSIMA,13.0,0.0
CNPJ_001253,0.0,0.0882,8,RECUSADO,RGR_K01_RISCO_LIDERANCA_AREA_CRITICA,K01_LIDERANCA_AREA_CRITICA,Recusa Sumaria: Risco de lideranca detectado em area de concentracao altissima de sinistro.,0.0,False,10000.0,0.0,0.0,0.0,G,F,ALTISSIMA,3.0,1.0
CNPJ_001254,0.0,0.0767,9,APROVADO,RGR_R04_DECIL4_10_APROVADO,APROVADO_AUTOMATICO_BAIXO_RISCO,Aprovacao Automatica: Risco dentro do apetite da seguradora.,0.0,False,10000.0,10000.0,0.0,0.0,G,G,ALTA,1.0,1.0
CNPJ_001255,0.0,0.1034,5,APROVADO,RGR_R04_DECIL4_10_APROVADO,APROVADO_AUTOMATICO_BAIXO_RISCO,Aprovacao Automatica: Risco dentro do apetite da seguradora.,0.0,False,10000.0,10000.0,0.0,0.0,H,B,,0.0,0.0
CNPJ_001256,0.0,0.101,6,APROVADO,RGR_R04_DECIL4_10_APROVADO,APROVADO_AUTOMATICO_BAIXO_RISCO,Aprovacao Automatica: Risco dentro do apetite da seguradora.,0.0,False,10000.0,10000.0,0.0,0.0,E,G,ALTA,0.0,0.0
CNPJ_001257,0.0,0.1137,3,ACEITO_COM_CONDICAO,RGR_R03_DECIL2_3_CONDICIONAL,ACEITE_CONDICIONAL_DECIL_INTERMEDIARIO,Aceite Condicional Decil Intermediario (+7.5% premio).,7.5,False,10000.0,10750.0,750.0,0.0,H,,ALTA,2.0,0.0
CNPJ_001258,0.0,0.0979,6,APROVADO,RGR_R04_DECIL4_10_APROVADO,APROVADO_AUTOMATICO_BAIXO_RISCO,Aprovacao Automatica: Risco dentro do apetite da seguradora.,0.0,False,10000.0,10000.0,0.0,0.0,C,A,BAIXISSIMA,0.0,0.0
CNPJ_001259,0.0,0.1101,4,APROVADO,RGR_R04_DECIL4_10_APROVADO,APROVADO_AUTOMATICO_BAIXO_RISCO,Aprovacao Automatica: Risco dentro do apetite da seguradora.,0.0,False,10000.0,10000.0,0.0,0.0,Q,EMPRESA_ISENTA,BAIXISSIMA,0.0,0.0
CNPJ_001260,0.0,0.0614,10,APROVADO,RGR_R04_DECIL4_10_APROVADO,APROVADO_AUTOMATICO_BAIXO_RISCO,Aprovacao Automatica: Risco dentro do apetite da seguradora.,0.0,False,10000.0,10000.0,0.0,0.0,H,A,ALTISSIMA,0.0,0.0
CNPJ_001261,0.0,0.1095,4,APROVADO,RGR_R04_DECIL4_10_APROVADO,APROVADO_AUTOMATICO_BAIXO_RISCO,Aprovacao Automatica: Risco dentro do apetite da seguradora.,0.0,False,10000.0,10000.0,0.0,0.0,C,C,BAIXISSIMA,0.0,0.0
CNPJ_001262,0.0,0.1141,3,ACEITO_COM_CONDICAO,RGR_R03_DECIL2_3_CONDICIONAL,ACEITE_CONDICIONAL_DECIL_INTERMEDIARIO,Aceite Condicional Decil Intermediario (+7.5% premio).,7.5,False,10000.0,10750.0,750.0,0.0,B,C,BAIXISSIMA,0.0,0.0
CNPJ_001263,0.0,0.0709,10,APROVADO,RGR_R04_DECIL4_10_APROVADO,APROVADO_AUTOMATICO_BAIXO_RISCO,Aprovacao Automatica: Risco dentro do apetite da seguradora.,0.0,False,10000.0,10000.0,0.0,0.0,,,,,
CNPJ_001264,0.0,0.1139,3,ACEITO_COM_CONDICAO,RGR_R03_DECIL2_3_CONDICIONAL,ACEITE_CONDICIONAL_DECIL_INTERMEDIARIO,Aceite Condicional Decil Intermediario (+7.5% premio).,7.5,False,10000.0,10750.0,750.0,0.0,G,D,BAIXISSIMA,0.0,0.0
CNPJ_001265,0.0,0.1041,5,APROVADO,RGR_R04_DECIL4_10_APROVADO,APROVADO_AUTOMATICO_BAIXO_RISCO,Aprovacao Automatica: Risco dentro do apetite da seguradora.,0.0,False,10000.0,10000.0,0.0,0.0,C,J,ALTA,0.0,1.0
CNPJ_001266,0.0,0.1067,5,APROVADO,RGR_R04_DECIL4_10_APROVADO,APROVADO_AUTOMATICO_BAIXO_RISCO,Aprovacao Automatica: Risco dentro do apetite da seguradora.,0.0,False,10000.0,10000.0,0.0,0.0,N,D,ALTA,2.0,0.0
CNPJ_001267,0.0,0.11,4,APROVADO,RGR_R04_DECIL4_10_APROVADO,APROVADO_AUTOMATICO_BAIXO_RISCO,Aprovacao Automatica: Risco dentro do apetite da seguradora.,0.0,False,10000.0,10000.0,0.0,0.0,G,I,ALTA,5.0,0.0
CNPJ_001268,0.0,0.107,5,APROVADO,RGR_R04_DECIL4_10_APROVADO,APROVADO_AUTOMATICO_BAIXO_RISCO,Aprovacao Automatica: Risco dentro do apetite da seguradora.,0.0,False,10000.0,10000.0,0.0,0.0,G,B,BAIXISSIMA,0.0,0.0
CNPJ_001269,0.0,0.0941,7,APROVADO,RGR_R04_DECIL4_10_APROVADO,APROVADO_AUTOMATICO_BAIXO_RISCO,Aprovacao Automatica: Risco dentro do apetite da seguradora.,0.0,False,10000.0,10000.0,0.0,0.0,N,D,BAIXISSIMA,0.0,0.0
CNPJ_001270,0.0,0.1145,3,ACEITO_COM_CONDICAO,RGR_R03_DECIL2_3_CONDICIONAL,ACEITE_CONDICIONAL_DECIL_INTERMEDIARIO,Aceite Condicional Decil Intermediario (+7.5% premio).,7.5,False,10000.0,10750.0,750.0,0.0,G,H,ALTA,2.0,0.0
CNPJ_001271,0.0,0.1002,6,APROVADO,RGR_R04_DECIL4_10_APROVADO,APROVADO_AUTOMATICO_BAIXO_RISCO,Aprovacao Automatica: Risco dentro do apetite da seguradora.,0.0,False,10000.0,10000.0,0.0,0.0,G,E,ALTA,0.0,0.0
CNPJ_001272,0.0,0.071,10,RECUSADO,RGR_K02_EXCESSO_PROCESSOS_JUDICIAIS,K02_JUDICIAL_EXTREMO,Recusa Sumaria: Elevado passivo judicial (> 100 processos como requerido).,0.0,False,10000.0,0.0,0.0,0.0,G,J,ALTISSIMA,20104.0,0.0
CNPJ_001273,0.0,0.1071,5,APROVADO,RGR_R04_DECIL4_10_APROVADO,APROVADO_AUTOMATICO_BAIXO_RISCO,Aprovacao Automatica: Risco dentro do apetite da seguradora.,0.0,False,10000.0,10000.0,0.0,0.0,G,A,BAIXISSIMA,0.0,0.0
CNPJ_001274,0.0,0.0856,8,APROVADO,RGR_R04_DECIL4_10_APROVADO,APROVADO_AUTOMATICO_BAIXO_RISCO,Aprovacao Automatica: Risco dentro do apetite da seguradora.,0.0,False,10000.0,10000.0,0.0,0.0,C,G,ALTA,1.0,0.0
CNPJ_001275,0.0,0.1113,4,APROVADO,RGR_R04_DECIL4_10_APROVADO,APROVADO_AUTOMATICO_BAIXO_RISCO,Aprovacao Automatica: Risco dentro do apetite da seguradora.,0.0,False,10000.0,10000.0,0.0,0.0,H,A,BAIXISSIMA,0.0,0.0
CNPJ_001276,0.0,0.1154,3,ACEITO_COM_CONDICAO,RGR_R03_DECIL2_3_CONDICIONAL,ACEITE_CONDICIONAL_DECIL_INTERMEDIARIO,Aceite Condicional Decil Intermediario (+7.5% premio).,7.5,False,10000.0,10750.0,750.0,0.0,G,B,BAIXISSIMA,0.0,0.0
CNPJ_001277,0.0,0.1078,4,APROVADO,RGR_R04_DECIL4_10_APROVADO,APROVADO_AUTOMATICO_BAIXO_RISCO,Aprovacao Automatica: Risco dentro do apetite da seguradora.,0.0,False,10000.0,10000.0,0.0,0.0,G,D,MEDIA,0.0,0.0
CNPJ_001278,0.0,0.0631,10,APROVADO,RGR_R04_DECIL4_10_APROVADO,APROVADO_AUTOMATICO_BAIXO_RISCO,Aprovacao Automatica: Risco dentro do apetite da seguradora.,0.0,False,10000.0,10000.0,0.0,0.0,H,C,ALTA,0.0,0.0
CNPJ_001279,0.0,0.2246,1,ACEITO_COM_CONDICAO,RGR_R01_DECIL1_RESGATE_COM_RASTREADOR,RECUPERACAO_COMERCIAL_D1,"Aceite Condicional Decil 1: Perfil de score alto risco, porem mitigado por baixo passivo judicial e geografia favoravel.",15.0,True,10000.0,11500.0,1500.0,0.0,H,B,BAIXISSIMA,0.0,0.0
CNPJ_001280,0.0,0.0739,10,APROVADO,RGR_R04_DECIL4_10_APROVADO,APROVADO_AUTOMATICO_BAIXO_RISCO,Aprovacao Automatica: Risco dentro do apetite da seguradora.,0.0,False,10000.0,10000.0,0.0,0.0,H,H,BAIXISSIMA,31.0,0.0
CNPJ_001281,0.0,0.0864,8,APROVADO,RGR_R04_DECIL4_10_APROVADO,APROVADO_AUTOMATICO_BAIXO_RISCO,Aprovacao Automatica: Risco dentro do apetite da seguradora.,0.0,False,10000.0,10000.0,0.0,0.0,H,A,BAIXISSIMA,0.0,0.0
CNPJ_001282,0.0,0.0937,7,APROVADO,RGR_R04_DECIL4_10_APROVADO,APROVADO_AUTOMATICO_BAIXO_RISCO,Aprovacao Automatica: Risco dentro do apetite da seguradora.,0.0,False,10000.0,10000.0,0.0,0.0,G,F,ALTISSIMA,0.0,0.0
CNPJ_001283,0.0,0.0772,9,APROVADO,RGR_R04_DECIL4_10_APROVADO,APROVADO_AUTOMATICO_BAIXO_RISCO,Aprovacao Automatica: Risco dentro do apetite da seguradora.,0.0,False,10000.0,10000.0,0.0,0.0,G,J,ALTISSIMA,0.0,0.0
CNPJ_001284,0.0,0.1015,6,APROVADO,RGR_R04_DECIL4_10_APROVADO,APROVADO_AUTOMATICO_BAIXO_RISCO,Aprovacao Automatica: Risco dentro do apetite da seguradora.,0.0,False,10000.0,10000.0,0.0,0.0,G,D,ALTA,0.0,0.0
CNPJ_001285,0.0,0.1186,3,ACEITO_COM_CONDICAO,RGR_R03_DECIL2_3_CONDICIONAL,ACEITE_CONDICIONAL_DECIL_INTERMEDIARIO,Aceite Condicional Decil Intermediario (+7.5% premio).,7.5,False,10000.0,10750.0,750.0,0.0,C,G,ALTA,0.0,0.0
CNPJ_001286,0.0,0.1025,5,APROVADO,RGR_R04_DECIL4_10_APROVADO,APROVADO_AUTOMATICO_BAIXO_RISCO,Aprovacao Automatica: Risco dentro do apetite da seguradora.,0.0,False,10000.0,10000.0,0.0,0.0,G,,MEDIA,0.0,0.0
CNPJ_001287,0.0,0.119,3,ACEITO_COM_CONDICAO,RGR_R03_DECIL2_3_CONDICIONAL,ACEITE_CONDICIONAL_DECIL_INTERMEDIARIO,Aceite Condicional Decil Intermediario (+7.5% premio).,7.5,False,10000.0,10750.0,750.0,0.0,F,G,ALTA,33.0,0.0
CNPJ_001288,0.0,0.0868,8,APROVADO,RGR_R04_DECIL4_10_APROVADO,APROVADO_AUTOMATICO_BAIXO_RISCO,Aprovacao Automatica: Risco dentro do apetite da seguradora.,0.0,False,10000.0,10000.0,0.0,0.0,G,D,BAIXISSIMA,0.0,0.0
CNPJ_001289,0.0,0.0839,9,APROVADO,RGR_R04_DECIL4_10_APROVADO,APROVADO_AUTOMATICO_BAIXO_RISCO,Aprovacao Automatica: Risco dentro do apetite da seguradora.,0.0,False,10000.0,10000.0,0.0,0.0,H,E,BAIXISSIMA,4.0,1.0
CNPJ_001290,0.0,0.1262,2,ACEITO_COM_CONDICAO,RGR_R03_DECIL2_3_CONDICIONAL,ACEITE_CONDICIONAL_DECIL_INTERMEDIARIO,Aceite Condicional Decil Intermediario (+7.5% premio).,7.5,False,10000.0,10750.0,750.0,0.0,M,E,BAIXISSIMA,0.0,0.0
CNPJ_001291,0.0,0.1279,2,ACEITO_COM_CONDICAO,RGR_R03_DECIL2_3_CONDICIONAL,ACEITE_CONDICIONAL_DECIL_INTERMEDIARIO,Aceite Condicional Decil Intermediario (+7.5% premio).,7.5,False,10000.0,10750.0,750.0,0.0,G,A,MEDIA,0.0,0.0
CNPJ_001292,0.0,0.0892,8,APROVADO,RGR_R04_DECIL4_10_APROVADO,APROVADO_AUTOMATICO_BAIXO_RISCO,Aprovacao Automatica: Risco dentro do apetite da seguradora.,0.0,False,10000.0,10000.0,0.0,0.0,F,D,ALTA,0.0,0.0
CNPJ_001293,0.0,0.1044,5,APROVADO,RGR_R04_DECIL4_10_APROVADO,APROVADO_AUTOMATICO_BAIXO_RISCO,Aprovacao Automatica: Risco dentro do apetite da seguradora.,0.0,False,10000.0,10000.0,0.0,0.0,G,G,ALTA,1.0,0.0
CNPJ_001294,0.0,0.0994,6,APROVADO,RGR_R04_DECIL4_10_APROVADO,APROVADO_AUTOMATICO_BAIXO_RISCO,Aprovacao Automatica: Risco dentro do apetite da seguradora.,0.0,False,10000.0,10000.0,0.0,0.0,F,D,ALTA,0.0,0.0
CNPJ_001295,0.0,0.1008,6,APROVADO,RGR_R04_DECIL4_10_APROVADO,APROVADO_AUTOMATICO_BAIXO_RISCO,Aprovacao Automatica: Risco dentro do apetite da seguradora.,0.0,False,10000.0,10000.0,0.0,0.0,C,D,ALTA,1.0,0.0
CNPJ_001296,0.0,0.1065,5,APROVADO,RGR_R04_DECIL4_10_APROVADO,APROVADO_AUTOMATICO_BAIXO_RISCO,Aprovacao Automatica: Risco dentro do apetite da seguradora.,0.0,False,10000.0,10000.0,0.0,0.0,N,D,ALTA,1.0,0.0
CNPJ_001297,0.0,0.0892,8,APROVADO,RGR_R04_DECIL4_10_APROVADO,APROVADO_AUTOMATICO_BAIXO_RISCO,Aprovacao Automatica: Risco dentro do apetite da seguradora.,0.0,False,10000.0,10000.0,0.0,0.0,N,G,ALTA,16.0,0.0
CNPJ_001298,0.0,0.0791,9,APROVADO,RGR_R04_DECIL4_10_APROVADO,APROVADO_AUTOMATICO_BAIXO_RISCO,Aprovacao Automatica: Risco dentro do apetite da seguradora.,0.0,False,10000.0,10000.0,0.0,0.0,H,G,BAIXISSIMA,2.0,0.0
CNPJ_001299,0.0,0.1097,4,RECUSADO,RGR_K01_RISCO_LIDERANCA_AREA_CRITICA,K01_LIDERANCA_AREA_CRITICA,Recusa Sumaria: Risco de lideranca detectado em area de concentracao altissima de sinistro.,0.0,False,10000.0,0.0,0.0,0.0,N,,ALTISSIMA,0.0,1.0
CNPJ_001300,0.0,0.1156,3,RECUSADO,RGR_K01_RISCO_LIDERANCA_AREA_CRITICA,K01_LIDERANCA_AREA_CRITICA,Recusa Sumaria: Risco de lideranca detectado em area de concentracao altissima de sinistro.,0.0,False,10000.0,0.0,0.0,0.0,H,J,ALTISSIMA,12.0,1.0
CNPJ_001301,0.0,0.082,9,APROVADO,RGR_R04_DECIL4_10_APROVADO,APROVADO_AUTOMATICO_BAIXO_RISCO,Aprovacao Automatica: Risco dentro do apetite da seguradora.,0.0,False,10000.0,10000.0,0.0,0.0,H,C,,0.0,0.0
CNPJ_001302,0.0,0.0801,9,APROVADO,RGR_R04_DECIL4_10_APROVADO,APROVADO_AUTOMATICO_BAIXO_RISCO,Aprovacao Automatica: Risco dentro do apetite da seguradora.,0.0,False,10000.0,10000.0,0.0,0.0,C,D,ALTA,0.0,0.0
CNPJ_001303,0.0,0.0987,6,APROVADO,RGR_R04_DECIL4_10_APROVADO,APROVADO_AUTOMATICO_BAIXO_RISCO,Aprovacao Automatica: Risco dentro do apetite da seguradora.,0.0,False,10000.0,10000.0,0.0,0.0,R,C,ALTISSIMA,0.0,0.0
CNPJ_001304,0.0,0.1044,5,APROVADO,RGR_R04_DECIL4_10_APROVADO,APROVADO_AUTOMATICO_BAIXO_RISCO,Aprovacao Automatica: Risco dentro do apetite da seguradora.,0.0,False,10000.0,10000.0,0.0,0.0,G,C,ALTA,0.0,0.0
CNPJ_001305,0.0,0.0715,10,RECUSADO,RGR_K01_RISCO_LIDERANCA_AREA_CRITICA,K01_LIDERANCA_AREA_CRITICA,Recusa Sumaria: Risco de lideranca detectado em area de concentracao altissima de sinistro.,0.0,False,10000.0,0.0,0.0,0.0,C,J,ALTISSIMA,46.0,1.0
CNPJ_001306,0.0,0.0895,8,APROVADO,RGR_R04_DECIL4_10_APROVADO,APROVADO_AUTOMATICO_BAIXO_RISCO,Aprovacao Automatica: Risco dentro do apetite da seguradora.,0.0,False,10000.0,10000.0,0.0,0.0,G,E,ALTISSIMA,0.0,0.0
CNPJ_001307,0.0,0.1005,6,APROVADO,RGR_R04_DECIL4_10_APROVADO,APROVADO_AUTOMATICO_BAIXO_RISCO,Aprovacao Automatica: Risco dentro do apetite da seguradora.,0.0,False,10000.0,10000.0,0.0,0.0,A,C,BAIXISSIMA,5.0,0.0
CNPJ_001308,0.0,0.1057,5,APROVADO,RGR_R04_DECIL4_10_APROVADO,APROVADO_AUTOMATICO_BAIXO_RISCO,Aprovacao Automatica: Risco dentro do apetite da seguradora.,0.0,False,10000.0,10000.0,0.0,0.0,G,,MEDIA,0.0,0.0
CNPJ_001309,0.0,0.074,10,APROVADO,RGR_R04_DECIL4_10_APROVADO,APROVADO_AUTOMATICO_BAIXO_RISCO,Aprovacao Automatica: Risco dentro do apetite da seguradora.,0.0,False,10000.0,10000.0,0.0,0.0,M,C,BAIXISSIMA,0.0,0.0
CNPJ_001310,0.0,0.0624,10,APROVADO,RGR_R04_DECIL4_10_APROVADO,APROVADO_AUTOMATICO_BAIXO_RISCO,Aprovacao Automatica: Risco dentro do apetite da seguradora.,0.0,False,10000.0,10000.0,0.0,0.0,G,J,BAIXISSIMA,23.0,0.0
CNPJ_001311,0.0,0.1001,6,APROVADO,RGR_R04_DECIL4_10_APROVADO,APROVADO_AUTOMATICO_BAIXO_RISCO,Aprovacao Automatica: Risco dentro do apetite da seguradora.,0.0,False,10000.0,10000.0,0.0,0.0,C,E,BAIXISSIMA,0.0,0.0
CNPJ_001312,0.0,0.1037,5,APROVADO,RGR_R04_DECIL4_10_APROVADO,APROVADO_AUTOMATICO_BAIXO_RISCO,Aprovacao Automatica: Risco dentro do apetite da seguradora.,0.0,False,10000.0,10000.0,0.0,0.0,C,,ALTA,0.0,0.0
CNPJ_001313,0.0,0.1062,5,APROVADO,RGR_R04_DECIL4_10_APROVADO,APROVADO_AUTOMATICO_BAIXO_RISCO,Aprovacao Automatica: Risco dentro do apetite da seguradora.,0.0,False,10000.0,10000.0,0.0,0.0,G,A,BAIXISSIMA,0.0,0.0
CNPJ_001314,0.0,0.1099,4,APROVADO,RGR_R04_DECIL4_10_APROVADO,APROVADO_AUTOMATICO_BAIXO_RISCO,Aprovacao Automatica: Risco dentro do apetite da seguradora.,0.0,False,10000.0,10000.0,0.0,0.0,C,G,ALTISSIMA,5.0,0.0
CNPJ_001315,0.0,0.1221,2,ACEITO_COM_CONDICAO,RGR_R03_DECIL2_3_CONDICIONAL,ACEITE_CONDICIONAL_DECIL_INTERMEDIARIO,Aceite Condicional Decil Intermediario (+7.5% premio).,7.5,False,10000.0,10750.0,750.0,0.0,S,EMPRESA_ISENTA,MEDIA,0.0,0.0
CNPJ_001316,0.0,0.2762,1,RECUSADO,RGR_R02_DECIL1_RECUSA_PADRAO,DECIL1_ALTO_RISCO_SEM_MITIGACAO,Recusa por Decil 1 de Risco sem criterios para resgate comercial.,0.0,False,10000.0,0.0,0.0,0.0,H,C,ALTISSIMA,0.0,0.0
CNPJ_001317,0.0,0.1109,4,APROVADO,RGR_R04_DECIL4_10_APROVADO,APROVADO_AUTOMATICO_BAIXO_RISCO,Aprovacao Automatica: Risco dentro do apetite da seguradora.,0.0,False,10000.0,10000.0,0.0,0.0,G,D,MEDIA,0.0,0.0
CNPJ_001318,0.0,0.0981,6,APROVADO,RGR_R04_DECIL4_10_APROVADO,APROVADO_AUTOMATICO_BAIXO_RISCO,Aprovacao Automatica: Risco dentro do apetite da seguradora.,0.0,False,10000.0,10000.0,0.0,0.0,N,C,BAIXISSIMA,0.0,0.0
CNPJ_001319,0.0,0.1024,5,APROVADO,RGR_R04_DECIL4_10_APROVADO,APROVADO_AUTOMATICO_BAIXO_RISCO,Aprovacao Automatica: Risco dentro do apetite da seguradora.,0.0,False,10000.0,10000.0,0.0,0.0,C,,BAIXISSIMA,0.0,0.0
CNPJ_001320,0.0,0.0904,8,APROVADO,RGR_R04_DECIL4_10_APROVADO,APROVADO_AUTOMATICO_BAIXO_RISCO,Aprovacao Automatica: Risco dentro do apetite da seguradora.,0.0,False,10000.0,10000.0,0.0,0.0,G,A,ALTA,0.0,1.0
CNPJ_001321,0.0,0.1196,3,ACEITO_COM_CONDICAO,RGR_R03_DECIL2_3_CONDICIONAL,ACEITE_CONDICIONAL_DECIL_INTERMEDIARIO,Aceite Condicional Decil Intermediario (+7.5% premio).,7.5,False,10000.0,10750.0,750.0,0.0,G,F,ALTISSIMA,0.0,0.0
CNPJ_001322,0.0,0.0887,8,APROVADO,RGR_R04_DECIL4_10_APROVADO,APROVADO_AUTOMATICO_BAIXO_RISCO,Aprovacao Automatica: Risco dentro do apetite da seguradora.,0.0,False,10000.0,10000.0,0.0,0.0,L,G,BAIXISSIMA,3.0,0.0
CNPJ_001323,0.0,0.0717,10,APROVADO,RGR_R04_DECIL4_10_APROVADO,APROVADO_AUTOMATICO_BAIXO_RISCO,Aprovacao Automatica: Risco dentro do apetite da seguradora.,0.0,False,10000.0,10000.0,0.0,0.0,H,I,BAIXISSIMA,15.0,1.0
CNPJ_001324,0.0,0.0922,7,APROVADO,RGR_R04_DECIL4_10_APROVADO,APROVADO_AUTOMATICO_BAIXO_RISCO,Aprovacao Automatica: Risco dentro do apetite da seguradora.,0.0,False,10000.0,10000.0,0.0,0.0,A,,BAIXISSIMA,0.0,0.0
CNPJ_001325,0.0,0.0912,8,APROVADO,RGR_R04_DECIL4_10_APROVADO,APROVADO_AUTOMATICO_BAIXO_RISCO,Aprovacao Automatica: Risco dentro do apetite da seguradora.,0.0,False,10000.0,10000.0,0.0,0.0,G,B,ALTISSIMA,0.0,0.0
CNPJ_001326,0.0,0.1345,2,RECUSADO,RGR_K01_RISCO_LIDERANCA_AREA_CRITICA,K01_LIDERANCA_AREA_CRITICA,Recusa Sumaria: Risco de lideranca detectado em area de concentracao altissima de sinistro.,0.0,False,10000.0,0.0,0.0,0.0,C,J,ALTISSIMA,35.0,1.0
CNPJ_001327,0.0,0.1226,2,ACEITO_COM_CONDICAO,RGR_R03_DECIL2_3_CONDICIONAL,ACEITE_CONDICIONAL_DECIL_INTERMEDIARIO,Aceite Condicional Decil Intermediario (+7.5% premio).,7.5,False,10000.0,10750.0,750.0,0.0,J,,,0.0,
CNPJ_001328,0.0,0.0901,8,APROVADO,RGR_R04_DECIL4_10_APROVADO,APROVADO_AUTOMATICO_BAIXO_RISCO,Aprovacao Automatica: Risco dentro do apetite da seguradora.,0.0,False,10000.0,10000.0,0.0,0.0,G,F,ALTISSIMA,2.0,0.0
CNPJ_001329,0.0,0.0783,9,APROVADO,RGR_R04_DECIL4_10_APROVADO,APROVADO_AUTOMATICO_BAIXO_RISCO,Aprovacao Automatica: Risco dentro do apetite da seguradora.,0.0,False,10000.0,10000.0,0.0,0.0,G,J,ALTA,75.0,0.0
CNPJ_001330,0.0,0.0957,7,APROVADO,RGR_R04_DECIL4_10_APROVADO,APROVADO_AUTOMATICO_BAIXO_RISCO,Aprovacao Automatica: Risco dentro do apetite da seguradora.,0.0,False,10000.0,10000.0,0.0,0.0,S,EMPRESA_ISENTA,ALTISSIMA,20.0,
CNPJ_001331,0.0,0.1189,3,ACEITO_COM_CONDICAO,RGR_R03_DECIL2_3_CONDICIONAL,ACEITE_CONDICIONAL_DECIL_INTERMEDIARIO,Aceite Condicional Decil Intermediario (+7.5% premio).,7.5,False,10000.0,10750.0,750.0,0.0,G,H,BAIXISSIMA,0.0,0.0
CNPJ_001332,0.0,0.0723,10,APROVADO,RGR_R04_DECIL4_10_APROVADO,APROVADO_AUTOMATICO_BAIXO_RISCO,Aprovacao Automatica: Risco dentro do apetite da seguradora.,0.0,False,10000.0,10000.0,0.0,0.0,H,F,BAIXISSIMA,0.0,0.0
CNPJ_001333,0.0,0.0775,9,APROVADO,RGR_R04_DECIL4_10_APROVADO,APROVADO_AUTOMATICO_BAIXO_RISCO,Aprovacao Automatica: Risco dentro do apetite da seguradora.,0.0,False,10000.0,10000.0,0.0,0.0,H,F,MEDIA,0.0,0.0
CNPJ_001334,0.0,0.0819,9,APROVADO,RGR_R04_DECIL4_10_APROVADO,APROVADO_AUTOMATICO_BAIXO_RISCO,Aprovacao Automatica: Risco dentro do apetite da seguradora.,0.0,False,10000.0,10000.0,0.0,0.0,J,J,ALTA,90.0,1.0
CNPJ_001335,0.0,0.0717,10,APROVADO,RGR_R04_DECIL4_10_APROVADO,APROVADO_AUTOMATICO_BAIXO_RISCO,Aprovacao Automatica: Risco dentro do apetite da seguradora.,0.0,False,10000.0,10000.0,0.0,0.0,H,I,BAIXISSIMA,15.0,1.0
CNPJ_001336,0.0,0.0919,8,APROVADO,RGR_R04_DECIL4_10_APROVADO,APROVADO_AUTOMATICO_BAIXO_RISCO,Aprovacao Automatica: Risco dentro do apetite da seguradora.,0.0,False,10000.0,10000.0,0.0,0.0,S,EMPRESA_ISENTA,BAIXISSIMA,0.0,0.0
CNPJ_001337,0.0,0.0921,7,APROVADO,RGR_R04_DECIL4_10_APROVADO,APROVADO_AUTOMATICO_BAIXO_RISCO,Aprovacao Automatica: Risco dentro do apetite da seguradora.,0.0,False,10000.0,10000.0,0.0,0.0,H,D,MEDIA,0.0,0.0
CNPJ_001338,0.0,0.1207,2,ACEITO_COM_CONDICAO,RGR_R03_DECIL2_3_CONDICIONAL,ACEITE_CONDICIONAL_DECIL_INTERMEDIARIO,Aceite Condicional Decil Intermediario (+7.5% premio).,7.5,False,10000.0,10750.0,750.0,0.0,G,C,BAIXISSIMA,0.0,0.0
CNPJ_001339,0.0,0.1,6,RECUSADO,RGR_K02_EXCESSO_PROCESSOS_JUDICIAIS,K02_JUDICIAL_EXTREMO,Recusa Sumaria: Elevado passivo judicial (> 100 processos como requerido).,0.0,False,10000.0,0.0,0.0,0.0,C,J,BAIXISSIMA,155.0,0.0
CNPJ_001340,0.0,0.1127,4,APROVADO,RGR_R04_DECIL4_10_APROVADO,APROVADO_AUTOMATICO_BAIXO_RISCO,Aprovacao Automatica: Risco dentro do apetite da seguradora.,0.0,False,10000.0,10000.0,0.0,0.0,C,B,BAIXISSIMA,0.0,0.0
CNPJ_001341,0.0,0.1039,5,APROVADO,RGR_R04_DECIL4_10_APROVADO,APROVADO_AUTOMATICO_BAIXO_RISCO,Aprovacao Automatica: Risco dentro do apetite da seguradora.,0.0,False,10000.0,10000.0,0.0,0.0,G,A,ALTA,0.0,0.0
CNPJ_001342,0.0,0.0834,9,APROVADO,RGR_R04_DECIL4_10_APROVADO,APROVADO_AUTOMATICO_BAIXO_RISCO,Aprovacao Automatica: Risco dentro do apetite da seguradora.,0.0,False,10000.0,10000.0,0.0,0.0,C,F,ALTA,28.0,0.0
CNPJ_001343,0.0,0.1453,1,RECUSADO,RGR_R02_DECIL1_RECUSA_PADRAO,DECIL1_ALTO_RISCO_SEM_MITIGACAO,Recusa por Decil 1 de Risco sem criterios para resgate comercial.,0.0,False,10000.0,0.0,0.0,0.0,S,EMPRESA_ISENTA,ALTA,0.0,
CNPJ_001344,0.0,0.0809,9,APROVADO,RGR_R04_DECIL4_10_APROVADO,APROVADO_AUTOMATICO_BAIXO_RISCO,Aprovacao Automatica: Risco dentro do apetite da seguradora.,0.0,False,10000.0,10000.0,0.0,0.0,G,H,BAIXISSIMA,18.0,0.0
CNPJ_001345,0.0,0.1054,5,APROVADO,RGR_R04_DECIL4_10_APROVADO,APROVADO_AUTOMATICO_BAIXO_RISCO,Aprovacao Automatica: Risco dentro do apetite da seguradora.,0.0,False,10000.0,10000.0,0.0,0.0,D,H,BAIXISSIMA,2.0,0.0
CNPJ_001346,0.0,0.1002,6,APROVADO,RGR_R04_DECIL4_10_APROVADO,APROVADO_AUTOMATICO_BAIXO_RISCO,Aprovacao Automatica: Risco dentro do apetite da seguradora.,0.0,False,10000.0,10000.0,0.0,0.0,G,E,ALTA,1.0,0.0
CNPJ_001347,0.0,0.0885,8,APROVADO,RGR_R04_DECIL4_10_APROVADO,APROVADO_AUTOMATICO_BAIXO_RISCO,Aprovacao Automatica: Risco dentro do apetite da seguradora.,0.0,False,10000.0,10000.0,0.0,0.0,N,D,ALTA,1.0,0.0
CNPJ_001348,0.0,0.0867,8,APROVADO,RGR_R04_DECIL4_10_APROVADO,APROVADO_AUTOMATICO_BAIXO_RISCO,Aprovacao Automatica: Risco dentro do apetite da seguradora.,0.0,False,10000.0,10000.0,0.0,0.0,H,J,ALTISSIMA,16.0,0.0
CNPJ_001349,0.0,0.1178,3,ACEITO_COM_CONDICAO,RGR_R03_DECIL2_3_CONDICIONAL,ACEITE_CONDICIONAL_DECIL_INTERMEDIARIO,Aceite Condicional Decil Intermediario (+7.5% premio).,7.5,False,10000.0,10750.0,750.0,0.0,Q,B,ALTA,0.0,0.0
CNPJ_001350,0.0,0.116,3,ACEITO_COM_CONDICAO,RGR_R03_DECIL2_3_CONDICIONAL,ACEITE_CONDICIONAL_DECIL_INTERMEDIARIO,Aceite Condicional Decil Intermediario (+7.5% premio).,7.5,False,10000.0,10750.0,750.0,0.0,G,E,MEDIA,0.0,0.0
CNPJ_001351,0.0,0.1118,4,APROVADO,RGR_R04_DECIL4_10_APROVADO,APROVADO_AUTOMATICO_BAIXO_RISCO,Aprovacao Automatica: Risco dentro do apetite da seguradora.,0.0,False,10000.0,10000.0,0.0,0.0,G,A,BAIXISSIMA,0.0,0.0
CNPJ_001352,0.0,0.0897,8,APROVADO,RGR_R04_DECIL4_10_APROVADO,APROVADO_AUTOMATICO_BAIXO_RISCO,Aprovacao Automatica: Risco dentro do apetite da seguradora.,0.0,False,10000.0,10000.0,0.0,0.0,G,G,BAIXISSIMA,9.0,0.0
CNPJ_001353,0.0,0.1155,3,ACEITO_COM_CONDICAO,RGR_R03_DECIL2_3_CONDICIONAL,ACEITE_CONDICIONAL_DECIL_INTERMEDIARIO,Aceite Condicional Decil Intermediario (+7.5% premio).,7.5,False,10000.0,10750.0,750.0,0.0,L,E,ALTA,4.0,0.0
CNPJ_001354,0.0,0.1248,2,ACEITO_COM_CONDICAO,RGR_R03_DECIL2_3_CONDICIONAL,ACEITE_CONDICIONAL_DECIL_INTERMEDIARIO,Aceite Condicional Decil Intermediario (+7.5% premio).,7.5,False,10000.0,10750.0,750.0,0.0,A,F,ALTA,0.0,0.0
CNPJ_001355,0.0,0.0793,9,APROVADO,RGR_R04_DECIL4_10_APROVADO,APROVADO_AUTOMATICO_BAIXO_RISCO,Aprovacao Automatica: Risco dentro do apetite da seguradora.,0.0,False,10000.0,10000.0,0.0,0.0,G,H,BAIXISSIMA,2.0,0.0
CNPJ_001356,0.0,0.1094,4,APROVADO,RGR_R04_DECIL4_10_APROVADO,APROVADO_AUTOMATICO_BAIXO_RISCO,Aprovacao Automatica: Risco dentro do apetite da seguradora.,0.0,False,10000.0,10000.0,0.0,0.0,G,C,ALTA,0.0,0.0
CNPJ_001357,0.0,0.1157,3,ACEITO_COM_CONDICAO,RGR_R03_DECIL2_3_CONDICIONAL,ACEITE_CONDICIONAL_DECIL_INTERMEDIARIO,Aceite Condicional Decil Intermediario (+7.5% premio).,7.5,False,10000.0,10750.0,750.0,0.0,M,G,ALTA,5.0,0.0
CNPJ_001358,0.0,0.1106,4,APROVADO,RGR_R04_DECIL4_10_APROVADO,APROVADO_AUTOMATICO_BAIXO_RISCO,Aprovacao Automatica: Risco dentro do apetite da seguradora.,0.0,False,10000.0,10000.0,0.0,0.0,H,C,BAIXISSIMA,0.0,0.0
CNPJ_001359,0.0,0.118,3,ACEITO_COM_CONDICAO,RGR_R03_DECIL2_3_CONDICIONAL,ACEITE_CONDICIONAL_DECIL_INTERMEDIARIO,Aceite Condicional Decil Intermediario (+7.5% premio).,7.5,False,10000.0,10750.0,750.0,0.0,A,,BAIXISSIMA,0.0,0.0
CNPJ_001360,0.0,0.0446,10,APROVADO,RGR_R04_DECIL4_10_APROVADO,APROVADO_AUTOMATICO_BAIXO_RISCO,Aprovacao Automatica: Risco dentro do apetite da seguradora.,0.0,False,10000.0,10000.0,0.0,0.0,G,J,ALTA,23.0,0.0
CNPJ_001361,0.0,0.1102,4,APROVADO,RGR_R04_DECIL4_10_APROVADO,APROVADO_AUTOMATICO_BAIXO_RISCO,Aprovacao Automatica: Risco dentro do apetite da seguradora.,0.0,False,10000.0,10000.0,0.0,0.0,H,,BAIXISSIMA,0.0,
CNPJ_001362,0.0,0.1236,2,ACEITO_COM_CONDICAO,RGR_R03_DECIL2_3_CONDICIONAL,ACEITE_CONDICIONAL_DECIL_INTERMEDIARIO,Aceite Condicional Decil Intermediario (+7.5% premio).,7.5,False,10000.0,10750.0,750.0,0.0,S,EMPRESA_ISENTA,ALTA,0.0,1.0
CNPJ_001363,0.0,0.1132,4,RECUSADO,RGR_K01_RISCO_LIDERANCA_AREA_CRITICA,K01_LIDERANCA_AREA_CRITICA,Recusa Sumaria: Risco de lideranca detectado em area de concentracao altissima de sinistro.,0.0,False,10000.0,0.0,0.0,0.0,G,H,ALTISSIMA,16.0,1.0
CNPJ_001364,0.0,0.1043,5,APROVADO,RGR_R04_DECIL4_10_APROVADO,APROVADO_AUTOMATICO_BAIXO_RISCO,Aprovacao Automatica: Risco dentro do apetite da seguradora.,0.0,False,10000.0,10000.0,0.0,0.0,L,D,ALTA,0.0,0.0
CNPJ_001365,0.0,0.1007,6,APROVADO,RGR_R04_DECIL4_10_APROVADO,APROVADO_AUTOMATICO_BAIXO_RISCO,Aprovacao Automatica: Risco dentro do apetite da seguradora.,0.0,False,10000.0,10000.0,0.0,0.0,G,D,ALTA,0.0,0.0
CNPJ_001366,0.0,0.0683,10,APROVADO,RGR_R04_DECIL4_10_APROVADO,APROVADO_AUTOMATICO_BAIXO_RISCO,Aprovacao Automatica: Risco dentro do apetite da seguradora.,0.0,False,10000.0,10000.0,0.0,0.0,F,I,ALTA,60.0,1.0
CNPJ_001367,0.0,0.1087,4,APROVADO,RGR_R04_DECIL4_10_APROVADO,APROVADO_AUTOMATICO_BAIXO_RISCO,Aprovacao Automatica: Risco dentro do apetite da seguradora.,0.0,False,10000.0,10000.0,0.0,0.0,G,F,ALTA,0.0,0.0
CNPJ_001368,0.0,0.0916,8,APROVADO,RGR_R04_DECIL4_10_APROVADO,APROVADO_AUTOMATICO_BAIXO_RISCO,Aprovacao Automatica: Risco dentro do apetite da seguradora.,0.0,False,10000.0,10000.0,0.0,0.0,G,G,MEDIA,5.0,1.0
CNPJ_001369,0.0,0.1084,4,RECUSADO,RGR_K02_EXCESSO_PROCESSOS_JUDICIAIS,K02_JUDICIAL_EXTREMO,Recusa Sumaria: Elevado passivo judicial (> 100 processos como requerido).,0.0,False,10000.0,0.0,0.0,0.0,G,J,BAIXISSIMA,212.0,0.0
CNPJ_001370,0.0,0.1064,5,APROVADO,RGR_R04_DECIL4_10_APROVADO,APROVADO_AUTOMATICO_BAIXO_RISCO,Aprovacao Automatica: Risco dentro do apetite da seguradora.,0.0,False,10000.0,10000.0,0.0,0.0,G,A,ALTA,0.0,0.0
CNPJ_001371,0.0,0.1167,3,ACEITO_COM_CONDICAO,RGR_R03_DECIL2_3_CONDICIONAL,ACEITE_CONDICIONAL_DECIL_INTERMEDIARIO,Aceite Condicional Decil Intermediario (+7.5% premio).,7.5,False,10000.0,10750.0,750.0,0.0,J,F,BAIXISSIMA,0.0,0.0
CNPJ_001372,0.0,0.0888,8,APROVADO,RGR_R04_DECIL4_10_APROVADO,APROVADO_AUTOMATICO_BAIXO_RISCO,Aprovacao Automatica: Risco dentro do apetite da seguradora.,0.0,False,10000.0,10000.0,0.0,0.0,G,G,ALTA,4.0,0.0
CNPJ_001373,0.0,0.1042,5,APROVADO,RGR_R04_DECIL4_10_APROVADO,APROVADO_AUTOMATICO_BAIXO_RISCO,Aprovacao Automatica: Risco dentro do apetite da seguradora.,0.0,False,10000.0,10000.0,0.0,0.0,C,E,ALTA,0.0,0.0
CNPJ_001374,0.0,0.1386,2,ACEITO_COM_CONDICAO,RGR_R03_DECIL2_3_CONDICIONAL,ACEITE_CONDICIONAL_DECIL_INTERMEDIARIO,Aceite Condicional Decil Intermediario (+7.5% premio).,7.5,False,10000.0,10750.0,750.0,0.0,S,EMPRESA_ISENTA,ALTA,0.0,
CNPJ_001375,0.0,0.0872,8,APROVADO,RGR_R04_DECIL4_10_APROVADO,APROVADO_AUTOMATICO_BAIXO_RISCO,Aprovacao Automatica: Risco dentro do apetite da seguradora.,0.0,False,10000.0,10000.0,0.0,0.0,S,EMPRESA_ISENTA,ALTISSIMA,19.0,0.0
CNPJ_001376,0.0,0.0848,9,APROVADO,RGR_R04_DECIL4_10_APROVADO,APROVADO_AUTOMATICO_BAIXO_RISCO,Aprovacao Automatica: Risco dentro do apetite da seguradora.,0.0,False,10000.0,10000.0,0.0,0.0,Q,A,BAIXISSIMA,0.0,0.0
CNPJ_001377,0.0,0.0963,7,APROVADO,RGR_R04_DECIL4_10_APROVADO,APROVADO_AUTOMATICO_BAIXO_RISCO,Aprovacao Automatica: Risco dentro do apetite da seguradora.,0.0,False,10000.0,10000.0,0.0,0.0,C,D,BAIXISSIMA,0.0,0.0
CNPJ_001378,0.0,0.1083,4,APROVADO,RGR_R04_DECIL4_10_APROVADO,APROVADO_AUTOMATICO_BAIXO_RISCO,Aprovacao Automatica: Risco dentro do apetite da seguradora.,0.0,False,10000.0,10000.0,0.0,0.0,G,B,MEDIA,0.0,0.0
CNPJ_001379,0.0,0.1122,4,RECUSADO,RGR_K01_RISCO_LIDERANCA_AREA_CRITICA,K01_LIDERANCA_AREA_CRITICA,Recusa Sumaria: Risco de lideranca detectado em area de concentracao altissima de sinistro.,0.0,False,10000.0,0.0,0.0,0.0,N,F,ALTISSIMA,0.0,1.0
CNPJ_001380,0.0,0.0989,6,APROVADO,RGR_R04_DECIL4_10_APROVADO,APROVADO_AUTOMATICO_BAIXO_RISCO,Aprovacao Automatica: Risco dentro do apetite da seguradora.,0.0,False,10000.0,10000.0,0.0,0.0,A,H,BAIXISSIMA,4.0,0.0
CNPJ_001381,0.0,0.1154,3,ACEITO_COM_CONDICAO,RGR_R03_DECIL2_3_CONDICIONAL,ACEITE_CONDICIONAL_DECIL_INTERMEDIARIO,Aceite Condicional Decil Intermediario (+7.5% premio).,7.5,False,10000.0,10750.0,750.0,0.0,H,G,MEDIA,2.0,0.0
CNPJ_001382,0.0,0.0486,10,APROVADO,RGR_R04_DECIL4_10_APROVADO,APROVADO_AUTOMATICO_BAIXO_RISCO,Aprovacao Automatica: Risco dentro do apetite da seguradora.,0.0,False,10000.0,10000.0,0.0,0.0,H,J,ALTA,32.0,0.0
CNPJ_001383,0.0,0.0744,10,APROVADO,RGR_R04_DECIL4_10_APROVADO,APROVADO_AUTOMATICO_BAIXO_RISCO,Aprovacao Automatica: Risco dentro do apetite da seguradora.,0.0,False,10000.0,10000.0,0.0,0.0,H,D,ALTA,4.0,0.0
CNPJ_001384,0.0,0.1133,4,APROVADO,RGR_R04_DECIL4_10_APROVADO,APROVADO_AUTOMATICO_BAIXO_RISCO,Aprovacao Automatica: Risco dentro do apetite da seguradora.,0.0,False,10000.0,10000.0,0.0,0.0,G,F,ALTISSIMA,2.0,0.0
CNPJ_001385,0.0,0.0939,7,APROVADO,RGR_R04_DECIL4_10_APROVADO,APROVADO_AUTOMATICO_BAIXO_RISCO,Aprovacao Automatica: Risco dentro do apetite da seguradora.,0.0,False,10000.0,10000.0,0.0,0.0,C,I,BAIXISSIMA,0.0,0.0
CNPJ_001386,0.0,0.0853,8,APROVADO,RGR_R04_DECIL4_10_APROVADO,APROVADO_AUTOMATICO_BAIXO_RISCO,Aprovacao Automatica: Risco dentro do apetite da seguradora.,0.0,False,10000.0,10000.0,0.0,0.0,K,J,ALTA,0.0,
CNPJ_001387,0.0,0.0851,9,APROVADO,RGR_R04_DECIL4_10_APROVADO,APROVADO_AUTOMATICO_BAIXO_RISCO,Aprovacao Automatica: Risco dentro do apetite da seguradora.,0.0,False,10000.0,10000.0,0.0,0.0,A,,ALTA,0.0,1.0
CNPJ_001388,0.0,0.1051,5,APROVADO,RGR_R04_DECIL4_10_APROVADO,APROVADO_AUTOMATICO_BAIXO_RISCO,Aprovacao Automatica: Risco dentro do apetite da seguradora.,0.0,False,10000.0,10000.0,0.0,0.0,N,,MEDIA,0.0,0.0
CNPJ_001389,0.0,0.1179,3,ACEITO_COM_CONDICAO,RGR_R03_DECIL2_3_CONDICIONAL,ACEITE_CONDICIONAL_DECIL_INTERMEDIARIO,Aceite Condicional Decil Intermediario (+7.5% premio).,7.5,False,10000.0,10750.0,750.0,0.0,A,G,ALTA,0.0,0.0
CNPJ_001390,0.0,0.1288,2,ACEITO_COM_CONDICAO,RGR_R03_DECIL2_3_CONDICIONAL,ACEITE_CONDICIONAL_DECIL_INTERMEDIARIO,Aceite Condicional Decil Intermediario (+7.5% premio).,7.5,False,10000.0,10750.0,750.0,0.0,S,EMPRESA_ISENTA,ALTISSIMA,1.0,
CNPJ_001391,0.0,0.0828,9,APROVADO,RGR_R04_DECIL4_10_APROVADO,APROVADO_AUTOMATICO_BAIXO_RISCO,Aprovacao Automatica: Risco dentro do apetite da seguradora.,0.0,False,10000.0,10000.0,0.0,0.0,G,G,,2.0,0.0
CNPJ_001392,0.0,0.0933,7,APROVADO,RGR_R04_DECIL4_10_APROVADO,APROVADO_AUTOMATICO_BAIXO_RISCO,Aprovacao Automatica: Risco dentro do apetite da seguradora.,0.0,False,10000.0,10000.0,0.0,0.0,G,G,ALTISSIMA,3.0,0.0
CNPJ_001393,0.0,0.12,3,ACEITO_COM_CONDICAO,RGR_R03_DECIL2_3_CONDICIONAL,ACEITE_CONDICIONAL_DECIL_INTERMEDIARIO,Aceite Condicional Decil Intermediario (+7.5% premio).,7.5,False,10000.0,10750.0,750.0,0.0,K,D,ALTA,0.0,0.0
CNPJ_001394,0.0,0.1169,3,ACEITO_COM_CONDICAO,RGR_R03_DECIL2_3_CONDICIONAL,ACEITE_CONDICIONAL_DECIL_INTERMEDIARIO,Aceite Condicional Decil Intermediario (+7.5% premio).,7.5,False,10000.0,10750.0,750.0,0.0,C,D,BAIXISSIMA,0.0,0.0
CNPJ_001395,0.0,0.0786,9,APROVADO,RGR_R04_DECIL4_10_APROVADO,APROVADO_AUTOMATICO_BAIXO_RISCO,Aprovacao Automatica: Risco dentro do apetite da seguradora.,0.0,False,10000.0,10000.0,0.0,0.0,H,B,ALTA,1.0,0.0
CNPJ_001396,0.0,0.0803,9,APROVADO,RGR_R04_DECIL4_10_APROVADO,APROVADO_AUTOMATICO_BAIXO_RISCO,Aprovacao Automatica: Risco dentro do apetite da seguradora.,0.0,False,10000.0,10000.0,0.0,0.0,G,H,ALTA,9.0,0.0
CNPJ_001397,0.0,0.1001,6,APROVADO,RGR_R04_DECIL4_10_APROVADO,APROVADO_AUTOMATICO_BAIXO_RISCO,Aprovacao Automatica: Risco dentro do apetite da seguradora.,0.0,False,10000.0,10000.0,0.0,0.0,F,G,ALTA,1.0,0.0
CNPJ_001398,0.0,0.1031,5,APROVADO,RGR_R04_DECIL4_10_APROVADO,APROVADO_AUTOMATICO_BAIXO_RISCO,Aprovacao Automatica: Risco dentro do apetite da seguradora.,0.0,False,10000.0,10000.0,0.0,0.0,G,B,ALTA,0.0,0.0
CNPJ_001399,0.0,0.11,4,APROVADO,RGR_R04_DECIL4_10_APROVADO,APROVADO_AUTOMATICO_BAIXO_RISCO,Aprovacao Automatica: Risco dentro do apetite da seguradora.,0.0,False,10000.0,10000.0,0.0,0.0,C,D,BAIXISSIMA,0.0,0.0
CNPJ_001400,0.0,0.0874,8,APROVADO,RGR_R04_DECIL4_10_APROVADO,APROVADO_AUTOMATICO_BAIXO_RISCO,Aprovacao Automatica: Risco dentro do apetite da seguradora.,0.0,False,10000.0,10000.0,0.0,0.0,G,E,ALTA,1.0,0.0
CNPJ_001401,0.0,0.1018,6,APROVADO,RGR_R04_DECIL4_10_APROVADO,APROVADO_AUTOMATICO_BAIXO_RISCO,Aprovacao Automatica: Risco dentro do apetite da seguradora.,0.0,False,10000.0,10000.0,0.0,0.0,K,D,BAIXISSIMA,0.0,0.0
CNPJ_001402,0.0,0.101,6,APROVADO,RGR_R04_DECIL4_10_APROVADO,APROVADO_AUTOMATICO_BAIXO_RISCO,Aprovacao Automatica: Risco dentro do apetite da seguradora.,0.0,False,10000.0,10000.0,0.0,0.0,M,,MEDIA,0.0,0.0
CNPJ_001403,0.0,0.1073,5,APROVADO,RGR_R04_DECIL4_10_APROVADO,APROVADO_AUTOMATICO_BAIXO_RISCO,Aprovacao Automatica: Risco dentro do apetite da seguradora.,0.0,False,10000.0,10000.0,0.0,0.0,G,E,ALTA,3.0,0.0
CNPJ_001404,0.0,0.2359,1,RECUSADO,RGR_K02_EXCESSO_PROCESSOS_JUDICIAIS,K02_JUDICIAL_EXTREMO,Recusa Sumaria: Elevado passivo judicial (> 100 processos como requerido).,0.0,False,10000.0,0.0,0.0,0.0,G,J,ALTISSIMA,10476.0,0.0
CNPJ_001405,0.0,0.0932,7,APROVADO,RGR_R04_DECIL4_10_APROVADO,APROVADO_AUTOMATICO_BAIXO_RISCO,Aprovacao Automatica: Risco dentro do apetite da seguradora.,0.0,False,10000.0,10000.0,0.0,0.0,C,A,ALTISSIMA,0.0,0.0
CNPJ_001406,0.0,0.094,7,RECUSADO,RGR_K01_RISCO_LIDERANCA_AREA_CRITICA,K01_LIDERANCA_AREA_CRITICA,Recusa Sumaria: Risco de lideranca detectado em area de concentracao altissima de sinistro.,0.0,False,10000.0,0.0,0.0,0.0,N,,ALTISSIMA,0.0,1.0
CNPJ_001407,0.0,0.1567,1,ACEITO_COM_CONDICAO,RGR_R01_DECIL1_RESGATE_COM_RASTREADOR,RECUPERACAO_COMERCIAL_D1,"Aceite Condicional Decil 1: Perfil de score alto risco, porem mitigado por baixo passivo judicial e geografia favoravel.",15.0,True,10000.0,11500.0,1500.0,0.0,G,A,BAIXISSIMA,0.0,1.0
CNPJ_001408,0.0,0.0944,7,APROVADO,RGR_R04_DECIL4_10_APROVADO,APROVADO_AUTOMATICO_BAIXO_RISCO,Aprovacao Automatica: Risco dentro do apetite da seguradora.,0.0,False,10000.0,10000.0,0.0,0.0,K,,ALTA,0.0,1.0
CNPJ_001409,0.0,0.0841,9,APROVADO,RGR_R04_DECIL4_10_APROVADO,APROVADO_AUTOMATICO_BAIXO_RISCO,Aprovacao Automatica: Risco dentro do apetite da seguradora.,0.0,False,10000.0,10000.0,0.0,0.0,G,H,BAIXISSIMA,2.0,0.0
CNPJ_001410,0.0,0.0974,6,APROVADO,RGR_R04_DECIL4_10_APROVADO,APROVADO_AUTOMATICO_BAIXO_RISCO,Aprovacao Automatica: Risco dentro do apetite da seguradora.,0.0,False,10000.0,10000.0,0.0,0.0,C,F,ALTA,0.0,0.0
CNPJ_001411,0.0,0.0783,9,APROVADO,RGR_R04_DECIL4_10_APROVADO,APROVADO_AUTOMATICO_BAIXO_RISCO,Aprovacao Automatica: Risco dentro do apetite da seguradora.,0.0,False,10000.0,10000.0,0.0,0.0,G,D,,3.0,0.0
CNPJ_001412,0.0,0.1057,5,APROVADO,RGR_R04_DECIL4_10_APROVADO,APROVADO_AUTOMATICO_BAIXO_RISCO,Aprovacao Automatica: Risco dentro do apetite da seguradora.,0.0,False,10000.0,10000.0,0.0,0.0,H,B,ALTA,0.0,0.0
CNPJ_001413,0.0,0.0747,10,RECUSADO,RGR_K01_RISCO_LIDERANCA_AREA_CRITICA,K01_LIDERANCA_AREA_CRITICA,Recusa Sumaria: Risco de lideranca detectado em area de concentracao altissima de sinistro.,0.0,False,10000.0,0.0,0.0,0.0,G,J,ALTISSIMA,2823.0,1.0
CNPJ_001414,0.0,0.0871,8,APROVADO,RGR_R04_DECIL4_10_APROVADO,APROVADO_AUTOMATICO_BAIXO_RISCO,Aprovacao Automatica: Risco dentro do apetite da seguradora.,0.0,False,10000.0,10000.0,0.0,0.0,N,D,ALTA,10.0,0.0
CNPJ_001415,0.0,0.1213,2,ACEITO_COM_CONDICAO,RGR_R03_DECIL2_3_CONDICIONAL,ACEITE_CONDICIONAL_DECIL_INTERMEDIARIO,Aceite Condicional Decil Intermediario (+7.5% premio).,7.5,False,10000.0,10750.0,750.0,0.0,C,E,ALTA,0.0,0.0
CNPJ_001416,0.0,0.0961,7,APROVADO,RGR_R04_DECIL4_10_APROVADO,APROVADO_AUTOMATICO_BAIXO_RISCO,Aprovacao Automatica: Risco dentro do apetite da seguradora.,0.0,False,10000.0,10000.0,0.0,0.0,C,H,BAIXISSIMA,2.0,0.0
CNPJ_001417,0.0,0.0868,8,APROVADO,RGR_R04_DECIL4_10_APROVADO,APROVADO_AUTOMATICO_BAIXO_RISCO,Aprovacao Automatica: Risco dentro do apetite da seguradora.,0.0,False,10000.0,10000.0,0.0,0.0,H,A,,0.0,
CNPJ_001418,0.0,0.0845,9,APROVADO,RGR_R04_DECIL4_10_APROVADO,APROVADO_AUTOMATICO_BAIXO_RISCO,Aprovacao Automatica: Risco dentro do apetite da seguradora.,0.0,False,10000.0,10000.0,0.0,0.0,G,J,ALTA,0.0,0.0
CNPJ_001419,0.0,0.0563,10,RECUSADO,RGR_K02_EXCESSO_PROCESSOS_JUDICIAIS,K02_JUDICIAL_EXTREMO,Recusa Sumaria: Elevado passivo judicial (> 100 processos como requerido).,0.0,False,10000.0,0.0,0.0,0.0,C,J,BAIXISSIMA,561.0,0.0
CNPJ_001420,0.0,0.0826,9,APROVADO,RGR_R04_DECIL4_10_APROVADO,APROVADO_AUTOMATICO_BAIXO_RISCO,Aprovacao Automatica: Risco dentro do apetite da seguradora.,0.0,False,10000.0,10000.0,0.0,0.0,G,D,ALTISSIMA,0.0,0.0
CNPJ_001421,0.0,0.1181,3,ACEITO_COM_CONDICAO,RGR_R03_DECIL2_3_CONDICIONAL,ACEITE_CONDICIONAL_DECIL_INTERMEDIARIO,Aceite Condicional Decil Intermediario (+7.5% premio).,7.5,False,10000.0,10750.0,750.0,0.0,H,A,ALTISSIMA,0.0,0.0
CNPJ_001422,0.0,0.1153,3,ACEITO_COM_CONDICAO,RGR_R03_DECIL2_3_CONDICIONAL,ACEITE_CONDICIONAL_DECIL_INTERMEDIARIO,Aceite Condicional Decil Intermediario (+7.5% premio).,7.5,False,10000.0,10750.0,750.0,0.0,G,E,BAIXISSIMA,3.0,0.0
CNPJ_001423,0.0,0.0775,9,APROVADO,RGR_R04_DECIL4_10_APROVADO,APROVADO_AUTOMATICO_BAIXO_RISCO,Aprovacao Automatica: Risco dentro do apetite da seguradora.,0.0,False,10000.0,10000.0,0.0,0.0,C,J,ALTA,4.0,1.0
CNPJ_001424,0.0,0.1136,3,ACEITO_COM_CONDICAO,RGR_R03_DECIL2_3_CONDICIONAL,ACEITE_CONDICIONAL_DECIL_INTERMEDIARIO,Aceite Condicional Decil Intermediario (+7.5% premio).,7.5,False,10000.0,10750.0,750.0,0.0,J,C,ALTISSIMA,0.0,0.0
CNPJ_001425,0.0,0.0624,10,APROVADO,RGR_R04_DECIL4_10_APROVADO,APROVADO_AUTOMATICO_BAIXO_RISCO,Aprovacao Automatica: Risco dentro do apetite da seguradora.,0.0,False,10000.0,10000.0,0.0,0.0,H,G,ALTA,0.0,0.0
CNPJ_001426,0.0,0.0995,6,APROVADO,RGR_R04_DECIL4_10_APROVADO,APROVADO_AUTOMATICO_BAIXO_RISCO,Aprovacao Automatica: Risco dentro do apetite da seguradora.,0.0,False,10000.0,10000.0,0.0,0.0,G,,ALTISSIMA,0.0,0.0
CNPJ_001427,0.0,0.1082,4,APROVADO,RGR_R04_DECIL4_10_APROVADO,APROVADO_AUTOMATICO_BAIXO_RISCO,Aprovacao Automatica: Risco dentro do apetite da seguradora.,0.0,False,10000.0,10000.0,0.0,0.0,G,B,ALTA,1.0,0.0
CNPJ_001428,0.0,0.0986,6,APROVADO,RGR_R04_DECIL4_10_APROVADO,APROVADO_AUTOMATICO_BAIXO_RISCO,Aprovacao Automatica: Risco dentro do apetite da seguradora.,0.0,False,10000.0,10000.0,0.0,0.0,C,J,ALTA,0.0,
CNPJ_001429,0.0,0.0945,7,APROVADO,RGR_R04_DECIL4_10_APROVADO,APROVADO_AUTOMATICO_BAIXO_RISCO,Aprovacao Automatica: Risco dentro do apetite da seguradora.,0.0,False,10000.0,10000.0,0.0,0.0,G,F,BAIXISSIMA,2.0,0.0
CNPJ_001430,0.0,0.1045,5,APROVADO,RGR_R04_DECIL4_10_APROVADO,APROVADO_AUTOMATICO_BAIXO_RISCO,Aprovacao Automatica: Risco dentro do apetite da seguradora.,0.0,False,10000.0,10000.0,0.0,0.0,G,G,ALTA,1.0,0.0
CNPJ_001431,0.0,0.0954,7,APROVADO,RGR_R04_DECIL4_10_APROVADO,APROVADO_AUTOMATICO_BAIXO_RISCO,Aprovacao Automatica: Risco dentro do apetite da seguradora.,0.0,False,10000.0,10000.0,0.0,0.0,F,E,ALTA,0.0,1.0
CNPJ_001432,0.0,0.1211,2,ACEITO_COM_CONDICAO,RGR_R03_DECIL2_3_CONDICIONAL,ACEITE_CONDICIONAL_DECIL_INTERMEDIARIO,Aceite Condicional Decil Intermediario (+7.5% premio).,7.5,False,10000.0,10750.0,750.0,0.0,J,E,ALTA,0.0,0.0
CNPJ_001433,0.0,0.0926,7,APROVADO,RGR_R04_DECIL4_10_APROVADO,APROVADO_AUTOMATICO_BAIXO_RISCO,Aprovacao Automatica: Risco dentro do apetite da seguradora.,0.0,False,10000.0,10000.0,0.0,0.0,N,E,ALTA,2.0,1.0
CNPJ_001434,0.0,0.1494,1,RECUSADO,RGR_R02_DECIL1_RECUSA_PADRAO,DECIL1_ALTO_RISCO_SEM_MITIGACAO,Recusa por Decil 1 de Risco sem criterios para resgate comercial.,0.0,False,10000.0,0.0,0.0,0.0,K,,ALTA,0.0,1.0
CNPJ_001435,0.0,0.1183,3,ACEITO_COM_CONDICAO,RGR_R03_DECIL2_3_CONDICIONAL,ACEITE_CONDICIONAL_DECIL_INTERMEDIARIO,Aceite Condicional Decil Intermediario (+7.5% premio).,7.5,False,10000.0,10750.0,750.0,0.0,H,I,ALTISSIMA,0.0,0.0
CNPJ_001436,0.0,0.1071,5,APROVADO,RGR_R04_DECIL4_10_APROVADO,APROVADO_AUTOMATICO_BAIXO_RISCO,Aprovacao Automatica: Risco dentro do apetite da seguradora.,0.0,False,10000.0,10000.0,0.0,0.0,C,F,ALTISSIMA,5.0,0.0
CNPJ_001437,0.0,0.0859,8,APROVADO,RGR_R04_DECIL4_10_APROVADO,APROVADO_AUTOMATICO_BAIXO_RISCO,Aprovacao Automatica: Risco dentro do apetite da seguradora.,0.0,False,10000.0,10000.0,0.0,0.0,C,J,MEDIA,3.0,1.0
CNPJ_001438,0.0,0.0589,10,APROVADO,RGR_R04_DECIL4_10_APROVADO,APROVADO_AUTOMATICO_BAIXO_RISCO,Aprovacao Automatica: Risco dentro do apetite da seguradora.,0.0,False,10000.0,10000.0,0.0,0.0,H,B,ALTISSIMA,0.0,0.0
CNPJ_001439,0.0,0.0992,6,APROVADO,RGR_R04_DECIL4_10_APROVADO,APROVADO_AUTOMATICO_BAIXO_RISCO,Aprovacao Automatica: Risco dentro do apetite da seguradora.,0.0,False,10000.0,10000.0,0.0,0.0,G,A,BAIXISSIMA,1.0,0.0
CNPJ_001440,0.0,0.0935,7,APROVADO,RGR_R04_DECIL4_10_APROVADO,APROVADO_AUTOMATICO_BAIXO_RISCO,Aprovacao Automatica: Risco dentro do apetite da seguradora.,0.0,False,10000.0,10000.0,0.0,0.0,G,A,ALTA,0.0,0.0
CNPJ_001441,0.0,0.0842,9,APROVADO,RGR_R04_DECIL4_10_APROVADO,APROVADO_AUTOMATICO_BAIXO_RISCO,Aprovacao Automatica: Risco dentro do apetite da seguradora.,0.0,False,10000.0,10000.0,0.0,0.0,G,G,MEDIA,5.0,1.0
CNPJ_001442,0.0,0.0961,7,APROVADO,RGR_R04_DECIL4_10_APROVADO,APROVADO_AUTOMATICO_BAIXO_RISCO,Aprovacao Automatica: Risco dentro do apetite da seguradora.,0.0,False,10000.0,10000.0,0.0,0.0,F,E,,0.0,0.0
CNPJ_001443,0.0,0.1045,5,APROVADO,RGR_R04_DECIL4_10_APROVADO,APROVADO_AUTOMATICO_BAIXO_RISCO,Aprovacao Automatica: Risco dentro do apetite da seguradora.,0.0,False,10000.0,10000.0,0.0,0.0,C,J,ALTA,0.0,0.0
CNPJ_001444,0.0,0.1265,2,ACEITO_COM_CONDICAO,RGR_R03_DECIL2_3_CONDICIONAL,ACEITE_CONDICIONAL_DECIL_INTERMEDIARIO,Aceite Condicional Decil Intermediario (+7.5% premio).,7.5,False,10000.0,10750.0,750.0,0.0,F,D,ALTISSIMA,0.0,0.0
CNPJ_001445,0.0,0.1032,5,APROVADO,RGR_R04_DECIL4_10_APROVADO,APROVADO_AUTOMATICO_BAIXO_RISCO,Aprovacao Automatica: Risco dentro do apetite da seguradora.,0.0,False,10000.0,10000.0,0.0,0.0,N,E,ALTA,1.0,0.0
CNPJ_001446,0.0,0.0791,9,RECUSADO,RGR_K02_EXCESSO_PROCESSOS_JUDICIAIS,K02_JUDICIAL_EXTREMO,Recusa Sumaria: Elevado passivo judicial (> 100 processos como requerido).,0.0,False,10000.0,0.0,0.0,0.0,C,J,MEDIA,196.0,1.0
CNPJ_001447,0.0,0.0861,8,APROVADO,RGR_R04_DECIL4_10_APROVADO,APROVADO_AUTOMATICO_BAIXO_RISCO,Aprovacao Automatica: Risco dentro do apetite da seguradora.,0.0,False,10000.0,10000.0,0.0,0.0,N,I,ALTA,11.0,0.0
CNPJ_001448,0.0,0.1241,2,ACEITO_COM_CONDICAO,RGR_R03_DECIL2_3_CONDICIONAL,ACEITE_CONDICIONAL_DECIL_INTERMEDIARIO,Aceite Condicional Decil Intermediario (+7.5% premio).,7.5,False,10000.0,10750.0,750.0,0.0,N,H,ALTA,2.0,0.0
CNPJ_001449,0.0,0.0883,8,APROVADO,RGR_R04_DECIL4_10_APROVADO,APROVADO_AUTOMATICO_BAIXO_RISCO,Aprovacao Automatica: Risco dentro do apetite da seguradora.,0.0,False,10000.0,10000.0,0.0,0.0,N,B,ALTA,0.0,0.0
CNPJ_001450,0.0,0.1956,1,ACEITO_COM_CONDICAO,RGR_R01_DECIL1_RESGATE_COM_RASTREADOR,RECUPERACAO_COMERCIAL_D1,"Aceite Condicional Decil 1: Perfil de score alto risco, porem mitigado por baixo passivo judicial e geografia favoravel.",15.0,True,10000.0,11500.0,1500.0,0.0,G,C,BAIXISSIMA,1.0,1.0
CNPJ_001451,0.0,0.1261,2,ACEITO_COM_CONDICAO,RGR_R03_DECIL2_3_CONDICIONAL,ACEITE_CONDICIONAL_DECIL_INTERMEDIARIO,Aceite Condicional Decil Intermediario (+7.5% premio).,7.5,False,10000.0,10750.0,750.0,0.0,G,D,ALTA,0.0,0.0
CNPJ_001452,0.0,0.1008,6,APROVADO,RGR_R04_DECIL4_10_APROVADO,APROVADO_AUTOMATICO_BAIXO_RISCO,Aprovacao Automatica: Risco dentro do apetite da seguradora.,0.0,False,10000.0,10000.0,0.0,0.0,N,,ALTISSIMA,0.0,
CNPJ_001453,0.0,0.1179,3,ACEITO_COM_CONDICAO,RGR_R03_DECIL2_3_CONDICIONAL,ACEITE_CONDICIONAL_DECIL_INTERMEDIARIO,Aceite Condicional Decil Intermediario (+7.5% premio).,7.5,False,10000.0,10750.0,750.0,0.0,F,,BAIXISSIMA,0.0,0.0
CNPJ_001454,0.0,0.126,2,ACEITO_COM_CONDICAO,RGR_R03_DECIL2_3_CONDICIONAL,ACEITE_CONDICIONAL_DECIL_INTERMEDIARIO,Aceite Condicional Decil Intermediario (+7.5% premio).,7.5,False,10000.0,10750.0,750.0,0.0,H,J,BAIXISSIMA,18.0,0.0
CNPJ_001455,0.0,0.1013,6,APROVADO,RGR_R04_DECIL4_10_APROVADO,APROVADO_AUTOMATICO_BAIXO_RISCO,Aprovacao Automatica: Risco dentro do apetite da seguradora.,0.0,False,10000.0,10000.0,0.0,0.0,F,G,ALTA,3.0,0.0
CNPJ_001456,0.0,0.1029,5,APROVADO,RGR_R04_DECIL4_10_APROVADO,APROVADO_AUTOMATICO_BAIXO_RISCO,Aprovacao Automatica: Risco dentro do apetite da seguradora.,0.0,False,10000.0,10000.0,0.0,0.0,G,,ALTA,0.0,0.0
CNPJ_001457,0.0,0.0569,10,RECUSADO,RGR_K01_RISCO_LIDERANCA_AREA_CRITICA,K01_LIDERANCA_AREA_CRITICA,Recusa Sumaria: Risco de lideranca detectado em area de concentracao altissima de sinistro.,0.0,False,10000.0,0.0,0.0,0.0,H,J,ALTISSIMA,12.0,1.0
CNPJ_001458,0.0,0.0871,8,APROVADO,RGR_R04_DECIL4_10_APROVADO,APROVADO_AUTOMATICO_BAIXO_RISCO,Aprovacao Automatica: Risco dentro do apetite da seguradora.,0.0,False,10000.0,10000.0,0.0,0.0,S,EMPRESA_ISENTA,ALTISSIMA,0.0,0.0
CNPJ_001459,0.0,0.0928,7,APROVADO,RGR_R04_DECIL4_10_APROVADO,APROVADO_AUTOMATICO_BAIXO_RISCO,Aprovacao Automatica: Risco dentro do apetite da seguradora.,0.0,False,10000.0,10000.0,0.0,0.0,N,E,ALTISSIMA,0.0,0.0
CNPJ_001460,0.0,0.1146,3,ACEITO_COM_CONDICAO,RGR_R03_DECIL2_3_CONDICIONAL,ACEITE_CONDICIONAL_DECIL_INTERMEDIARIO,Aceite Condicional Decil Intermediario (+7.5% premio).,7.5,False,10000.0,10750.0,750.0,0.0,N,,MEDIA,0.0,0.0
CNPJ_001461,0.0,0.1054,5,APROVADO,RGR_R04_DECIL4_10_APROVADO,APROVADO_AUTOMATICO_BAIXO_RISCO,Aprovacao Automatica: Risco dentro do apetite da seguradora.,0.0,False,10000.0,10000.0,0.0,0.0,N,E,BAIXISSIMA,0.0,0.0
CNPJ_001462,0.0,0.1127,4,APROVADO,RGR_R04_DECIL4_10_APROVADO,APROVADO_AUTOMATICO_BAIXO_RISCO,Aprovacao Automatica: Risco dentro do apetite da seguradora.,0.0,False,10000.0,10000.0,0.0,0.0,G,D,ALTISSIMA,0.0,0.0
CNPJ_001463,0.0,0.0665,10,APROVADO,RGR_R04_DECIL4_10_APROVADO,APROVADO_AUTOMATICO_BAIXO_RISCO,Aprovacao Automatica: Risco dentro do apetite da seguradora.,0.0,False,10000.0,10000.0,0.0,0.0,F,B,ALTA,0.0,0.0
CNPJ_001464,0.0,0.0826,9,APROVADO,RGR_R04_DECIL4_10_APROVADO,APROVADO_AUTOMATICO_BAIXO_RISCO,Aprovacao Automatica: Risco dentro do apetite da seguradora.,0.0,False,10000.0,10000.0,0.0,0.0,G,D,BAIXISSIMA,1.0,0.0
CNPJ_001465,0.0,0.0904,8,APROVADO,RGR_R04_DECIL4_10_APROVADO,APROVADO_AUTOMATICO_BAIXO_RISCO,Aprovacao Automatica: Risco dentro do apetite da seguradora.,0.0,False,10000.0,10000.0,0.0,0.0,G,A,ALTA,0.0,1.0
CNPJ_001466,0.0,0.0646,10,RECUSADO,RGR_K02_EXCESSO_PROCESSOS_JUDICIAIS,K02_JUDICIAL_EXTREMO,Recusa Sumaria: Elevado passivo judicial (> 100 processos como requerido).,0.0,False,10000.0,0.0,0.0,0.0,C,J,ALTA,126.0,1.0
CNPJ_001467,0.0,0.1009,6,APROVADO,RGR_R04_DECIL4_10_APROVADO,APROVADO_AUTOMATICO_BAIXO_RISCO,Aprovacao Automatica: Risco dentro do apetite da seguradora.,0.0,False,10000.0,10000.0,0.0,0.0,N,E,ALTA,0.0,0.0
CNPJ_001468,0.0,0.1114,4,APROVADO,RGR_R04_DECIL4_10_APROVADO,APROVADO_AUTOMATICO_BAIXO_RISCO,Aprovacao Automatica: Risco dentro do apetite da seguradora.,0.0,False,10000.0,10000.0,0.0,0.0,C,C,BAIXISSIMA,0.0,0.0
CNPJ_001469,0.0,0.1163,3,ACEITO_COM_CONDICAO,RGR_R03_DECIL2_3_CONDICIONAL,ACEITE_CONDICIONAL_DECIL_INTERMEDIARIO,Aceite Condicional Decil Intermediario (+7.5% premio).,7.5,False,10000.0,10750.0,750.0,0.0,N,D,ALTA,1.0,0.0
CNPJ_001470,0.0,0.1089,4,APROVADO,RGR_R04_DECIL4_10_APROVADO,APROVADO_AUTOMATICO_BAIXO_RISCO,Aprovacao Automatica: Risco dentro do apetite da seguradora.,0.0,False,10000.0,10000.0,0.0,0.0,G,,BAIXISSIMA,0.0,0.0
CNPJ_001471,0.0,0.0997,6,APROVADO,RGR_R04_DECIL4_10_APROVADO,APROVADO_AUTOMATICO_BAIXO_RISCO,Aprovacao Automatica: Risco dentro do apetite da seguradora.,0.0,False,10000.0,10000.0,0.0,0.0,J,D,BAIXISSIMA,2.0,0.0
CNPJ_001472,0.0,0.0767,10,APROVADO,RGR_R04_DECIL4_10_APROVADO,APROVADO_AUTOMATICO_BAIXO_RISCO,Aprovacao Automatica: Risco dentro do apetite da seguradora.,0.0,False,10000.0,10000.0,0.0,0.0,H,J,BAIXISSIMA,18.0,0.0
CNPJ_001473,0.0,0.0753,10,RECUSADO,RGR_K02_EXCESSO_PROCESSOS_JUDICIAIS,K02_JUDICIAL_EXTREMO,Recusa Sumaria: Elevado passivo judicial (> 100 processos como requerido).,0.0,False,10000.0,0.0,0.0,0.0,H,J,BAIXISSIMA,123.0,1.0
CNPJ_001474,0.0,0.0785,9,APROVADO,RGR_R04_DECIL4_10_APROVADO,APROVADO_AUTOMATICO_BAIXO_RISCO,Aprovacao Automatica: Risco dentro do apetite da seguradora.,0.0,False,10000.0,10000.0,0.0,0.0,C,F,ALTA,0.0,0.0
CNPJ_001475,0.0,0.0486,10,APROVADO,RGR_R04_DECIL4_10_APROVADO,APROVADO_AUTOMATICO_BAIXO_RISCO,Aprovacao Automatica: Risco dentro do apetite da seguradora.,0.0,False,10000.0,10000.0,0.0,0.0,H,J,ALTA,32.0,0.0
CNPJ_001476,0.0,0.0777,9,APROVADO,RGR_R04_DECIL4_10_APROVADO,APROVADO_AUTOMATICO_BAIXO_RISCO,Aprovacao Automatica: Risco dentro do apetite da seguradora.,0.0,False,10000.0,10000.0,0.0,0.0,H,,MEDIA,0.0,
CNPJ_001477,0.0,0.0709,10,APROVADO,RGR_R04_DECIL4_10_APROVADO,APROVADO_AUTOMATICO_BAIXO_RISCO,Aprovacao Automatica: Risco dentro do apetite da seguradora.,0.0,False,10000.0,10000.0,0.0,0.0,,,,,
CNPJ_001478,0.0,0.0943,7,APROVADO,RGR_R04_DECIL4_10_APROVADO,APROVADO_AUTOMATICO_BAIXO_RISCO,Aprovacao Automatica: Risco dentro do apetite da seguradora.,0.0,False,10000.0,10000.0,0.0,0.0,G,B,ALTA,0.0,0.0
CNPJ_001479,0.0,0.0887,8,APROVADO,RGR_R04_DECIL4_10_APROVADO,APROVADO_AUTOMATICO_BAIXO_RISCO,Aprovacao Automatica: Risco dentro do apetite da seguradora.,0.0,False,10000.0,10000.0,0.0,0.0,N,D,ALTISSIMA,0.0,0.0
CNPJ_001480,0.0,0.1278,2,ACEITO_COM_CONDICAO,RGR_R03_DECIL2_3_CONDICIONAL,ACEITE_CONDICIONAL_DECIL_INTERMEDIARIO,Aceite Condicional Decil Intermediario (+7.5% premio).,7.5,False,10000.0,10750.0,750.0,0.0,G,D,ALTA,2.0,0.0
CNPJ_001481,0.0,0.086,8,APROVADO,RGR_R04_DECIL4_10_APROVADO,APROVADO_AUTOMATICO_BAIXO_RISCO,Aprovacao Automatica: Risco dentro do apetite da seguradora.,0.0,False,10000.0,10000.0,0.0,0.0,M,A,BAIXISSIMA,0.0,0.0
CNPJ_001482,0.0,0.1075,4,APROVADO,RGR_R04_DECIL4_10_APROVADO,APROVADO_AUTOMATICO_BAIXO_RISCO,Aprovacao Automatica: Risco dentro do apetite da seguradora.,0.0,False,10000.0,10000.0,0.0,0.0,S,C,ALTISSIMA,0.0,0.0
CNPJ_001483,0.0,0.0921,7,APROVADO,RGR_R04_DECIL4_10_APROVADO,APROVADO_AUTOMATICO_BAIXO_RISCO,Aprovacao Automatica: Risco dentro do apetite da seguradora.,0.0,False,10000.0,10000.0,0.0,0.0,G,D,ALTA,7.0,0.0
CNPJ_001484,0.0,0.1452,1,RECUSADO,RGR_K01_RISCO_LIDERANCA_AREA_CRITICA,K01_LIDERANCA_AREA_CRITICA,Recusa Sumaria: Risco de lideranca detectado em area de concentracao altissima de sinistro.,0.0,False,10000.0,0.0,0.0,0.0,C,J,ALTISSIMA,407.0,1.0
CNPJ_001485,0.0,0.098,6,APROVADO,RGR_R04_DECIL4_10_APROVADO,APROVADO_AUTOMATICO_BAIXO_RISCO,Aprovacao Automatica: Risco dentro do apetite da seguradora.,0.0,False,10000.0,10000.0,0.0,0.0,G,B,BAIXISSIMA,0.0,0.0
CNPJ_001486,0.0,0.0971,7,APROVADO,RGR_R04_DECIL4_10_APROVADO,APROVADO_AUTOMATICO_BAIXO_RISCO,Aprovacao Automatica: Risco dentro do apetite da seguradora.,0.0,False,10000.0,10000.0,0.0,0.0,K,F,ALTA,0.0,0.0
CNPJ_001487,0.0,0.1109,4,APROVADO,RGR_R04_DECIL4_10_APROVADO,APROVADO_AUTOMATICO_BAIXO_RISCO,Aprovacao Automatica: Risco dentro do apetite da seguradora.,0.0,False,10000.0,10000.0,0.0,0.0,C,D,BAIXISSIMA,3.0,0.0
CNPJ_001488,0.0,0.0574,10,APROVADO,RGR_R04_DECIL4_10_APROVADO,APROVADO_AUTOMATICO_BAIXO_RISCO,Aprovacao Automatica: Risco dentro do apetite da seguradora.,0.0,False,10000.0,10000.0,0.0,0.0,H,J,ALTISSIMA,16.0,0.0
CNPJ_001489,0.0,0.0786,9,APROVADO,RGR_R04_DECIL4_10_APROVADO,APROVADO_AUTOMATICO_BAIXO_RISCO,Aprovacao Automatica: Risco dentro do apetite da seguradora.,0.0,False,10000.0,10000.0,0.0,0.0,G,I,BAIXISSIMA,38.0,1.0
CNPJ_001490,0.0,0.0926,7,APROVADO,RGR_R04_DECIL4_10_APROVADO,APROVADO_AUTOMATICO_BAIXO_RISCO,Aprovacao Automatica: Risco dentro do apetite da seguradora.,0.0,False,10000.0,10000.0,0.0,0.0,M,E,ALTISSIMA,0.0,0.0
CNPJ_001491,0.0,0.1011,6,APROVADO,RGR_R04_DECIL4_10_APROVADO,APROVADO_AUTOMATICO_BAIXO_RISCO,Aprovacao Automatica: Risco dentro do apetite da seguradora.,0.0,False,10000.0,10000.0,0.0,0.0,H,G,ALTA,5.0,0.0
CNPJ_001492,0.0,0.0837,9,APROVADO,RGR_R04_DECIL4_10_APROVADO,APROVADO_AUTOMATICO_BAIXO_RISCO,Aprovacao Automatica: Risco dentro do apetite da seguradora.,0.0,False,10000.0,10000.0,0.0,0.0,C,I,BAIXISSIMA,7.0,0.0
CNPJ_001493,0.0,0.1172,3,ACEITO_COM_CONDICAO,RGR_R03_DECIL2_3_CONDICIONAL,ACEITE_CONDICIONAL_DECIL_INTERMEDIARIO,Aceite Condicional Decil Intermediario (+7.5% premio).,7.5,False,10000.0,10750.0,750.0,0.0,C,E,BAIXISSIMA,1.0,0.0
CNPJ_001494,0.0,0.081,9,RECUSADO,RGR_K01_RISCO_LIDERANCA_AREA_CRITICA,K01_LIDERANCA_AREA_CRITICA,Recusa Sumaria: Risco de lideranca detectado em area de concentracao altissima de sinistro.,0.0,False,10000.0,0.0,0.0,0.0,H,D,ALTISSIMA,0.0,1.0
CNPJ_001495,0.0,0.0911,8,APROVADO,RGR_R04_DECIL4_10_APROVADO,APROVADO_AUTOMATICO_BAIXO_RISCO,Aprovacao Automatica: Risco dentro do apetite da seguradora.,0.0,False,10000.0,10000.0,0.0,0.0,N,D,ALTA,0.0,0.0
CNPJ_001496,0.0,0.1062,5,APROVADO,RGR_R04_DECIL4_10_APROVADO,APROVADO_AUTOMATICO_BAIXO_RISCO,Aprovacao Automatica: Risco dentro do apetite da seguradora.,0.0,False,10000.0,10000.0,0.0,0.0,N,C,BAIXISSIMA,0.0,0.0
CNPJ_001497,0.0,0.1223,2,ACEITO_COM_CONDICAO,RGR_R03_DECIL2_3_CONDICIONAL,ACEITE_CONDICIONAL_DECIL_INTERMEDIARIO,Aceite Condicional Decil Intermediario (+7.5% premio).,7.5,False,10000.0,10750.0,750.0,0.0,G,D,BAIXISSIMA,0.0,0.0
CNPJ_001498,0.0,0.0999,6,APROVADO,RGR_R04_DECIL4_10_APROVADO,APROVADO_AUTOMATICO_BAIXO_RISCO,Aprovacao Automatica: Risco dentro do apetite da seguradora.,0.0,False,10000.0,10000.0,0.0,0.0,F,G,ALTISSIMA,11.0,0.0
CNPJ_001499,0.0,0.1035,5,APROVADO,RGR_R04_DECIL4_10_APROVADO,APROVADO_AUTOMATICO_BAIXO_RISCO,Aprovacao Automatica: Risco dentro do apetite da seguradora.,0.0,False,10000.0,10000.0,0.0,0.0,C,E,BAIXISSIMA,0.0,0.0
CNPJ_001500,0.0,0.2858,1,RECUSADO,RGR_R02_DECIL1_RECUSA_PADRAO,DECIL1_ALTO_RISCO_SEM_MITIGACAO,Recusa por Decil 1 de Risco sem criterios para resgate comercial.,0.0,False,10000.0,0.0,0.0,0.0,H,,ALTA,0.0,0.0
CNPJ_001501,0.0,0.1341,2,ACEITO_COM_CONDICAO,RGR_R03_DECIL2_3_CONDICIONAL,ACEITE_CONDICIONAL_DECIL_INTERMEDIARIO,Aceite Condicional Decil Intermediario (+7.5% premio).,7.5,False,10000.0,10750.0,750.0,0.0,G,I,ALTA,15.0,0.0
CNPJ_001502,0.0,0.0849,9,APROVADO,RGR_R04_DECIL4_10_APROVADO,APROVADO_AUTOMATICO_BAIXO_RISCO,Aprovacao Automatica: Risco dentro do apetite da seguradora.,0.0,False,10000.0,10000.0,0.0,0.0,F,,BAIXISSIMA,0.0,0.0
CNPJ_001503,0.0,0.0961,7,APROVADO,RGR_R04_DECIL4_10_APROVADO,APROVADO_AUTOMATICO_BAIXO_RISCO,Aprovacao Automatica: Risco dentro do apetite da seguradora.,0.0,False,10000.0,10000.0,0.0,0.0,G,D,ALTISSIMA,1.0,0.0
CNPJ_001504,0.0,0.1099,4,APROVADO,RGR_R04_DECIL4_10_APROVADO,APROVADO_AUTOMATICO_BAIXO_RISCO,Aprovacao Automatica: Risco dentro do apetite da seguradora.,0.0,False,10000.0,10000.0,0.0,0.0,C,F,BAIXISSIMA,0.0,0.0
CNPJ_001505,0.0,0.1036,5,APROVADO,RGR_R04_DECIL4_10_APROVADO,APROVADO_AUTOMATICO_BAIXO_RISCO,Aprovacao Automatica: Risco dentro do apetite da seguradora.,0.0,False,10000.0,10000.0,0.0,0.0,C,D,ALTA,0.0,0.0
CNPJ_001506,0.0,0.0757,10,APROVADO,RGR_R04_DECIL4_10_APROVADO,APROVADO_AUTOMATICO_BAIXO_RISCO,Aprovacao Automatica: Risco dentro do apetite da seguradora.,0.0,False,10000.0,10000.0,0.0,0.0,H,G,ALTISSIMA,4.0,0.0
CNPJ_001507,0.0,0.0806,9,APROVADO,RGR_R04_DECIL4_10_APROVADO,APROVADO_AUTOMATICO_BAIXO_RISCO,Aprovacao Automatica: Risco dentro do apetite da seguradora.,0.0,False,10000.0,10000.0,0.0,0.0,B,F,ALTA,3.0,0.0
CNPJ_001508,0.0,0.0875,8,APROVADO,RGR_R04_DECIL4_10_APROVADO,APROVADO_AUTOMATICO_BAIXO_RISCO,Aprovacao Automatica: Risco dentro do apetite da seguradora.,0.0,False,10000.0,10000.0,0.0,0.0,G,,ALTA,0.0,0.0
CNPJ_001509,0.0,0.1773,1,RECUSADO,RGR_R02_DECIL1_RECUSA_PADRAO,DECIL1_ALTO_RISCO_SEM_MITIGACAO,Recusa por Decil 1 de Risco sem criterios para resgate comercial.,0.0,False,10000.0,0.0,0.0,0.0,I,F,ALTA,0.0,0.0
CNPJ_001510,0.0,0.1158,3,ACEITO_COM_CONDICAO,RGR_R03_DECIL2_3_CONDICIONAL,ACEITE_CONDICIONAL_DECIL_INTERMEDIARIO,Aceite Condicional Decil Intermediario (+7.5% premio).,7.5,False,10000.0,10750.0,750.0,0.0,C,F,BAIXISSIMA,0.0,0.0
CNPJ_001511,0.0,0.0939,7,RECUSADO,RGR_K01_RISCO_LIDERANCA_AREA_CRITICA,K01_LIDERANCA_AREA_CRITICA,Recusa Sumaria: Risco de lideranca detectado em area de concentracao altissima de sinistro.,0.0,False,10000.0,0.0,0.0,0.0,M,,ALTISSIMA,1.0,1.0
CNPJ_001512,0.0,0.0844,9,APROVADO,RGR_R04_DECIL4_10_APROVADO,APROVADO_AUTOMATICO_BAIXO_RISCO,Aprovacao Automatica: Risco dentro do apetite da seguradora.,0.0,False,10000.0,10000.0,0.0,0.0,G,G,ALTISSIMA,2.0,0.0
CNPJ_001513,0.0,0.0971,7,APROVADO,RGR_R04_DECIL4_10_APROVADO,APROVADO_AUTOMATICO_BAIXO_RISCO,Aprovacao Automatica: Risco dentro do apetite da seguradora.,0.0,False,10000.0,10000.0,0.0,0.0,G,G,BAIXISSIMA,0.0,0.0
CNPJ_001514,0.0,0.2668,1,ACEITO_COM_CONDICAO,RGR_R01_DECIL1_RESGATE_COM_RASTREADOR,RECUPERACAO_COMERCIAL_D1,"Aceite Condicional Decil 1: Perfil de score alto risco, porem mitigado por baixo passivo judicial e geografia favoravel.",15.0,True,10000.0,11500.0,1500.0,0.0,H,B,MEDIA,0.0,0.0
CNPJ_001515,0.0,0.227,1,ACEITO_COM_CONDICAO,RGR_R01_DECIL1_RESGATE_COM_RASTREADOR,RECUPERACAO_COMERCIAL_D1,"Aceite Condicional Decil 1: Perfil de score alto risco, porem mitigado por baixo passivo judicial e geografia favoravel.",15.0,True,10000.0,11500.0,1500.0,0.0,H,E,BAIXISSIMA,1.0,0.0
CNPJ_001516,0.0,0.1071,5,APROVADO,RGR_R04_DECIL4_10_APROVADO,APROVADO_AUTOMATICO_BAIXO_RISCO,Aprovacao Automatica: Risco dentro do apetite da seguradora.,0.0,False,10000.0,10000.0,0.0,0.0,R,F,ALTISSIMA,1.0,0.0
CNPJ_001517,0.0,0.0806,9,APROVADO,RGR_R04_DECIL4_10_APROVADO,APROVADO_AUTOMATICO_BAIXO_RISCO,Aprovacao Automatica: Risco dentro do apetite da seguradora.,0.0,False,10000.0,10000.0,0.0,0.0,M,F,ALTISSIMA,0.0,0.0
CNPJ_001518,0.0,0.0778,9,APROVADO,RGR_R04_DECIL4_10_APROVADO,APROVADO_AUTOMATICO_BAIXO_RISCO,Aprovacao Automatica: Risco dentro do apetite da seguradora.,0.0,False,10000.0,10000.0,0.0,0.0,H,C,BAIXISSIMA,1.0,0.0
CNPJ_001519,0.0,0.0572,10,APROVADO,RGR_R04_DECIL4_10_APROVADO,APROVADO_AUTOMATICO_BAIXO_RISCO,Aprovacao Automatica: Risco dentro do apetite da seguradora.,0.0,False,10000.0,10000.0,0.0,0.0,H,E,ALTISSIMA,1.0,0.0
CNPJ_001520,0.0,0.0901,8,APROVADO,RGR_R04_DECIL4_10_APROVADO,APROVADO_AUTOMATICO_BAIXO_RISCO,Aprovacao Automatica: Risco dentro do apetite da seguradora.,0.0,False,10000.0,10000.0,0.0,0.0,G,G,BAIXISSIMA,3.0,1.0
CNPJ_001521,0.0,0.1123,4,APROVADO,RGR_R04_DECIL4_10_APROVADO,APROVADO_AUTOMATICO_BAIXO_RISCO,Aprovacao Automatica: Risco dentro do apetite da seguradora.,0.0,False,10000.0,10000.0,0.0,0.0,G,E,ALTISSIMA,0.0,0.0
CNPJ_001522,0.0,0.0903,8,RECUSADO,RGR_K01_RISCO_LIDERANCA_AREA_CRITICA,K01_LIDERANCA_AREA_CRITICA,Recusa Sumaria: Risco de lideranca detectado em area de concentracao altissima de sinistro.,0.0,False,10000.0,0.0,0.0,0.0,G,,ALTISSIMA,0.0,1.0
CNPJ_001523,0.0,0.1228,2,ACEITO_COM_CONDICAO,RGR_R03_DECIL2_3_CONDICIONAL,ACEITE_CONDICIONAL_DECIL_INTERMEDIARIO,Aceite Condicional Decil Intermediario (+7.5% premio).,7.5,False,10000.0,10750.0,750.0,0.0,K,D,ALTISSIMA,15.0,0.0
CNPJ_001524,0.0,0.0912,8,APROVADO,RGR_R04_DECIL4_10_APROVADO,APROVADO_AUTOMATICO_BAIXO_RISCO,Aprovacao Automatica: Risco dentro do apetite da seguradora.,0.0,False,10000.0,10000.0,0.0,0.0,M,,ALTISSIMA,0.0,0.0
CNPJ_001525,0.0,0.1347,2,ACEITO_COM_CONDICAO,RGR_R03_DECIL2_3_CONDICIONAL,ACEITE_CONDICIONAL_DECIL_INTERMEDIARIO,Aceite Condicional Decil Intermediario (+7.5% premio).,7.5,False,10000.0,10750.0,750.0,0.0,C,G,ALTA,0.0,0.0
CNPJ_001526,0.0,0.0947,7,APROVADO,RGR_R04_DECIL4_10_APROVADO,APROVADO_AUTOMATICO_BAIXO_RISCO,Aprovacao Automatica: Risco dentro do apetite da seguradora.,0.0,False,10000.0,10000.0,0.0,0.0,C,,ALTISSIMA,0.0,0.0
CNPJ_001527,0.0,0.0589,10,APROVADO,RGR_R04_DECIL4_10_APROVADO,APROVADO_AUTOMATICO_BAIXO_RISCO,Aprovacao Automatica: Risco dentro do apetite da seguradora.,0.0,False,10000.0,10000.0,0.0,0.0,H,J,ALTA,32.0,0.0
CNPJ_001528,0.0,0.1529,1,RECUSADO,RGR_R02_DECIL1_RECUSA_PADRAO,DECIL1_ALTO_RISCO_SEM_MITIGACAO,Recusa por Decil 1 de Risco sem criterios para resgate comercial.,0.0,False,10000.0,0.0,0.0,0.0,F,B,ALTA,0.0,0.0
CNPJ_001529,0.0,0.1967,1,RECUSADO,RGR_R02_DECIL1_RECUSA_PADRAO,DECIL1_ALTO_RISCO_SEM_MITIGACAO,Recusa por Decil 1 de Risco sem criterios para resgate comercial.,0.0,False,10000.0,0.0,0.0,0.0,H,G,ALTISSIMA,4.0,0.0
CNPJ_001530,0.0,0.2329,1,RECUSADO,RGR_R02_DECIL1_RECUSA_PADRAO,DECIL1_ALTO_RISCO_SEM_MITIGACAO,Recusa por Decil 1 de Risco sem criterios para resgate comercial.,0.0,False,10000.0,0.0,0.0,0.0,G,A,ALTA,0.0,0.0
CNPJ_001531,0.0,0.1004,6,APROVADO,RGR_R04_DECIL4_10_APROVADO,APROVADO_AUTOMATICO_BAIXO_RISCO,Aprovacao Automatica: Risco dentro do apetite da seguradora.,0.0,False,10000.0,10000.0,0.0,0.0,E,G,BAIXISSIMA,0.0,0.0
CNPJ_001532,0.0,0.0874,8,APROVADO,RGR_R04_DECIL4_10_APROVADO,APROVADO_AUTOMATICO_BAIXO_RISCO,Aprovacao Automatica: Risco dentro do apetite da seguradora.,0.0,False,10000.0,10000.0,0.0,0.0,F,A,BAIXISSIMA,0.0,0.0
CNPJ_001533,0.0,0.0839,9,APROVADO,RGR_R04_DECIL4_10_APROVADO,APROVADO_AUTOMATICO_BAIXO_RISCO,Aprovacao Automatica: Risco dentro do apetite da seguradora.,0.0,False,10000.0,10000.0,0.0,0.0,A,,ALTA,0.0,1.0
CNPJ_001534,0.0,0.1341,2,ACEITO_COM_CONDICAO,RGR_R03_DECIL2_3_CONDICIONAL,ACEITE_CONDICIONAL_DECIL_INTERMEDIARIO,Aceite Condicional Decil Intermediario (+7.5% premio).,7.5,False,10000.0,10750.0,750.0,0.0,C,,ALTISSIMA,0.0,0.0
CNPJ_001535,0.0,0.1192,3,ACEITO_COM_CONDICAO,RGR_R03_DECIL2_3_CONDICIONAL,ACEITE_CONDICIONAL_DECIL_INTERMEDIARIO,Aceite Condicional Decil Intermediario (+7.5% premio).,7.5,False,10000.0,10750.0,750.0,0.0,C,H,ALTA,2.0,0.0
CNPJ_001536,0.0,0.0907,8,APROVADO,RGR_R04_DECIL4_10_APROVADO,APROVADO_AUTOMATICO_BAIXO_RISCO,Aprovacao Automatica: Risco dentro do apetite da seguradora.,0.0,False,10000.0,10000.0,0.0,0.0,M,J,ALTISSIMA,30.0,0.0
CNPJ_001537,0.0,0.0697,10,APROVADO,RGR_R04_DECIL4_10_APROVADO,APROVADO_AUTOMATICO_BAIXO_RISCO,Aprovacao Automatica: Risco dentro do apetite da seguradora.,0.0,False,10000.0,10000.0,0.0,0.0,H,J,BAIXISSIMA,56.0,0.0
CNPJ_001538,0.0,0.0875,8,APROVADO,RGR_R04_DECIL4_10_APROVADO,APROVADO_AUTOMATICO_BAIXO_RISCO,Aprovacao Automatica: Risco dentro do apetite da seguradora.,0.0,False,10000.0,10000.0,0.0,0.0,S,EMPRESA_ISENTA,ALTISSIMA,46.0,0.0
CNPJ_001539,0.0,0.0713,10,APROVADO,RGR_R04_DECIL4_10_APROVADO,APROVADO_AUTOMATICO_BAIXO_RISCO,Aprovacao Automatica: Risco dentro do apetite da seguradora.,0.0,False,10000.0,10000.0,0.0,0.0,G,I,BAIXISSIMA,38.0,1.0
CNPJ_001540,0.0,0.1964,1,RECUSADO,RGR_K02_EXCESSO_PROCESSOS_JUDICIAIS,K02_JUDICIAL_EXTREMO,Recusa Sumaria: Elevado passivo judicial (> 100 processos como requerido).,0.0,False,10000.0,0.0,0.0,0.0,C,J,ALTISSIMA,142.0,0.0
CNPJ_001541,0.0,0.1186,3,ACEITO_COM_CONDICAO,RGR_R03_DECIL2_3_CONDICIONAL,ACEITE_CONDICIONAL_DECIL_INTERMEDIARIO,Aceite Condicional Decil Intermediario (+7.5% premio).,7.5,False,10000.0,10750.0,750.0,0.0,C,D,ALTA,0.0,0.0
CNPJ_001542,0.0,0.1133,4,APROVADO,RGR_R04_DECIL4_10_APROVADO,APROVADO_AUTOMATICO_BAIXO_RISCO,Aprovacao Automatica: Risco dentro do apetite da seguradora.,0.0,False,10000.0,10000.0,0.0,0.0,G,E,BAIXISSIMA,4.0,1.0
CNPJ_001543,0.0,0.0591,10,APROVADO,RGR_R04_DECIL4_10_APROVADO,APROVADO_AUTOMATICO_BAIXO_RISCO,Aprovacao Automatica: Risco dentro do apetite da seguradora.,0.0,False,10000.0,10000.0,0.0,0.0,H,G,ALTA,6.0,0.0
CNPJ_001544,0.0,0.103,5,APROVADO,RGR_R04_DECIL4_10_APROVADO,APROVADO_AUTOMATICO_BAIXO_RISCO,Aprovacao Automatica: Risco dentro do apetite da seguradora.,0.0,False,10000.0,10000.0,0.0,0.0,G,F,BAIXISSIMA,0.0,0.0
CNPJ_001545,0.0,0.1033,5,APROVADO,RGR_R04_DECIL4_10_APROVADO,APROVADO_AUTOMATICO_BAIXO_RISCO,Aprovacao Automatica: Risco dentro do apetite da seguradora.,0.0,False,10000.0,10000.0,0.0,0.0,H,A,BAIXISSIMA,0.0,0.0
CNPJ_001546,0.0,0.1267,2,ACEITO_COM_CONDICAO,RGR_R03_DECIL2_3_CONDICIONAL,ACEITE_CONDICIONAL_DECIL_INTERMEDIARIO,Aceite Condicional Decil Intermediario (+7.5% premio).,7.5,False,10000.0,10750.0,750.0,0.0,A,,ALTA,0.0,1.0
CNPJ_001547,0.0,0.0978,6,APROVADO,RGR_R04_DECIL4_10_APROVADO,APROVADO_AUTOMATICO_BAIXO_RISCO,Aprovacao Automatica: Risco dentro do apetite da seguradora.,0.0,False,10000.0,10000.0,0.0,0.0,G,F,ALTA,1.0,0.0
CNPJ_001548,0.0,0.0937,7,APROVADO,RGR_R04_DECIL4_10_APROVADO,APROVADO_AUTOMATICO_BAIXO_RISCO,Aprovacao Automatica: Risco dentro do apetite da seguradora.,0.0,False,10000.0,10000.0,0.0,0.0,G,E,BAIXISSIMA,0.0,0.0
CNPJ_001549,0.0,0.1219,2,ACEITO_COM_CONDICAO,RGR_R03_DECIL2_3_CONDICIONAL,ACEITE_CONDICIONAL_DECIL_INTERMEDIARIO,Aceite Condicional Decil Intermediario (+7.5% premio).,7.5,False,10000.0,10750.0,750.0,0.0,C,F,ALTISSIMA,0.0,0.0
CNPJ_001550,0.0,0.0486,10,APROVADO,RGR_R04_DECIL4_10_APROVADO,APROVADO_AUTOMATICO_BAIXO_RISCO,Aprovacao Automatica: Risco dentro do apetite da seguradora.,0.0,False,10000.0,10000.0,0.0,0.0,H,J,ALTA,32.0,0.0
CNPJ_001551,0.0,0.0852,9,APROVADO,RGR_R04_DECIL4_10_APROVADO,APROVADO_AUTOMATICO_BAIXO_RISCO,Aprovacao Automatica: Risco dentro do apetite da seguradora.,0.0,False,10000.0,10000.0,0.0,0.0,N,F,ALTISSIMA,1.0,0.0
CNPJ_001552,0.0,0.0849,9,APROVADO,RGR_R04_DECIL4_10_APROVADO,APROVADO_AUTOMATICO_BAIXO_RISCO,Aprovacao Automatica: Risco dentro do apetite da seguradora.,0.0,False,10000.0,10000.0,0.0,0.0,H,,ALTA,0.0,0.0
CNPJ_001553,0.0,0.1196,3,RECUSADO,RGR_K01_RISCO_LIDERANCA_AREA_CRITICA,K01_LIDERANCA_AREA_CRITICA,Recusa Sumaria: Risco de lideranca detectado em area de concentracao altissima de sinistro.,0.0,False,10000.0,0.0,0.0,0.0,S,EMPRESA_ISENTA,ALTISSIMA,0.0,1.0
CNPJ_001554,0.0,0.1223,2,ACEITO_COM_CONDICAO,RGR_R03_DECIL2_3_CONDICIONAL,ACEITE_CONDICIONAL_DECIL_INTERMEDIARIO,Aceite Condicional Decil Intermediario (+7.5% premio).,7.5,False,10000.0,10750.0,750.0,0.0,C,F,ALTISSIMA,3.0,0.0
CNPJ_001555,0.0,0.098,6,RECUSADO,RGR_K02_EXCESSO_PROCESSOS_JUDICIAIS,K02_JUDICIAL_EXTREMO,Recusa Sumaria: Elevado passivo judicial (> 100 processos como requerido).,0.0,False,10000.0,0.0,0.0,0.0,G,J,ALTA,623.0,0.0
CNPJ_001556,0.0,0.117,3,ACEITO_COM_CONDICAO,RGR_R03_DECIL2_3_CONDICIONAL,ACEITE_CONDICIONAL_DECIL_INTERMEDIARIO,Aceite Condicional Decil Intermediario (+7.5% premio).,7.5,False,10000.0,10750.0,750.0,0.0,C,,,0.0,0.0
CNPJ_001557,0.0,0.1227,2,ACEITO_COM_CONDICAO,RGR_R03_DECIL2_3_CONDICIONAL,ACEITE_CONDICIONAL_DECIL_INTERMEDIARIO,Aceite Condicional Decil Intermediario (+7.5% premio).,7.5,False,10000.0,10750.0,750.0,0.0,I,,ALTA,0.0,0.0
CNPJ_001558,0.0,0.1176,3,ACEITO_COM_CONDICAO,RGR_R03_DECIL2_3_CONDICIONAL,ACEITE_CONDICIONAL_DECIL_INTERMEDIARIO,Aceite Condicional Decil Intermediario (+7.5% premio).,7.5,False,10000.0,10750.0,750.0,0.0,C,H,BAIXISSIMA,1.0,0.0
CNPJ_001559,0.0,0.1182,3,ACEITO_COM_CONDICAO,RGR_R03_DECIL2_3_CONDICIONAL,ACEITE_CONDICIONAL_DECIL_INTERMEDIARIO,Aceite Condicional Decil Intermediario (+7.5% premio).,7.5,False,10000.0,10750.0,750.0,0.0,G,,ALTA,0.0,1.0
CNPJ_001560,0.0,0.0893,8,APROVADO,RGR_R04_DECIL4_10_APROVADO,APROVADO_AUTOMATICO_BAIXO_RISCO,Aprovacao Automatica: Risco dentro do apetite da seguradora.,0.0,False,10000.0,10000.0,0.0,0.0,G,H,BAIXISSIMA,2.0,0.0
CNPJ_001561,0.0,0.1074,5,APROVADO,RGR_R04_DECIL4_10_APROVADO,APROVADO_AUTOMATICO_BAIXO_RISCO,Aprovacao Automatica: Risco dentro do apetite da seguradora.,0.0,False,10000.0,10000.0,0.0,0.0,C,J,ALTA,0.0,0.0
CNPJ_001562,0.0,0.1189,3,ACEITO_COM_CONDICAO,RGR_R03_DECIL2_3_CONDICIONAL,ACEITE_CONDICIONAL_DECIL_INTERMEDIARIO,Aceite Condicional Decil Intermediario (+7.5% premio).,7.5,False,10000.0,10750.0,750.0,0.0,G,F,BAIXISSIMA,1.0,
CNPJ_001563,0.0,0.0968,7,APROVADO,RGR_R04_DECIL4_10_APROVADO,APROVADO_AUTOMATICO_BAIXO_RISCO,Aprovacao Automatica: Risco dentro do apetite da seguradora.,0.0,False,10000.0,10000.0,0.0,0.0,N,C,ALTA,0.0,0.0
CNPJ_001564,0.0,0.1014,6,APROVADO,RGR_R04_DECIL4_10_APROVADO,APROVADO_AUTOMATICO_BAIXO_RISCO,Aprovacao Automatica: Risco dentro do apetite da seguradora.,0.0,False,10000.0,10000.0,0.0,0.0,G,E,ALTISSIMA,0.0,0.0
CNPJ_001565,0.0,0.0955,7,APROVADO,RGR_R04_DECIL4_10_APROVADO,APROVADO_AUTOMATICO_BAIXO_RISCO,Aprovacao Automatica: Risco dentro do apetite da seguradora.,0.0,False,10000.0,10000.0,0.0,0.0,F,C,ALTA,0.0,0.0
CNPJ_001566,0.0,0.1176,3,ACEITO_COM_CONDICAO,RGR_R03_DECIL2_3_CONDICIONAL,ACEITE_CONDICIONAL_DECIL_INTERMEDIARIO,Aceite Condicional Decil Intermediario (+7.5% premio).,7.5,False,10000.0,10750.0,750.0,0.0,G,H,ALTA,0.0,0.0
CNPJ_001567,0.0,0.085,9,APROVADO,RGR_R04_DECIL4_10_APROVADO,APROVADO_AUTOMATICO_BAIXO_RISCO,Aprovacao Automatica: Risco dentro do apetite da seguradora.,0.0,False,10000.0,10000.0,0.0,0.0,G,E,ALTISSIMA,0.0,0.0
CNPJ_001568,0.0,0.0711,10,RECUSADO,RGR_K02_EXCESSO_PROCESSOS_JUDICIAIS,K02_JUDICIAL_EXTREMO,Recusa Sumaria: Elevado passivo judicial (> 100 processos como requerido).,0.0,False,10000.0,0.0,0.0,0.0,N,J,ALTISSIMA,510.0,0.0
CNPJ_001569,0.0,0.1117,4,APROVADO,RGR_R04_DECIL4_10_APROVADO,APROVADO_AUTOMATICO_BAIXO_RISCO,Aprovacao Automatica: Risco dentro do apetite da seguradora.,0.0,False,10000.0,10000.0,0.0,0.0,C,D,ALTA,4.0,0.0
CNPJ_001570,0.0,0.1267,2,ACEITO_COM_CONDICAO,RGR_R03_DECIL2_3_CONDICIONAL,ACEITE_CONDICIONAL_DECIL_INTERMEDIARIO,Aceite Condicional Decil Intermediario (+7.5% premio).,7.5,False,10000.0,10750.0,750.0,0.0,G,E,ALTA,1.0,1.0
CNPJ_001571,0.0,0.1156,3,ACEITO_COM_CONDICAO,RGR_R03_DECIL2_3_CONDICIONAL,ACEITE_CONDICIONAL_DECIL_INTERMEDIARIO,Aceite Condicional Decil Intermediario (+7.5% premio).,7.5,False,10000.0,10750.0,750.0,0.0,F,F,ALTA,0.0,0.0
CNPJ_001572,0.0,0.1029,5,APROVADO,RGR_R04_DECIL4_10_APROVADO,APROVADO_AUTOMATICO_BAIXO_RISCO,Aprovacao Automatica: Risco dentro do apetite da seguradora.,0.0,False,10000.0,10000.0,0.0,0.0,C,E,MEDIA,0.0,1.0
CNPJ_001573,0.0,0.1472,1,ACEITO_COM_CONDICAO,RGR_R01_DECIL1_RESGATE_COM_RASTREADOR,RECUPERACAO_COMERCIAL_D1,"Aceite Condicional Decil 1: Perfil de score alto risco, porem mitigado por baixo passivo judicial e geografia favoravel.",15.0,True,10000.0,11500.0,1500.0,0.0,S,EMPRESA_ISENTA,BAIXISSIMA,0.0,0.0
CNPJ_001574,0.0,0.127,2,ACEITO_COM_CONDICAO,RGR_R03_DECIL2_3_CONDICIONAL,ACEITE_CONDICIONAL_DECIL_INTERMEDIARIO,Aceite Condicional Decil Intermediario (+7.5% premio).,7.5,False,10000.0,10750.0,750.0,0.0,M,H,ALTISSIMA,53.0,0.0
CNPJ_001575,0.0,0.0633,10,APROVADO,RGR_R04_DECIL4_10_APROVADO,APROVADO_AUTOMATICO_BAIXO_RISCO,Aprovacao Automatica: Risco dentro do apetite da seguradora.,0.0,False,10000.0,10000.0,0.0,0.0,H,D,BAIXISSIMA,6.0,1.0
CNPJ_001576,0.0,0.0839,9,APROVADO,RGR_R04_DECIL4_10_APROVADO,APROVADO_AUTOMATICO_BAIXO_RISCO,Aprovacao Automatica: Risco dentro do apetite da seguradora.,0.0,False,10000.0,10000.0,0.0,0.0,G,G,ALTA,5.0,1.0
CNPJ_001577,0.0,0.1054,5,APROVADO,RGR_R04_DECIL4_10_APROVADO,APROVADO_AUTOMATICO_BAIXO_RISCO,Aprovacao Automatica: Risco dentro do apetite da seguradora.,0.0,False,10000.0,10000.0,0.0,0.0,C,J,ALTISSIMA,18.0,0.0
CNPJ_001578,0.0,0.1056,5,APROVADO,RGR_R04_DECIL4_10_APROVADO,APROVADO_AUTOMATICO_BAIXO_RISCO,Aprovacao Automatica: Risco dentro do apetite da seguradora.,0.0,False,10000.0,10000.0,0.0,0.0,G,H,MEDIA,3.0,0.0
CNPJ_001579,0.0,0.0977,6,APROVADO,RGR_R04_DECIL4_10_APROVADO,APROVADO_AUTOMATICO_BAIXO_RISCO,Aprovacao Automatica: Risco dentro do apetite da seguradora.,0.0,False,10000.0,10000.0,0.0,0.0,S,C,ALTA,1.0,0.0
CNPJ_001580,0.0,0.1006,6,APROVADO,RGR_R04_DECIL4_10_APROVADO,APROVADO_AUTOMATICO_BAIXO_RISCO,Aprovacao Automatica: Risco dentro do apetite da seguradora.,0.0,False,10000.0,10000.0,0.0,0.0,N,D,BAIXISSIMA,0.0,0.0
CNPJ_001581,0.0,0.0812,9,APROVADO,RGR_R04_DECIL4_10_APROVADO,APROVADO_AUTOMATICO_BAIXO_RISCO,Aprovacao Automatica: Risco dentro do apetite da seguradora.,0.0,False,10000.0,10000.0,0.0,0.0,C,J,BAIXISSIMA,26.0,0.0
CNPJ_001582,0.0,0.0882,8,APROVADO,RGR_R04_DECIL4_10_APROVADO,APROVADO_AUTOMATICO_BAIXO_RISCO,Aprovacao Automatica: Risco dentro do apetite da seguradora.,0.0,False,10000.0,10000.0,0.0,0.0,N,D,ALTISSIMA,0.0,0.0
CNPJ_001583,0.0,0.1098,4,APROVADO,RGR_R04_DECIL4_10_APROVADO,APROVADO_AUTOMATICO_BAIXO_RISCO,Aprovacao Automatica: Risco dentro do apetite da seguradora.,0.0,False,10000.0,10000.0,0.0,0.0,H,A,ALTA,1.0,1.0
CNPJ_001584,0.0,0.0842,9,APROVADO,RGR_R04_DECIL4_10_APROVADO,APROVADO_AUTOMATICO_BAIXO_RISCO,Aprovacao Automatica: Risco dentro do apetite da seguradora.,0.0,False,10000.0,10000.0,0.0,0.0,K,D,ALTA,0.0,0.0
CNPJ_001585,0.0,0.107,5,APROVADO,RGR_R04_DECIL4_10_APROVADO,APROVADO_AUTOMATICO_BAIXO_RISCO,Aprovacao Automatica: Risco dentro do apetite da seguradora.,0.0,False,10000.0,10000.0,0.0,0.0,C,J,ALTA,0.0,0.0
CNPJ_001586,0.0,0.2621,1,RECUSADO,RGR_R02_DECIL1_RECUSA_PADRAO,DECIL1_ALTO_RISCO_SEM_MITIGACAO,Recusa por Decil 1 de Risco sem criterios para resgate comercial.,0.0,False,10000.0,0.0,0.0,0.0,H,H,,9.0,0.0
CNPJ_001587,0.0,0.0968,7,APROVADO,RGR_R04_DECIL4_10_APROVADO,APROVADO_AUTOMATICO_BAIXO_RISCO,Aprovacao Automatica: Risco dentro do apetite da seguradora.,0.0,False,10000.0,10000.0,0.0,0.0,F,H,ALTISSIMA,7.0,0.0
CNPJ_001588,0.0,0.1069,5,APROVADO,RGR_R04_DECIL4_10_APROVADO,APROVADO_AUTOMATICO_BAIXO_RISCO,Aprovacao Automatica: Risco dentro do apetite da seguradora.,0.0,False,10000.0,10000.0,0.0,0.0,G,F,BAIXISSIMA,2.0,0.0
CNPJ_001589,0.0,0.1044,5,APROVADO,RGR_R04_DECIL4_10_APROVADO,APROVADO_AUTOMATICO_BAIXO_RISCO,Aprovacao Automatica: Risco dentro do apetite da seguradora.,0.0,False,10000.0,10000.0,0.0,0.0,C,E,ALTA,0.0,0.0
CNPJ_001590,0.0,0.088,8,APROVADO,RGR_R04_DECIL4_10_APROVADO,APROVADO_AUTOMATICO_BAIXO_RISCO,Aprovacao Automatica: Risco dentro do apetite da seguradora.,0.0,False,10000.0,10000.0,0.0,0.0,G,I,ALTA,50.0,1.0
CNPJ_001591,0.0,0.0928,7,APROVADO,RGR_R04_DECIL4_10_APROVADO,APROVADO_AUTOMATICO_BAIXO_RISCO,Aprovacao Automatica: Risco dentro do apetite da seguradora.,0.0,False,10000.0,10000.0,0.0,0.0,N,G,BAIXISSIMA,2.0,0.0
CNPJ_001592,0.0,0.0653,10,APROVADO,RGR_R04_DECIL4_10_APROVADO,APROVADO_AUTOMATICO_BAIXO_RISCO,Aprovacao Automatica: Risco dentro do apetite da seguradora.,0.0,False,10000.0,10000.0,0.0,0.0,H,A,MEDIA,0.0,0.0
CNPJ_001593,0.0,0.1121,4,APROVADO,RGR_R04_DECIL4_10_APROVADO,APROVADO_AUTOMATICO_BAIXO_RISCO,Aprovacao Automatica: Risco dentro do apetite da seguradora.,0.0,False,10000.0,10000.0,0.0,0.0,C,H,ALTA,5.0,0.0
CNPJ_001594,0.0,0.1024,5,APROVADO,RGR_R04_DECIL4_10_APROVADO,APROVADO_AUTOMATICO_BAIXO_RISCO,Aprovacao Automatica: Risco dentro do apetite da seguradora.,0.0,False,10000.0,10000.0,0.0,0.0,N,,ALTA,0.0,0.0
CNPJ_001595,0.0,0.1026,5,APROVADO,RGR_R04_DECIL4_10_APROVADO,APROVADO_AUTOMATICO_BAIXO_RISCO,Aprovacao Automatica: Risco dentro do apetite da seguradora.,0.0,False,10000.0,10000.0,0.0,0.0,M,,ALTA,0.0,0.0
CNPJ_001596,0.0,0.1374,2,ACEITO_COM_CONDICAO,RGR_R03_DECIL2_3_CONDICIONAL,ACEITE_CONDICIONAL_DECIL_INTERMEDIARIO,Aceite Condicional Decil Intermediario (+7.5% premio).,7.5,False,10000.0,10750.0,750.0,0.0,F,D,ALTISSIMA,0.0,0.0
CNPJ_001597,0.0,0.1218,2,ACEITO_COM_CONDICAO,RGR_R03_DECIL2_3_CONDICIONAL,ACEITE_CONDICIONAL_DECIL_INTERMEDIARIO,Aceite Condicional Decil Intermediario (+7.5% premio).,7.5,False,10000.0,10750.0,750.0,0.0,G,C,BAIXISSIMA,0.0,0.0
CNPJ_001598,0.0,0.0854,8,APROVADO,RGR_R04_DECIL4_10_APROVADO,APROVADO_AUTOMATICO_BAIXO_RISCO,Aprovacao Automatica: Risco dentro do apetite da seguradora.,0.0,False,10000.0,10000.0,0.0,0.0,G,H,ALTISSIMA,16.0,0.0
CNPJ_001599,0.0,0.1119,4,APROVADO,RGR_R04_DECIL4_10_APROVADO,APROVADO_AUTOMATICO_BAIXO_RISCO,Aprovacao Automatica: Risco dentro do apetite da seguradora.,0.0,False,10000.0,10000.0,0.0,0.0,G,,BAIXISSIMA,0.0,0.0
CNPJ_001600,0.0,0.0975,6,APROVADO,RGR_R04_DECIL4_10_APROVADO,APROVADO_AUTOMATICO_BAIXO_RISCO,Aprovacao Automatica: Risco dentro do apetite da seguradora.,0.0,False,10000.0,10000.0,0.0,0.0,G,A,BAIXISSIMA,0.0,0.0
CNPJ_001601,0.0,0.1099,4,APROVADO,RGR_R04_DECIL4_10_APROVADO,APROVADO_AUTOMATICO_BAIXO_RISCO,Aprovacao Automatica: Risco dentro do apetite da seguradora.,0.0,False,10000.0,10000.0,0.0,0.0,G,A,BAIXISSIMA,0.0,0.0
CNPJ_001602,0.0,0.1934,1,RECUSADO,RGR_R02_DECIL1_RECUSA_PADRAO,DECIL1_ALTO_RISCO_SEM_MITIGACAO,Recusa por Decil 1 de Risco sem criterios para resgate comercial.,0.0,False,10000.0,0.0,0.0,0.0,H,J,BAIXISSIMA,20.0,0.0
CNPJ_001603,0.0,0.0869,8,APROVADO,RGR_R04_DECIL4_10_APROVADO,APROVADO_AUTOMATICO_BAIXO_RISCO,Aprovacao Automatica: Risco dentro do apetite da seguradora.,0.0,False,10000.0,10000.0,0.0,0.0,G,J,ALTA,57.0,0.0
CNPJ_001604,0.0,0.1031,5,APROVADO,RGR_R04_DECIL4_10_APROVADO,APROVADO_AUTOMATICO_BAIXO_RISCO,Aprovacao Automatica: Risco dentro do apetite da seguradora.,0.0,False,10000.0,10000.0,0.0,0.0,H,G,BAIXISSIMA,2.0,0.0
CNPJ_001605,0.0,0.0824,9,APROVADO,RGR_R04_DECIL4_10_APROVADO,APROVADO_AUTOMATICO_BAIXO_RISCO,Aprovacao Automatica: Risco dentro do apetite da seguradora.,0.0,False,10000.0,10000.0,0.0,0.0,G,J,BAIXISSIMA,31.0,0.0
CNPJ_001606,0.0,0.221,1,RECUSADO,RGR_R02_DECIL1_RECUSA_PADRAO,DECIL1_ALTO_RISCO_SEM_MITIGACAO,Recusa por Decil 1 de Risco sem criterios para resgate comercial.,0.0,False,10000.0,0.0,0.0,0.0,H,B,ALTA,0.0,0.0
CNPJ_001607,0.0,0.1416,1,RECUSADO,RGR_R02_DECIL1_RECUSA_PADRAO,DECIL1_ALTO_RISCO_SEM_MITIGACAO,Recusa por Decil 1 de Risco sem criterios para resgate comercial.,0.0,False,10000.0,0.0,0.0,0.0,G,D,ALTISSIMA,0.0,0.0
CNPJ_001608,0.0,0.0868,8,APROVADO,RGR_R04_DECIL4_10_APROVADO,APROVADO_AUTOMATICO_BAIXO_RISCO,Aprovacao Automatica: Risco dentro do apetite da seguradora.,0.0,False,10000.0,10000.0,0.0,0.0,C,D,BAIXISSIMA,0.0,0.0
CNPJ_001609,0.0,0.1207,2,ACEITO_COM_CONDICAO,RGR_R03_DECIL2_3_CONDICIONAL,ACEITE_CONDICIONAL_DECIL_INTERMEDIARIO,Aceite Condicional Decil Intermediario (+7.5% premio).,7.5,False,10000.0,10750.0,750.0,0.0,I,F,ALTA,0.0,0.0
CNPJ_001610,0.0,0.1156,3,RECUSADO,RGR_K01_RISCO_LIDERANCA_AREA_CRITICA,K01_LIDERANCA_AREA_CRITICA,Recusa Sumaria: Risco de lideranca detectado em area de concentracao altissima de sinistro.,0.0,False,10000.0,0.0,0.0,0.0,N,F,ALTISSIMA,0.0,1.0
CNPJ_001611,0.0,0.1127,4,APROVADO,RGR_R04_DECIL4_10_APROVADO,APROVADO_AUTOMATICO_BAIXO_RISCO,Aprovacao Automatica: Risco dentro do apetite da seguradora.,0.0,False,10000.0,10000.0,0.0,0.0,N,F,ALTISSIMA,0.0,0.0
CNPJ_001612,0.0,0.1495,1,RECUSADO,RGR_R02_DECIL1_RECUSA_PADRAO,DECIL1_ALTO_RISCO_SEM_MITIGACAO,Recusa por Decil 1 de Risco sem criterios para resgate comercial.,0.0,False,10000.0,0.0,0.0,0.0,C,H,ALTISSIMA,2.0,0.0
CNPJ_001613,0.0,0.1321,2,ACEITO_COM_CONDICAO,RGR_R03_DECIL2_3_CONDICIONAL,ACEITE_CONDICIONAL_DECIL_INTERMEDIARIO,Aceite Condicional Decil Intermediario (+7.5% premio).,7.5,False,10000.0,10750.0,750.0,0.0,C,D,ALTISSIMA,0.0,0.0
CNPJ_001614,0.0,0.0827,9,APROVADO,RGR_R04_DECIL4_10_APROVADO,APROVADO_AUTOMATICO_BAIXO_RISCO,Aprovacao Automatica: Risco dentro do apetite da seguradora.,0.0,False,10000.0,10000.0,0.0,0.0,G,I,ALTA,0.0,0.0
CNPJ_001615,0.0,0.0696,10,APROVADO,RGR_R04_DECIL4_10_APROVADO,APROVADO_AUTOMATICO_BAIXO_RISCO,Aprovacao Automatica: Risco dentro do apetite da seguradora.,0.0,False,10000.0,10000.0,0.0,0.0,H,D,BAIXISSIMA,0.0,1.0
CNPJ_001616,0.0,0.2354,1,RECUSADO,RGR_R02_DECIL1_RECUSA_PADRAO,DECIL1_ALTO_RISCO_SEM_MITIGACAO,Recusa por Decil 1 de Risco sem criterios para resgate comercial.,0.0,False,10000.0,0.0,0.0,0.0,H,,ALTA,0.0,
CNPJ_001617,0.0,0.114,3,ACEITO_COM_CONDICAO,RGR_R03_DECIL2_3_CONDICIONAL,ACEITE_CONDICIONAL_DECIL_INTERMEDIARIO,Aceite Condicional Decil Intermediario (+7.5% premio).,7.5,False,10000.0,10750.0,750.0,0.0,C,E,ALTISSIMA,1.0,0.0
CNPJ_001618,0.0,0.0929,7,APROVADO,RGR_R04_DECIL4_10_APROVADO,APROVADO_AUTOMATICO_BAIXO_RISCO,Aprovacao Automatica: Risco dentro do apetite da seguradora.,0.0,False,10000.0,10000.0,0.0,0.0,G,B,BAIXISSIMA,0.0,0.0
CNPJ_001619,0.0,0.092,7,APROVADO,RGR_R04_DECIL4_10_APROVADO,APROVADO_AUTOMATICO_BAIXO_RISCO,Aprovacao Automatica: Risco dentro do apetite da seguradora.,0.0,False,10000.0,10000.0,0.0,0.0,N,A,ALTA,0.0,0.0
CNPJ_001620,0.0,0.106,5,APROVADO,RGR_R04_DECIL4_10_APROVADO,APROVADO_AUTOMATICO_BAIXO_RISCO,Aprovacao Automatica: Risco dentro do apetite da seguradora.,0.0,False,10000.0,10000.0,0.0,0.0,G,G,BAIXISSIMA,0.0,0.0
CNPJ_001621,0.0,0.1017,6,APROVADO,RGR_R04_DECIL4_10_APROVADO,APROVADO_AUTOMATICO_BAIXO_RISCO,Aprovacao Automatica: Risco dentro do apetite da seguradora.,0.0,False,10000.0,10000.0,0.0,0.0,G,B,ALTA,0.0,0.0
CNPJ_001622,0.0,0.0924,7,APROVADO,RGR_R04_DECIL4_10_APROVADO,APROVADO_AUTOMATICO_BAIXO_RISCO,Aprovacao Automatica: Risco dentro do apetite da seguradora.,0.0,False,10000.0,10000.0,0.0,0.0,G,D,ALTA,0.0,0.0
CNPJ_001623,0.0,0.0796,9,APROVADO,RGR_R04_DECIL4_10_APROVADO,APROVADO_AUTOMATICO_BAIXO_RISCO,Aprovacao Automatica: Risco dentro do apetite da seguradora.,0.0,False,10000.0,10000.0,0.0,0.0,G,G,ALTISSIMA,0.0,0.0
CNPJ_001624,0.0,0.0821,9,APROVADO,RGR_R04_DECIL4_10_APROVADO,APROVADO_AUTOMATICO_BAIXO_RISCO,Aprovacao Automatica: Risco dentro do apetite da seguradora.,0.0,False,10000.0,10000.0,0.0,0.0,G,G,ALTISSIMA,2.0,0.0
CNPJ_001625,0.0,0.1014,6,APROVADO,RGR_R04_DECIL4_10_APROVADO,APROVADO_AUTOMATICO_BAIXO_RISCO,Aprovacao Automatica: Risco dentro do apetite da seguradora.,0.0,False,10000.0,10000.0,0.0,0.0,B,F,ALTA,6.0,0.0
CNPJ_001626,0.0,0.1176,3,ACEITO_COM_CONDICAO,RGR_R03_DECIL2_3_CONDICIONAL,ACEITE_CONDICIONAL_DECIL_INTERMEDIARIO,Aceite Condicional Decil Intermediario (+7.5% premio).,7.5,False,10000.0,10750.0,750.0,0.0,F,F,BAIXISSIMA,0.0,1.0
CNPJ_001627,0.0,0.1032,5,APROVADO,RGR_R04_DECIL4_10_APROVADO,APROVADO_AUTOMATICO_BAIXO_RISCO,Aprovacao Automatica: Risco dentro do apetite da seguradora.,0.0,False,10000.0,10000.0,0.0,0.0,G,D,BAIXISSIMA,0.0,0.0
CNPJ_001628,0.0,0.128,2,ACEITO_COM_CONDICAO,RGR_R03_DECIL2_3_CONDICIONAL,ACEITE_CONDICIONAL_DECIL_INTERMEDIARIO,Aceite Condicional Decil Intermediario (+7.5% premio).,7.5,False,10000.0,10750.0,750.0,0.0,N,E,ALTISSIMA,0.0,0.0
CNPJ_001629,0.0,0.0986,6,APROVADO,RGR_R04_DECIL4_10_APROVADO,APROVADO_AUTOMATICO_BAIXO_RISCO,Aprovacao Automatica: Risco dentro do apetite da seguradora.,0.0,False,10000.0,10000.0,0.0,0.0,C,J,ALTA,0.0,
CNPJ_001630,0.0,0.0974,6,APROVADO,RGR_R04_DECIL4_10_APROVADO,APROVADO_AUTOMATICO_BAIXO_RISCO,Aprovacao Automatica: Risco dentro do apetite da seguradora.,0.0,False,10000.0,10000.0,0.0,0.0,G,E,ALTA,3.0,0.0
CNPJ_001631,0.0,0.0893,8,APROVADO,RGR_R04_DECIL4_10_APROVADO,APROVADO_AUTOMATICO_BAIXO_RISCO,Aprovacao Automatica: Risco dentro do apetite da seguradora.,0.0,False,10000.0,10000.0,0.0,0.0,N,G,ALTA,0.0,0.0
CNPJ_001632,0.0,0.0995,6,APROVADO,RGR_R04_DECIL4_10_APROVADO,APROVADO_AUTOMATICO_BAIXO_RISCO,Aprovacao Automatica: Risco dentro do apetite da seguradora.,0.0,False,10000.0,10000.0,0.0,0.0,N,D,ALTISSIMA,1.0,0.0
CNPJ_001633,0.0,0.0588,10,APROVADO,RGR_R04_DECIL4_10_APROVADO,APROVADO_AUTOMATICO_BAIXO_RISCO,Aprovacao Automatica: Risco dentro do apetite da seguradora.,0.0,False,10000.0,10000.0,0.0,0.0,H,G,ALTA,6.0,0.0
CNPJ_001634,0.0,0.0969,7,RECUSADO,RGR_K01_RISCO_LIDERANCA_AREA_CRITICA,K01_LIDERANCA_AREA_CRITICA,Recusa Sumaria: Risco de lideranca detectado em area de concentracao altissima de sinistro.,0.0,False,10000.0,0.0,0.0,0.0,C,F,ALTISSIMA,0.0,1.0
CNPJ_001635,0.0,0.0955,7,APROVADO,RGR_R04_DECIL4_10_APROVADO,APROVADO_AUTOMATICO_BAIXO_RISCO,Aprovacao Automatica: Risco dentro do apetite da seguradora.,0.0,False,10000.0,10000.0,0.0,0.0,G,A,BAIXISSIMA,0.0,0.0
CNPJ_001636,0.0,0.0848,9,APROVADO,RGR_R04_DECIL4_10_APROVADO,APROVADO_AUTOMATICO_BAIXO_RISCO,Aprovacao Automatica: Risco dentro do apetite da seguradora.,0.0,False,10000.0,10000.0,0.0,0.0,G,E,BAIXISSIMA,1.0,0.0
CNPJ_001637,0.0,0.0667,10,APROVADO,RGR_R04_DECIL4_10_APROVADO,APROVADO_AUTOMATICO_BAIXO_RISCO,Aprovacao Automatica: Risco dentro do apetite da seguradora.,0.0,False,10000.0,10000.0,0.0,0.0,H,D,ALTA,0.0,0.0
CNPJ_001638,0.0,0.0606,10,APROVADO,RGR_R04_DECIL4_10_APROVADO,APROVADO_AUTOMATICO_BAIXO_RISCO,Aprovacao Automatica: Risco dentro do apetite da seguradora.,0.0,False,10000.0,10000.0,0.0,0.0,H,H,ALTISSIMA,14.0,0.0
CNPJ_001639,0.0,0.1069,5,APROVADO,RGR_R04_DECIL4_10_APROVADO,APROVADO_AUTOMATICO_BAIXO_RISCO,Aprovacao Automatica: Risco dentro do apetite da seguradora.,0.0,False,10000.0,10000.0,0.0,0.0,N,B,ALTA,0.0,0.0
CNPJ_001640,0.0,0.0922,7,APROVADO,RGR_R04_DECIL4_10_APROVADO,APROVADO_AUTOMATICO_BAIXO_RISCO,Aprovacao Automatica: Risco dentro do apetite da seguradora.,0.0,False,10000.0,10000.0,0.0,0.0,G,D,ALTISSIMA,0.0,0.0
CNPJ_001641,0.0,0.1353,2,ACEITO_COM_CONDICAO,RGR_R03_DECIL2_3_CONDICIONAL,ACEITE_CONDICIONAL_DECIL_INTERMEDIARIO,Aceite Condicional Decil Intermediario (+7.5% premio).,7.5,False,10000.0,10750.0,750.0,0.0,C,E,ALTA,0.0,1.0
CNPJ_001642,0.0,0.1262,2,ACEITO_COM_CONDICAO,RGR_R03_DECIL2_3_CONDICIONAL,ACEITE_CONDICIONAL_DECIL_INTERMEDIARIO,Aceite Condicional Decil Intermediario (+7.5% premio).,7.5,False,10000.0,10750.0,750.0,0.0,G,E,ALTA,0.0,0.0
CNPJ_001643,0.0,0.0571,10,APROVADO,RGR_R04_DECIL4_10_APROVADO,APROVADO_AUTOMATICO_BAIXO_RISCO,Aprovacao Automatica: Risco dentro do apetite da seguradora.,0.0,False,10000.0,10000.0,0.0,0.0,H,D,ALTA,0.0,0.0
CNPJ_001644,0.0,0.0657,10,APROVADO,RGR_R04_DECIL4_10_APROVADO,APROVADO_AUTOMATICO_BAIXO_RISCO,Aprovacao Automatica: Risco dentro do apetite da seguradora.,0.0,False,10000.0,10000.0,0.0,0.0,M,E,ALTA,3.0,0.0
CNPJ_001645,0.0,0.0761,10,APROVADO,RGR_R04_DECIL4_10_APROVADO,APROVADO_AUTOMATICO_BAIXO_RISCO,Aprovacao Automatica: Risco dentro do apetite da seguradora.,0.0,False,10000.0,10000.0,0.0,0.0,C,J,ALTA,80.0,1.0
CNPJ_001646,0.0,0.1106,4,APROVADO,RGR_R04_DECIL4_10_APROVADO,APROVADO_AUTOMATICO_BAIXO_RISCO,Aprovacao Automatica: Risco dentro do apetite da seguradora.,0.0,False,10000.0,10000.0,0.0,0.0,P,,ALTA,0.0,0.0
CNPJ_001647,0.0,0.1177,3,ACEITO_COM_CONDICAO,RGR_R03_DECIL2_3_CONDICIONAL,ACEITE_CONDICIONAL_DECIL_INTERMEDIARIO,Aceite Condicional Decil Intermediario (+7.5% premio).,7.5,False,10000.0,10750.0,750.0,0.0,G,F,ALTA,0.0,0.0
CNPJ_001648,0.0,0.1386,2,ACEITO_COM_CONDICAO,RGR_R03_DECIL2_3_CONDICIONAL,ACEITE_CONDICIONAL_DECIL_INTERMEDIARIO,Aceite Condicional Decil Intermediario (+7.5% premio).,7.5,False,10000.0,10750.0,750.0,0.0,G,D,BAIXISSIMA,0.0,0.0
CNPJ_001649,0.0,0.0944,7,APROVADO,RGR_R04_DECIL4_10_APROVADO,APROVADO_AUTOMATICO_BAIXO_RISCO,Aprovacao Automatica: Risco dentro do apetite da seguradora.,0.0,False,10000.0,10000.0,0.0,0.0,M,H,ALTA,0.0,0.0
CNPJ_001650,0.0,0.0822,9,APROVADO,RGR_R04_DECIL4_10_APROVADO,APROVADO_AUTOMATICO_BAIXO_RISCO,Aprovacao Automatica: Risco dentro do apetite da seguradora.,0.0,False,10000.0,10000.0,0.0,0.0,G,D,ALTA,1.0,0.0
CNPJ_001651,0.0,0.0952,7,APROVADO,RGR_R04_DECIL4_10_APROVADO,APROVADO_AUTOMATICO_BAIXO_RISCO,Aprovacao Automatica: Risco dentro do apetite da seguradora.,0.0,False,10000.0,10000.0,0.0,0.0,G,A,MEDIA,0.0,0.0
CNPJ_001652,0.0,0.0929,7,APROVADO,RGR_R04_DECIL4_10_APROVADO,APROVADO_AUTOMATICO_BAIXO_RISCO,Aprovacao Automatica: Risco dentro do apetite da seguradora.,0.0,False,10000.0,10000.0,0.0,0.0,C,J,ALTA,66.0,0.0
CNPJ_001653,0.0,0.1852,1,RECUSADO,RGR_R02_DECIL1_RECUSA_PADRAO,DECIL1_ALTO_RISCO_SEM_MITIGACAO,Recusa por Decil 1 de Risco sem criterios para resgate comercial.,0.0,False,10000.0,0.0,0.0,0.0,I,F,ALTA,1.0,0.0
CNPJ_001654,0.0,0.0761,10,APROVADO,RGR_R04_DECIL4_10_APROVADO,APROVADO_AUTOMATICO_BAIXO_RISCO,Aprovacao Automatica: Risco dentro do apetite da seguradora.,0.0,False,10000.0,10000.0,0.0,0.0,H,H,ALTA,7.0,0.0
CNPJ_001655,0.0,0.1002,6,APROVADO,RGR_R04_DECIL4_10_APROVADO,APROVADO_AUTOMATICO_BAIXO_RISCO,Aprovacao Automatica: Risco dentro do apetite da seguradora.,0.0,False,10000.0,10000.0,0.0,0.0,G,,ALTA,0.0,0.0
CNPJ_001656,0.0,0.0816,9,APROVADO,RGR_R04_DECIL4_10_APROVADO,APROVADO_AUTOMATICO_BAIXO_RISCO,Aprovacao Automatica: Risco dentro do apetite da seguradora.,0.0,False,10000.0,10000.0,0.0,0.0,G,D,BAIXISSIMA,0.0,0.0
CNPJ_001657,0.0,0.099,6,APROVADO,RGR_R04_DECIL4_10_APROVADO,APROVADO_AUTOMATICO_BAIXO_RISCO,Aprovacao Automatica: Risco dentro do apetite da seguradora.,0.0,False,10000.0,10000.0,0.0,0.0,G,E,BAIXISSIMA,0.0,0.0
CNPJ_001658,0.0,0.102,6,APROVADO,RGR_R04_DECIL4_10_APROVADO,APROVADO_AUTOMATICO_BAIXO_RISCO,Aprovacao Automatica: Risco dentro do apetite da seguradora.,0.0,False,10000.0,10000.0,0.0,0.0,G,,BAIXISSIMA,0.0,0.0
CNPJ_001659,0.0,0.0864,8,APROVADO,RGR_R04_DECIL4_10_APROVADO,APROVADO_AUTOMATICO_BAIXO_RISCO,Aprovacao Automatica: Risco dentro do apetite da seguradora.,0.0,False,10000.0,10000.0,0.0,0.0,C,H,MEDIA,0.0,0.0
CNPJ_001660,0.0,0.0906,8,APROVADO,RGR_R04_DECIL4_10_APROVADO,APROVADO_AUTOMATICO_BAIXO_RISCO,Aprovacao Automatica: Risco dentro do apetite da seguradora.,0.0,False,10000.0,10000.0,0.0,0.0,S,EMPRESA_ISENTA,ALTISSIMA,19.0,0.0
CNPJ_001661,0.0,0.1758,1,RECUSADO,RGR_K02_EXCESSO_PROCESSOS_JUDICIAIS,K02_JUDICIAL_EXTREMO,Recusa Sumaria: Elevado passivo judicial (> 100 processos como requerido).,0.0,False,10000.0,0.0,0.0,0.0,G,J,ALTISSIMA,10476.0,
CNPJ_001662,0.0,0.0889,8,APROVADO,RGR_R04_DECIL4_10_APROVADO,APROVADO_AUTOMATICO_BAIXO_RISCO,Aprovacao Automatica: Risco dentro do apetite da seguradora.,0.0,False,10000.0,10000.0,0.0,0.0,N,,ALTISSIMA,2.0,0.0
CNPJ_001663,0.0,0.1193,3,ACEITO_COM_CONDICAO,RGR_R03_DECIL2_3_CONDICIONAL,ACEITE_CONDICIONAL_DECIL_INTERMEDIARIO,Aceite Condicional Decil Intermediario (+7.5% premio).,7.5,False,10000.0,10750.0,750.0,0.0,C,E,ALTA,0.0,0.0
CNPJ_001664,0.0,0.0984,6,APROVADO,RGR_R04_DECIL4_10_APROVADO,APROVADO_AUTOMATICO_BAIXO_RISCO,Aprovacao Automatica: Risco dentro do apetite da seguradora.,0.0,False,10000.0,10000.0,0.0,0.0,F,D,BAIXISSIMA,0.0,0.0
CNPJ_001665,0.0,0.1168,3,ACEITO_COM_CONDICAO,RGR_R03_DECIL2_3_CONDICIONAL,ACEITE_CONDICIONAL_DECIL_INTERMEDIARIO,Aceite Condicional Decil Intermediario (+7.5% premio).,7.5,False,10000.0,10750.0,750.0,0.0,G,G,ALTISSIMA,2.0,0.0
CNPJ_001666,0.0,0.0976,6,APROVADO,RGR_R04_DECIL4_10_APROVADO,APROVADO_AUTOMATICO_BAIXO_RISCO,Aprovacao Automatica: Risco dentro do apetite da seguradora.,0.0,False,10000.0,10000.0,0.0,0.0,C,D,BAIXISSIMA,0.0,0.0
CNPJ_001667,0.0,0.1028,5,APROVADO,RGR_R04_DECIL4_10_APROVADO,APROVADO_AUTOMATICO_BAIXO_RISCO,Aprovacao Automatica: Risco dentro do apetite da seguradora.,0.0,False,10000.0,10000.0,0.0,0.0,N,D,BAIXISSIMA,0.0,1.0
CNPJ_001668,0.0,0.1005,6,APROVADO,RGR_R04_DECIL4_10_APROVADO,APROVADO_AUTOMATICO_BAIXO_RISCO,Aprovacao Automatica: Risco dentro do apetite da seguradora.,0.0,False,10000.0,10000.0,0.0,0.0,F,F,ALTISSIMA,0.0,0.0
CNPJ_001669,0.0,0.0784,9,APROVADO,RGR_R04_DECIL4_10_APROVADO,APROVADO_AUTOMATICO_BAIXO_RISCO,Aprovacao Automatica: Risco dentro do apetite da seguradora.,0.0,False,10000.0,10000.0,0.0,0.0,G,A,ALTA,0.0,0.0
CNPJ_001670,0.0,0.1187,3,ACEITO_COM_CONDICAO,RGR_R03_DECIL2_3_CONDICIONAL,ACEITE_CONDICIONAL_DECIL_INTERMEDIARIO,Aceite Condicional Decil Intermediario (+7.5% premio).,7.5,False,10000.0,10750.0,750.0,0.0,B,J,BAIXISSIMA,32.0,0.0
CNPJ_001671,0.0,0.1197,3,ACEITO_COM_CONDICAO,RGR_R03_DECIL2_3_CONDICIONAL,ACEITE_CONDICIONAL_DECIL_INTERMEDIARIO,Aceite Condicional Decil Intermediario (+7.5% premio).,7.5,False,10000.0,10750.0,750.0,0.0,N,,ALTA,0.0,0.0
CNPJ_001672,0.0,0.1174,3,ACEITO_COM_CONDICAO,RGR_R03_DECIL2_3_CONDICIONAL,ACEITE_CONDICIONAL_DECIL_INTERMEDIARIO,Aceite Condicional Decil Intermediario (+7.5% premio).,7.5,False,10000.0,10750.0,750.0,0.0,C,C,ALTISSIMA,0.0,0.0
CNPJ_001673,0.0,0.083,9,APROVADO,RGR_R04_DECIL4_10_APROVADO,APROVADO_AUTOMATICO_BAIXO_RISCO,Aprovacao Automatica: Risco dentro do apetite da seguradora.,0.0,False,10000.0,10000.0,0.0,0.0,G,F,ALTA,0.0,0.0
CNPJ_001674,0.0,0.1554,1,RECUSADO,RGR_K02_EXCESSO_PROCESSOS_JUDICIAIS,K02_JUDICIAL_EXTREMO,Recusa Sumaria: Elevado passivo judicial (> 100 processos como requerido).,0.0,False,10000.0,0.0,0.0,0.0,K,J,ALTISSIMA,4051.0,0.0
CNPJ_001675,0.0,0.1128,4,APROVADO,RGR_R04_DECIL4_10_APROVADO,APROVADO_AUTOMATICO_BAIXO_RISCO,Aprovacao Automatica: Risco dentro do apetite da seguradora.,0.0,False,10000.0,10000.0,0.0,0.0,C,E,ALTISSIMA,0.0,0.0
CNPJ_001676,0.0,0.1019,6,APROVADO,RGR_R04_DECIL4_10_APROVADO,APROVADO_AUTOMATICO_BAIXO_RISCO,Aprovacao Automatica: Risco dentro do apetite da seguradora.,0.0,False,10000.0,10000.0,0.0,0.0,G,F,ALTA,2.0,0.0
CNPJ_001677,0.0,0.1122,4,APROVADO,RGR_R04_DECIL4_10_APROVADO,APROVADO_AUTOMATICO_BAIXO_RISCO,Aprovacao Automatica: Risco dentro do apetite da seguradora.,0.0,False,10000.0,10000.0,0.0,0.0,G,,BAIXISSIMA,2.0,0.0
CNPJ_001678,0.0,0.0793,9,APROVADO,RGR_R04_DECIL4_10_APROVADO,APROVADO_AUTOMATICO_BAIXO_RISCO,Aprovacao Automatica: Risco dentro do apetite da seguradora.,0.0,False,10000.0,10000.0,0.0,0.0,H,A,ALTA,0.0,0.0
CNPJ_001679,0.0,0.0855,8,APROVADO,RGR_R04_DECIL4_10_APROVADO,APROVADO_AUTOMATICO_BAIXO_RISCO,Aprovacao Automatica: Risco dentro do apetite da seguradora.,0.0,False,10000.0,10000.0,0.0,0.0,G,D,ALTA,0.0,0.0
CNPJ_001680,0.0,0.079,9,RECUSADO,RGR_K02_EXCESSO_PROCESSOS_JUDICIAIS,K02_JUDICIAL_EXTREMO,Recusa Sumaria: Elevado passivo judicial (> 100 processos como requerido).,0.0,False,10000.0,0.0,0.0,0.0,M,J,ALTISSIMA,335.0,
CNPJ_001681,0.0,0.1177,3,ACEITO_COM_CONDICAO,RGR_R03_DECIL2_3_CONDICIONAL,ACEITE_CONDICIONAL_DECIL_INTERMEDIARIO,Aceite Condicional Decil Intermediario (+7.5% premio).,7.5,False,10000.0,10750.0,750.0,0.0,N,,ALTA,0.0,0.0
CNPJ_001682,0.0,0.121,2,RECUSADO,RGR_K01_RISCO_LIDERANCA_AREA_CRITICA,K01_LIDERANCA_AREA_CRITICA,Recusa Sumaria: Risco de lideranca detectado em area de concentracao altissima de sinistro.,0.0,False,10000.0,0.0,0.0,0.0,G,,ALTISSIMA,0.0,1.0
CNPJ_001683,0.0,0.1057,5,APROVADO,RGR_R04_DECIL4_10_APROVADO,APROVADO_AUTOMATICO_BAIXO_RISCO,Aprovacao Automatica: Risco dentro do apetite da seguradora.,0.0,False,10000.0,10000.0,0.0,0.0,M,J,ALTA,12.0,0.0
CNPJ_001684,0.0,0.1315,2,ACEITO_COM_CONDICAO,RGR_R03_DECIL2_3_CONDICIONAL,ACEITE_CONDICIONAL_DECIL_INTERMEDIARIO,Aceite Condicional Decil Intermediario (+7.5% premio).,7.5,False,10000.0,10750.0,750.0,0.0,G,F,BAIXISSIMA,0.0,0.0
CNPJ_001685,0.0,0.077,9,APROVADO,RGR_R04_DECIL4_10_APROVADO,APROVADO_AUTOMATICO_BAIXO_RISCO,Aprovacao Automatica: Risco dentro do apetite da seguradora.,0.0,False,10000.0,10000.0,0.0,0.0,F,H,ALTA,2.0,0.0
CNPJ_001686,0.0,0.0999,6,APROVADO,RGR_R04_DECIL4_10_APROVADO,APROVADO_AUTOMATICO_BAIXO_RISCO,Aprovacao Automatica: Risco dentro do apetite da seguradora.,0.0,False,10000.0,10000.0,0.0,0.0,G,I,ALTA,15.0,0.0
CNPJ_001687,0.0,0.0826,9,RECUSADO,RGR_K01_RISCO_LIDERANCA_AREA_CRITICA,K01_LIDERANCA_AREA_CRITICA,Recusa Sumaria: Risco de lideranca detectado em area de concentracao altissima de sinistro.,0.0,False,10000.0,0.0,0.0,0.0,F,H,ALTISSIMA,5.0,1.0
CNPJ_001688,0.0,0.1119,4,APROVADO,RGR_R04_DECIL4_10_APROVADO,APROVADO_AUTOMATICO_BAIXO_RISCO,Aprovacao Automatica: Risco dentro do apetite da seguradora.,0.0,False,10000.0,10000.0,0.0,0.0,G,C,ALTA,0.0,0.0
CNPJ_001689,0.0,0.0897,8,APROVADO,RGR_R04_DECIL4_10_APROVADO,APROVADO_AUTOMATICO_BAIXO_RISCO,Aprovacao Automatica: Risco dentro do apetite da seguradora.,0.0,False,10000.0,10000.0,0.0,0.0,C,J,BAIXISSIMA,5.0,0.0
CNPJ_001690,0.0,0.0788,9,APROVADO,RGR_R04_DECIL4_10_APROVADO,APROVADO_AUTOMATICO_BAIXO_RISCO,Aprovacao Automatica: Risco dentro do apetite da seguradora.,0.0,False,10000.0,10000.0,0.0,0.0,H,D,ALTA,0.0,0.0
CNPJ_001691,0.0,0.0825,9,APROVADO,RGR_R04_DECIL4_10_APROVADO,APROVADO_AUTOMATICO_BAIXO_RISCO,Aprovacao Automatica: Risco dentro do apetite da seguradora.,0.0,False,10000.0,10000.0,0.0,0.0,G,I,ALTA,31.0,0.0
CNPJ_001692,0.0,0.1274,2,ACEITO_COM_CONDICAO,RGR_R03_DECIL2_3_CONDICIONAL,ACEITE_CONDICIONAL_DECIL_INTERMEDIARIO,Aceite Condicional Decil Intermediario (+7.5% premio).,7.5,False,10000.0,10750.0,750.0,0.0,N,,ALTA,0.0,0.0
CNPJ_001693,0.0,0.0973,7,APROVADO,RGR_R04_DECIL4_10_APROVADO,APROVADO_AUTOMATICO_BAIXO_RISCO,Aprovacao Automatica: Risco dentro do apetite da seguradora.,0.0,False,10000.0,10000.0,0.0,0.0,G,D,ALTA,0.0,0.0
CNPJ_001694,0.0,0.1064,5,APROVADO,RGR_R04_DECIL4_10_APROVADO,APROVADO_AUTOMATICO_BAIXO_RISCO,Aprovacao Automatica: Risco dentro do apetite da seguradora.,0.0,False,10000.0,10000.0,0.0,0.0,C,G,BAIXISSIMA,1.0,0.0
CNPJ_001695,0.0,0.2534,1,RECUSADO,RGR_R02_DECIL1_RECUSA_PADRAO,DECIL1_ALTO_RISCO_SEM_MITIGACAO,Recusa por Decil 1 de Risco sem criterios para resgate comercial.,0.0,False,10000.0,0.0,0.0,0.0,G,B,ALTA,0.0,0.0
CNPJ_001696,0.0,0.1235,2,ACEITO_COM_CONDICAO,RGR_R03_DECIL2_3_CONDICIONAL,ACEITE_CONDICIONAL_DECIL_INTERMEDIARIO,Aceite Condicional Decil Intermediario (+7.5% premio).,7.5,False,10000.0,10750.0,750.0,0.0,N,D,ALTISSIMA,1.0,0.0
CNPJ_001697,0.0,0.1089,4,APROVADO,RGR_R04_DECIL4_10_APROVADO,APROVADO_AUTOMATICO_BAIXO_RISCO,Aprovacao Automatica: Risco dentro do apetite da seguradora.,0.0,False,10000.0,10000.0,0.0,0.0,H,C,BAIXISSIMA,1.0,0.0
CNPJ_001698,0.0,0.0879,8,APROVADO,RGR_R04_DECIL4_10_APROVADO,APROVADO_AUTOMATICO_BAIXO_RISCO,Aprovacao Automatica: Risco dentro do apetite da seguradora.,0.0,False,10000.0,10000.0,0.0,0.0,H,D,BAIXISSIMA,0.0,0.0
CNPJ_001699,0.0,0.1183,3,ACEITO_COM_CONDICAO,RGR_R03_DECIL2_3_CONDICIONAL,ACEITE_CONDICIONAL_DECIL_INTERMEDIARIO,Aceite Condicional Decil Intermediario (+7.5% premio).,7.5,False,10000.0,10750.0,750.0,0.0,G,D,ALTA,0.0,0.0
CNPJ_001700,0.0,0.0736,10,APROVADO,RGR_R04_DECIL4_10_APROVADO,APROVADO_AUTOMATICO_BAIXO_RISCO,Aprovacao Automatica: Risco dentro do apetite da seguradora.,0.0,False,10000.0,10000.0,0.0,0.0,O,EMPRESA_ISENTA,ALTA,6.0,
CNPJ_001701,0.0,0.1123,4,APROVADO,RGR_R04_DECIL4_10_APROVADO,APROVADO_AUTOMATICO_BAIXO_RISCO,Aprovacao Automatica: Risco dentro do apetite da seguradora.,0.0,False,10000.0,10000.0,0.0,0.0,G,,ALTA,0.0,0.0
CNPJ_001702,0.0,0.104,5,APROVADO,RGR_R04_DECIL4_10_APROVADO,APROVADO_AUTOMATICO_BAIXO_RISCO,Aprovacao Automatica: Risco dentro do apetite da seguradora.,0.0,False,10000.0,10000.0,0.0,0.0,G,G,ALTA,0.0,0.0
CNPJ_001703,0.0,0.1077,4,APROVADO,RGR_R04_DECIL4_10_APROVADO,APROVADO_AUTOMATICO_BAIXO_RISCO,Aprovacao Automatica: Risco dentro do apetite da seguradora.,0.0,False,10000.0,10000.0,0.0,0.0,H,A,BAIXISSIMA,0.0,0.0
CNPJ_001704,0.0,0.0955,7,APROVADO,RGR_R04_DECIL4_10_APROVADO,APROVADO_AUTOMATICO_BAIXO_RISCO,Aprovacao Automatica: Risco dentro do apetite da seguradora.,0.0,False,10000.0,10000.0,0.0,0.0,G,E,ALTA,0.0,0.0
CNPJ_001705,0.0,0.1145,3,ACEITO_COM_CONDICAO,RGR_R03_DECIL2_3_CONDICIONAL,ACEITE_CONDICIONAL_DECIL_INTERMEDIARIO,Aceite Condicional Decil Intermediario (+7.5% premio).,7.5,False,10000.0,10750.0,750.0,0.0,F,G,ALTA,0.0,0.0
CNPJ_001706,0.0,0.104,5,APROVADO,RGR_R04_DECIL4_10_APROVADO,APROVADO_AUTOMATICO_BAIXO_RISCO,Aprovacao Automatica: Risco dentro do apetite da seguradora.,0.0,False,10000.0,10000.0,0.0,0.0,N,,BAIXISSIMA,0.0,1.0
CNPJ_001707,0.0,0.0804,9,APROVADO,RGR_R04_DECIL4_10_APROVADO,APROVADO_AUTOMATICO_BAIXO_RISCO,Aprovacao Automatica: Risco dentro do apetite da seguradora.,0.0,False,10000.0,10000.0,0.0,0.0,M,,ALTA,0.0,0.0
CNPJ_001708,0.0,0.1259,2,ACEITO_COM_CONDICAO,RGR_R03_DECIL2_3_CONDICIONAL,ACEITE_CONDICIONAL_DECIL_INTERMEDIARIO,Aceite Condicional Decil Intermediario (+7.5% premio).,7.5,False,10000.0,10750.0,750.0,0.0,G,G,ALTISSIMA,7.0,0.0
CNPJ_001709,0.0,0.1079,4,APROVADO,RGR_R04_DECIL4_10_APROVADO,APROVADO_AUTOMATICO_BAIXO_RISCO,Aprovacao Automatica: Risco dentro do apetite da seguradora.,0.0,False,10000.0,10000.0,0.0,0.0,C,F,BAIXISSIMA,1.0,0.0
CNPJ_001710,0.0,0.1025,5,APROVADO,RGR_R04_DECIL4_10_APROVADO,APROVADO_AUTOMATICO_BAIXO_RISCO,Aprovacao Automatica: Risco dentro do apetite da seguradora.,0.0,False,10000.0,10000.0,0.0,0.0,J,D,ALTISSIMA,5.0,0.0
CNPJ_001711,0.0,0.0725,10,RECUSADO,RGR_K01_RISCO_LIDERANCA_AREA_CRITICA,K01_LIDERANCA_AREA_CRITICA,Recusa Sumaria: Risco de lideranca detectado em area de concentracao altissima de sinistro.,0.0,False,10000.0,0.0,0.0,0.0,N,G,ALTISSIMA,24.0,1.0
CNPJ_001712,0.0,0.1266,2,ACEITO_COM_CONDICAO,RGR_R03_DECIL2_3_CONDICIONAL,ACEITE_CONDICIONAL_DECIL_INTERMEDIARIO,Aceite Condicional Decil Intermediario (+7.5% premio).,7.5,False,10000.0,10750.0,750.0,0.0,C,I,MEDIA,6.0,0.0
CNPJ_001713,0.0,0.0938,7,APROVADO,RGR_R04_DECIL4_10_APROVADO,APROVADO_AUTOMATICO_BAIXO_RISCO,Aprovacao Automatica: Risco dentro do apetite da seguradora.,0.0,False,10000.0,10000.0,0.0,0.0,N,B,ALTISSIMA,0.0,0.0
CNPJ_001714,0.0,0.0875,8,APROVADO,RGR_R04_DECIL4_10_APROVADO,APROVADO_AUTOMATICO_BAIXO_RISCO,Aprovacao Automatica: Risco dentro do apetite da seguradora.,0.0,False,10000.0,10000.0,0.0,0.0,G,I,BAIXISSIMA,10.0,1.0
CNPJ_001715,0.0,0.0953,7,APROVADO,RGR_R04_DECIL4_10_APROVADO,APROVADO_AUTOMATICO_BAIXO_RISCO,Aprovacao Automatica: Risco dentro do apetite da seguradora.,0.0,False,10000.0,10000.0,0.0,0.0,K,I,BAIXISSIMA,29.0,0.0
CNPJ_001716,0.0,0.0898,8,APROVADO,RGR_R04_DECIL4_10_APROVADO,APROVADO_AUTOMATICO_BAIXO_RISCO,Aprovacao Automatica: Risco dentro do apetite da seguradora.,0.0,False,10000.0,10000.0,0.0,0.0,C,G,BAIXISSIMA,22.0,0.0
CNPJ_001717,0.0,0.0778,9,APROVADO,RGR_R04_DECIL4_10_APROVADO,APROVADO_AUTOMATICO_BAIXO_RISCO,Aprovacao Automatica: Risco dentro do apetite da seguradora.,0.0,False,10000.0,10000.0,0.0,0.0,M,J,ALTISSIMA,12.0,0.0
CNPJ_001718,0.0,0.111,4,APROVADO,RGR_R04_DECIL4_10_APROVADO,APROVADO_AUTOMATICO_BAIXO_RISCO,Aprovacao Automatica: Risco dentro do apetite da seguradora.,0.0,False,10000.0,10000.0,0.0,0.0,H,E,ALTISSIMA,0.0,0.0
CNPJ_001719,0.0,0.0665,10,APROVADO,RGR_R04_DECIL4_10_APROVADO,APROVADO_AUTOMATICO_BAIXO_RISCO,Aprovacao Automatica: Risco dentro do apetite da seguradora.,0.0,False,10000.0,10000.0,0.0,0.0,L,,ALTISSIMA,0.0,0.0
CNPJ_001720,0.0,0.1103,4,APROVADO,RGR_R04_DECIL4_10_APROVADO,APROVADO_AUTOMATICO_BAIXO_RISCO,Aprovacao Automatica: Risco dentro do apetite da seguradora.,0.0,False,10000.0,10000.0,0.0,0.0,S,,ALTISSIMA,0.0,0.0
CNPJ_001721,0.0,0.1083,4,APROVADO,RGR_R04_DECIL4_10_APROVADO,APROVADO_AUTOMATICO_BAIXO_RISCO,Aprovacao Automatica: Risco dentro do apetite da seguradora.,0.0,False,10000.0,10000.0,0.0,0.0,C,H,ALTA,0.0,0.0
CNPJ_001722,0.0,0.095,7,APROVADO,RGR_R04_DECIL4_10_APROVADO,APROVADO_AUTOMATICO_BAIXO_RISCO,Aprovacao Automatica: Risco dentro do apetite da seguradora.,0.0,False,10000.0,10000.0,0.0,0.0,F,D,BAIXISSIMA,0.0,0.0
CNPJ_001723,0.0,0.0928,7,APROVADO,RGR_R04_DECIL4_10_APROVADO,APROVADO_AUTOMATICO_BAIXO_RISCO,Aprovacao Automatica: Risco dentro do apetite da seguradora.,0.0,False,10000.0,10000.0,0.0,0.0,F,A,MEDIA,0.0,
CNPJ_001724,0.0,0.1093,4,APROVADO,RGR_R04_DECIL4_10_APROVADO,APROVADO_AUTOMATICO_BAIXO_RISCO,Aprovacao Automatica: Risco dentro do apetite da seguradora.,0.0,False,10000.0,10000.0,0.0,0.0,G,E,BAIXISSIMA,0.0,0.0
CNPJ_001725,0.0,0.124,2,ACEITO_COM_CONDICAO,RGR_R03_DECIL2_3_CONDICIONAL,ACEITE_CONDICIONAL_DECIL_INTERMEDIARIO,Aceite Condicional Decil Intermediario (+7.5% premio).,7.5,False,10000.0,10750.0,750.0,0.0,G,D,ALTA,0.0,0.0
CNPJ_001726,0.0,0.0855,8,APROVADO,RGR_R04_DECIL4_10_APROVADO,APROVADO_AUTOMATICO_BAIXO_RISCO,Aprovacao Automatica: Risco dentro do apetite da seguradora.,0.0,False,10000.0,10000.0,0.0,0.0,M,F,ALTISSIMA,0.0,0.0
CNPJ_001727,0.0,0.088,8,APROVADO,RGR_R04_DECIL4_10_APROVADO,APROVADO_AUTOMATICO_BAIXO_RISCO,Aprovacao Automatica: Risco dentro do apetite da seguradora.,0.0,False,10000.0,10000.0,0.0,0.0,G,D,BAIXISSIMA,0.0,0.0
CNPJ_001728,0.0,0.078,9,APROVADO,RGR_R04_DECIL4_10_APROVADO,APROVADO_AUTOMATICO_BAIXO_RISCO,Aprovacao Automatica: Risco dentro do apetite da seguradora.,0.0,False,10000.0,10000.0,0.0,0.0,K,,MEDIA,0.0,0.0
CNPJ_001729,0.0,0.1093,4,APROVADO,RGR_R04_DECIL4_10_APROVADO,APROVADO_AUTOMATICO_BAIXO_RISCO,Aprovacao Automatica: Risco dentro do apetite da seguradora.,0.0,False,10000.0,10000.0,0.0,0.0,N,,ALTA,0.0,1.0
CNPJ_001730,0.0,0.2384,1,ACEITO_COM_CONDICAO,RGR_R01_DECIL1_RESGATE_COM_RASTREADOR,RECUPERACAO_COMERCIAL_D1,"Aceite Condicional Decil 1: Perfil de score alto risco, porem mitigado por baixo passivo judicial e geografia favoravel.",15.0,True,10000.0,11500.0,1500.0,0.0,H,,BAIXISSIMA,0.0,0.0
CNPJ_001731,0.0,0.1013,6,APROVADO,RGR_R04_DECIL4_10_APROVADO,APROVADO_AUTOMATICO_BAIXO_RISCO,Aprovacao Automatica: Risco dentro do apetite da seguradora.,0.0,False,10000.0,10000.0,0.0,0.0,G,F,BAIXISSIMA,0.0,0.0
CNPJ_001732,0.0,0.0786,9,APROVADO,RGR_R04_DECIL4_10_APROVADO,APROVADO_AUTOMATICO_BAIXO_RISCO,Aprovacao Automatica: Risco dentro do apetite da seguradora.,0.0,False,10000.0,10000.0,0.0,0.0,G,I,BAIXISSIMA,38.0,1.0
CNPJ_001733,0.0,0.1022,5,APROVADO,RGR_R04_DECIL4_10_APROVADO,APROVADO_AUTOMATICO_BAIXO_RISCO,Aprovacao Automatica: Risco dentro do apetite da seguradora.,0.0,False,10000.0,10000.0,0.0,0.0,S,EMPRESA_ISENTA,BAIXISSIMA,0.0,0.0
CNPJ_001734,0.0,0.0688,10,RECUSADO,RGR_K02_EXCESSO_PROCESSOS_JUDICIAIS,K02_JUDICIAL_EXTREMO,Recusa Sumaria: Elevado passivo judicial (> 100 processos como requerido).,0.0,False,10000.0,0.0,0.0,0.0,C,J,ALTA,126.0,0.0
CNPJ_001735,0.0,0.0853,8,APROVADO,RGR_R04_DECIL4_10_APROVADO,APROVADO_AUTOMATICO_BAIXO_RISCO,Aprovacao Automatica: Risco dentro do apetite da seguradora.,0.0,False,10000.0,10000.0,0.0,0.0,C,J,BAIXISSIMA,2.0,0.0
CNPJ_001736,0.0,0.1535,1,RECUSADO,RGR_K01_RISCO_LIDERANCA_AREA_CRITICA,K01_LIDERANCA_AREA_CRITICA,Recusa Sumaria: Risco de lideranca detectado em area de concentracao altissima de sinistro.,0.0,False,10000.0,0.0,0.0,0.0,H,C,ALTISSIMA,0.0,1.0
CNPJ_001737,0.0,0.0884,8,APROVADO,RGR_R04_DECIL4_10_APROVADO,APROVADO_AUTOMATICO_BAIXO_RISCO,Aprovacao Automatica: Risco dentro do apetite da seguradora.,0.0,False,10000.0,10000.0,0.0,0.0,C,D,ALTISSIMA,41.0,0.0
CNPJ_001738,0.0,0.111,4,APROVADO,RGR_R04_DECIL4_10_APROVADO,APROVADO_AUTOMATICO_BAIXO_RISCO,Aprovacao Automatica: Risco dentro do apetite da seguradora.,0.0,False,10000.0,10000.0,0.0,0.0,H,C,MEDIA,0.0,0.0
CNPJ_001739,0.0,0.0856,8,APROVADO,RGR_R04_DECIL4_10_APROVADO,APROVADO_AUTOMATICO_BAIXO_RISCO,Aprovacao Automatica: Risco dentro do apetite da seguradora.,0.0,False,10000.0,10000.0,0.0,0.0,J,E,MEDIA,2.0,1.0
CNPJ_001740,0.0,0.1241,2,ACEITO_COM_CONDICAO,RGR_R03_DECIL2_3_CONDICIONAL,ACEITE_CONDICIONAL_DECIL_INTERMEDIARIO,Aceite Condicional Decil Intermediario (+7.5% premio).,7.5,False,10000.0,10750.0,750.0,0.0,G,F,BAIXISSIMA,0.0,1.0
CNPJ_001741,0.0,0.0954,7,APROVADO,RGR_R04_DECIL4_10_APROVADO,APROVADO_AUTOMATICO_BAIXO_RISCO,Aprovacao Automatica: Risco dentro do apetite da seguradora.,0.0,False,10000.0,10000.0,0.0,0.0,G,E,BAIXISSIMA,0.0,0.0
CNPJ_001742,0.0,0.113,4,RECUSADO,RGR_K01_RISCO_LIDERANCA_AREA_CRITICA,K01_LIDERANCA_AREA_CRITICA,Recusa Sumaria: Risco de lideranca detectado em area de concentracao altissima de sinistro.,0.0,False,10000.0,0.0,0.0,0.0,C,G,ALTISSIMA,17.0,1.0
CNPJ_001743,0.0,0.1103,4,APROVADO,RGR_R04_DECIL4_10_APROVADO,APROVADO_AUTOMATICO_BAIXO_RISCO,Aprovacao Automatica: Risco dentro do apetite da seguradora.,0.0,False,10000.0,10000.0,0.0,0.0,H,D,ALTISSIMA,0.0,0.0
CNPJ_001744,0.0,0.0842,9,APROVADO,RGR_R04_DECIL4_10_APROVADO,APROVADO_AUTOMATICO_BAIXO_RISCO,Aprovacao Automatica: Risco dentro do apetite da seguradora.,0.0,False,10000.0,10000.0,0.0,0.0,H,D,BAIXISSIMA,0.0,0.0
CNPJ_001745,0.0,0.0883,8,APROVADO,RGR_R04_DECIL4_10_APROVADO,APROVADO_AUTOMATICO_BAIXO_RISCO,Aprovacao Automatica: Risco dentro do apetite da seguradora.,0.0,False,10000.0,10000.0,0.0,0.0,N,,ALTISSIMA,2.0,0.0
CNPJ_001746,0.0,0.0911,8,APROVADO,RGR_R04_DECIL4_10_APROVADO,APROVADO_AUTOMATICO_BAIXO_RISCO,Aprovacao Automatica: Risco dentro do apetite da seguradora.,0.0,False,10000.0,10000.0,0.0,0.0,N,J,ALTA,69.0,1.0
CNPJ_001747,0.0,0.078,9,RECUSADO,RGR_K02_EXCESSO_PROCESSOS_JUDICIAIS,K02_JUDICIAL_EXTREMO,Recusa Sumaria: Elevado passivo judicial (> 100 processos como requerido).,0.0,False,10000.0,0.0,0.0,0.0,C,J,MEDIA,196.0,0.0
CNPJ_001748,0.0,0.098,6,APROVADO,RGR_R04_DECIL4_10_APROVADO,APROVADO_AUTOMATICO_BAIXO_RISCO,Aprovacao Automatica: Risco dentro do apetite da seguradora.,0.0,False,10000.0,10000.0,0.0,0.0,K,C,BAIXISSIMA,0.0,0.0
CNPJ_001749,0.0,0.1114,4,APROVADO,RGR_R04_DECIL4_10_APROVADO,APROVADO_AUTOMATICO_BAIXO_RISCO,Aprovacao Automatica: Risco dentro do apetite da seguradora.,0.0,False,10000.0,10000.0,0.0,0.0,F,D,ALTA,0.0,0.0
CNPJ_001750,0.0,0.0943,7,APROVADO,RGR_R04_DECIL4_10_APROVADO,APROVADO_AUTOMATICO_BAIXO_RISCO,Aprovacao Automatica: Risco dentro do apetite da seguradora.,0.0,False,10000.0,10000.0,0.0,0.0,K,E,ALTA,2.0,1.0
CNPJ_001751,0.0,0.0794,9,APROVADO,RGR_R04_DECIL4_10_APROVADO,APROVADO_AUTOMATICO_BAIXO_RISCO,Aprovacao Automatica: Risco dentro do apetite da seguradora.,0.0,False,10000.0,10000.0,0.0,0.0,H,D,ALTA,1.0,0.0
CNPJ_001752,0.0,0.1043,5,APROVADO,RGR_R04_DECIL4_10_APROVADO,APROVADO_AUTOMATICO_BAIXO_RISCO,Aprovacao Automatica: Risco dentro do apetite da seguradora.,0.0,False,10000.0,10000.0,0.0,0.0,G,C,BAIXISSIMA,0.0,0.0
CNPJ_001753,0.0,0.0803,9,APROVADO,RGR_R04_DECIL4_10_APROVADO,APROVADO_AUTOMATICO_BAIXO_RISCO,Aprovacao Automatica: Risco dentro do apetite da seguradora.,0.0,False,10000.0,10000.0,0.0,0.0,C,H,,6.0,1.0
CNPJ_001754,0.0,0.1587,1,RECUSADO,RGR_R02_DECIL1_RECUSA_PADRAO,DECIL1_ALTO_RISCO_SEM_MITIGACAO,Recusa por Decil 1 de Risco sem criterios para resgate comercial.,0.0,False,10000.0,0.0,0.0,0.0,C,E,ALTA,3.0,0.0
CNPJ_001755,0.0,0.1182,3,ACEITO_COM_CONDICAO,RGR_R03_DECIL2_3_CONDICIONAL,ACEITE_CONDICIONAL_DECIL_INTERMEDIARIO,Aceite Condicional Decil Intermediario (+7.5% premio).,7.5,False,10000.0,10750.0,750.0,0.0,C,F,ALTA,0.0,0.0
CNPJ_001756,0.0,0.0623,10,APROVADO,RGR_R04_DECIL4_10_APROVADO,APROVADO_AUTOMATICO_BAIXO_RISCO,Aprovacao Automatica: Risco dentro do apetite da seguradora.,0.0,False,10000.0,10000.0,0.0,0.0,H,F,ALTISSIMA,2.0,0.0
CNPJ_001757,0.0,0.0717,10,APROVADO,RGR_R04_DECIL4_10_APROVADO,APROVADO_AUTOMATICO_BAIXO_RISCO,Aprovacao Automatica: Risco dentro do apetite da seguradora.,0.0,False,10000.0,10000.0,0.0,0.0,H,I,BAIXISSIMA,15.0,1.0
CNPJ_001758,0.0,0.0964,7,APROVADO,RGR_R04_DECIL4_10_APROVADO,APROVADO_AUTOMATICO_BAIXO_RISCO,Aprovacao Automatica: Risco dentro do apetite da seguradora.,0.0,False,10000.0,10000.0,0.0,0.0,C,F,BAIXISSIMA,1.0,0.0
CNPJ_001759,0.0,0.0855,8,APROVADO,RGR_R04_DECIL4_10_APROVADO,APROVADO_AUTOMATICO_BAIXO_RISCO,Aprovacao Automatica: Risco dentro do apetite da seguradora.,0.0,False,10000.0,10000.0,0.0,0.0,G,F,ALTISSIMA,0.0,0.0
CNPJ_001760,0.0,0.2552,1,ACEITO_COM_CONDICAO,RGR_R01_DECIL1_RESGATE_COM_RASTREADOR,RECUPERACAO_COMERCIAL_D1,"Aceite Condicional Decil 1: Perfil de score alto risco, porem mitigado por baixo passivo judicial e geografia favoravel.",15.0,True,10000.0,11500.0,1500.0,0.0,H,D,BAIXISSIMA,0.0,0.0
CNPJ_001761,0.0,0.0996,6,APROVADO,RGR_R04_DECIL4_10_APROVADO,APROVADO_AUTOMATICO_BAIXO_RISCO,Aprovacao Automatica: Risco dentro do apetite da seguradora.,0.0,False,10000.0,10000.0,0.0,0.0,H,G,ALTISSIMA,11.0,0.0
CNPJ_001762,0.0,0.1185,3,RECUSADO,RGR_K01_RISCO_LIDERANCA_AREA_CRITICA,K01_LIDERANCA_AREA_CRITICA,Recusa Sumaria: Risco de lideranca detectado em area de concentracao altissima de sinistro.,0.0,False,10000.0,0.0,0.0,0.0,F,,ALTISSIMA,0.0,1.0
CNPJ_001763,0.0,0.1115,4,APROVADO,RGR_R04_DECIL4_10_APROVADO,APROVADO_AUTOMATICO_BAIXO_RISCO,Aprovacao Automatica: Risco dentro do apetite da seguradora.,0.0,False,10000.0,10000.0,0.0,0.0,J,,BAIXISSIMA,0.0,
CNPJ_001764,0.0,0.1235,2,ACEITO_COM_CONDICAO,RGR_R03_DECIL2_3_CONDICIONAL,ACEITE_CONDICIONAL_DECIL_INTERMEDIARIO,Aceite Condicional Decil Intermediario (+7.5% premio).,7.5,False,10000.0,10750.0,750.0,0.0,C,E,ALTA,1.0,0.0
CNPJ_001765,0.0,0.1088,4,APROVADO,RGR_R04_DECIL4_10_APROVADO,APROVADO_AUTOMATICO_BAIXO_RISCO,Aprovacao Automatica: Risco dentro do apetite da seguradora.,0.0,False,10000.0,10000.0,0.0,0.0,G,D,MEDIA,0.0,0.0
CNPJ_001766,0.0,0.1008,6,APROVADO,RGR_R04_DECIL4_10_APROVADO,APROVADO_AUTOMATICO_BAIXO_RISCO,Aprovacao Automatica: Risco dentro do apetite da seguradora.,0.0,False,10000.0,10000.0,0.0,0.0,G,C,,0.0,0.0
CNPJ_001767,0.0,0.0989,6,APROVADO,RGR_R04_DECIL4_10_APROVADO,APROVADO_AUTOMATICO_BAIXO_RISCO,Aprovacao Automatica: Risco dentro do apetite da seguradora.,0.0,False,10000.0,10000.0,0.0,0.0,N,B,ALTA,0.0,0.0
CNPJ_001768,0.0,0.1141,3,ACEITO_COM_CONDICAO,RGR_R03_DECIL2_3_CONDICIONAL,ACEITE_CONDICIONAL_DECIL_INTERMEDIARIO,Aceite Condicional Decil Intermediario (+7.5% premio).,7.5,False,10000.0,10750.0,750.0,0.0,G,F,BAIXISSIMA,1.0,0.0
CNPJ_001769,0.0,0.112,4,APROVADO,RGR_R04_DECIL4_10_APROVADO,APROVADO_AUTOMATICO_BAIXO_RISCO,Aprovacao Automatica: Risco dentro do apetite da seguradora.,0.0,False,10000.0,10000.0,0.0,0.0,C,A,ALTA,0.0,0.0
CNPJ_001770,0.0,0.0835,9,APROVADO,RGR_R04_DECIL4_10_APROVADO,APROVADO_AUTOMATICO_BAIXO_RISCO,Aprovacao Automatica: Risco dentro do apetite da seguradora.,0.0,False,10000.0,10000.0,0.0,0.0,H,A,BAIXISSIMA,0.0,1.0
CNPJ_001771,0.0,0.2287,1,RECUSADO,RGR_K02_EXCESSO_PROCESSOS_JUDICIAIS,K02_JUDICIAL_EXTREMO,Recusa Sumaria: Elevado passivo judicial (> 100 processos como requerido).,0.0,False,10000.0,0.0,0.0,0.0,H,J,ALTISSIMA,116.0,0.0
CNPJ_001772,0.0,0.1197,3,ACEITO_COM_CONDICAO,RGR_R03_DECIL2_3_CONDICIONAL,ACEITE_CONDICIONAL_DECIL_INTERMEDIARIO,Aceite Condicional Decil Intermediario (+7.5% premio).,7.5,False,10000.0,10750.0,750.0,0.0,I,E,ALTA,0.0,0.0
CNPJ_001773,0.0,0.0991,6,APROVADO,RGR_R04_DECIL4_10_APROVADO,APROVADO_AUTOMATICO_BAIXO_RISCO,Aprovacao Automatica: Risco dentro do apetite da seguradora.,0.0,False,10000.0,10000.0,0.0,0.0,C,H,ALTA,0.0,0.0
CNPJ_001774,0.0,0.1017,6,APROVADO,RGR_R04_DECIL4_10_APROVADO,APROVADO_AUTOMATICO_BAIXO_RISCO,Aprovacao Automatica: Risco dentro do apetite da seguradora.,0.0,False,10000.0,10000.0,0.0,0.0,G,,BAIXISSIMA,0.0,
CNPJ_001775,0.0,0.1023,5,APROVADO,RGR_R04_DECIL4_10_APROVADO,APROVADO_AUTOMATICO_BAIXO_RISCO,Aprovacao Automatica: Risco dentro do apetite da seguradora.,0.0,False,10000.0,10000.0,0.0,0.0,H,J,ALTA,12.0,0.0
CNPJ_001776,0.0,0.1095,4,APROVADO,RGR_R04_DECIL4_10_APROVADO,APROVADO_AUTOMATICO_BAIXO_RISCO,Aprovacao Automatica: Risco dentro do apetite da seguradora.,0.0,False,10000.0,10000.0,0.0,0.0,G,C,ALTISSIMA,0.0,0.0
CNPJ_001777,0.0,0.1223,2,ACEITO_COM_CONDICAO,RGR_R03_DECIL2_3_CONDICIONAL,ACEITE_CONDICIONAL_DECIL_INTERMEDIARIO,Aceite Condicional Decil Intermediario (+7.5% premio).,7.5,False,10000.0,10750.0,750.0,0.0,S,B,ALTA,0.0,0.0
CNPJ_001778,0.0,0.1273,2,ACEITO_COM_CONDICAO,RGR_R03_DECIL2_3_CONDICIONAL,ACEITE_CONDICIONAL_DECIL_INTERMEDIARIO,Aceite Condicional Decil Intermediario (+7.5% premio).,7.5,False,10000.0,10750.0,750.0,0.0,G,H,ALTA,1.0,0.0
CNPJ_001779,0.0,0.0935,7,APROVADO,RGR_R04_DECIL4_10_APROVADO,APROVADO_AUTOMATICO_BAIXO_RISCO,Aprovacao Automatica: Risco dentro do apetite da seguradora.,0.0,False,10000.0,10000.0,0.0,0.0,C,B,BAIXISSIMA,0.0,0.0
CNPJ_001780,0.0,0.0849,9,APROVADO,RGR_R04_DECIL4_10_APROVADO,APROVADO_AUTOMATICO_BAIXO_RISCO,Aprovacao Automatica: Risco dentro do apetite da seguradora.,0.0,False,10000.0,10000.0,0.0,0.0,M,F,ALTISSIMA,0.0,0.0
CNPJ_001781,0.0,0.0915,8,APROVADO,RGR_R04_DECIL4_10_APROVADO,APROVADO_AUTOMATICO_BAIXO_RISCO,Aprovacao Automatica: Risco dentro do apetite da seguradora.,0.0,False,10000.0,10000.0,0.0,0.0,F,C,MEDIA,0.0,0.0
CNPJ_001782,0.0,0.1086,4,APROVADO,RGR_R04_DECIL4_10_APROVADO,APROVADO_AUTOMATICO_BAIXO_RISCO,Aprovacao Automatica: Risco dentro do apetite da seguradora.,0.0,False,10000.0,10000.0,0.0,0.0,L,E,ALTISSIMA,2.0,0.0
CNPJ_001783,0.0,0.1058,5,APROVADO,RGR_R04_DECIL4_10_APROVADO,APROVADO_AUTOMATICO_BAIXO_RISCO,Aprovacao Automatica: Risco dentro do apetite da seguradora.,0.0,False,10000.0,10000.0,0.0,0.0,C,C,ALTA,0.0,0.0
CNPJ_001784,0.0,0.0939,7,APROVADO,RGR_R04_DECIL4_10_APROVADO,APROVADO_AUTOMATICO_BAIXO_RISCO,Aprovacao Automatica: Risco dentro do apetite da seguradora.,0.0,False,10000.0,10000.0,0.0,0.0,H,E,ALTA,0.0,0.0
CNPJ_001785,0.0,0.071,10,APROVADO,RGR_R04_DECIL4_10_APROVADO,APROVADO_AUTOMATICO_BAIXO_RISCO,Aprovacao Automatica: Risco dentro do apetite da seguradora.,0.0,False,10000.0,10000.0,0.0,0.0,F,B,ALTA,0.0,0.0
CNPJ_001786,0.0,0.0894,8,RECUSADO,RGR_K01_RISCO_LIDERANCA_AREA_CRITICA,K01_LIDERANCA_AREA_CRITICA,Recusa Sumaria: Risco de lideranca detectado em area de concentracao altissima de sinistro.,0.0,False,10000.0,0.0,0.0,0.0,S,,ALTISSIMA,0.0,1.0
CNPJ_001787,0.0,0.1329,2,RECUSADO,RGR_K02_EXCESSO_PROCESSOS_JUDICIAIS,K02_JUDICIAL_EXTREMO,Recusa Sumaria: Elevado passivo judicial (> 100 processos como requerido).,0.0,False,10000.0,0.0,0.0,0.0,C,J,ALTA,382.0,0.0
CNPJ_001788,0.0,0.1058,5,APROVADO,RGR_R04_DECIL4_10_APROVADO,APROVADO_AUTOMATICO_BAIXO_RISCO,Aprovacao Automatica: Risco dentro do apetite da seguradora.,0.0,False,10000.0,10000.0,0.0,0.0,K,G,BAIXISSIMA,43.0,0.0
CNPJ_001789,0.0,0.0962,7,APROVADO,RGR_R04_DECIL4_10_APROVADO,APROVADO_AUTOMATICO_BAIXO_RISCO,Aprovacao Automatica: Risco dentro do apetite da seguradora.,0.0,False,10000.0,10000.0,0.0,0.0,G,D,BAIXISSIMA,0.0,0.0
CNPJ_001790,0.0,0.0994,6,APROVADO,RGR_R04_DECIL4_10_APROVADO,APROVADO_AUTOMATICO_BAIXO_RISCO,Aprovacao Automatica: Risco dentro do apetite da seguradora.,0.0,False,10000.0,10000.0,0.0,0.0,C,E,MEDIA,0.0,0.0
CNPJ_001791,0.0,0.0774,9,APROVADO,RGR_R04_DECIL4_10_APROVADO,APROVADO_AUTOMATICO_BAIXO_RISCO,Aprovacao Automatica: Risco dentro do apetite da seguradora.,0.0,False,10000.0,10000.0,0.0,0.0,C,J,BAIXISSIMA,47.0,0.0
CNPJ_001792,0.0,0.0845,9,APROVADO,RGR_R04_DECIL4_10_APROVADO,APROVADO_AUTOMATICO_BAIXO_RISCO,Aprovacao Automatica: Risco dentro do apetite da seguradora.,0.0,False,10000.0,10000.0,0.0,0.0,H,,ALTISSIMA,0.0,
CNPJ_001793,0.0,0.0849,9,APROVADO,RGR_R04_DECIL4_10_APROVADO,APROVADO_AUTOMATICO_BAIXO_RISCO,Aprovacao Automatica: Risco dentro do apetite da seguradora.,0.0,False,10000.0,10000.0,0.0,0.0,G,H,BAIXISSIMA,2.0,0.0
CNPJ_001794,0.0,0.1912,1,RECUSADO,RGR_R02_DECIL1_RECUSA_PADRAO,DECIL1_ALTO_RISCO_SEM_MITIGACAO,Recusa por Decil 1 de Risco sem criterios para resgate comercial.,0.0,False,10000.0,0.0,0.0,0.0,F,H,ALTA,3.0,0.0
CNPJ_001795,0.0,0.105,5,APROVADO,RGR_R04_DECIL4_10_APROVADO,APROVADO_AUTOMATICO_BAIXO_RISCO,Aprovacao Automatica: Risco dentro do apetite da seguradora.,0.0,False,10000.0,10000.0,0.0,0.0,G,D,BAIXISSIMA,0.0,0.0
CNPJ_001796,0.0,0.1122,4,APROVADO,RGR_R04_DECIL4_10_APROVADO,APROVADO_AUTOMATICO_BAIXO_RISCO,Aprovacao Automatica: Risco dentro do apetite da seguradora.,0.0,False,10000.0,10000.0,0.0,0.0,F,D,ALTISSIMA,1.0,0.0
CNPJ_001797,0.0,0.2226,1,ACEITO_COM_CONDICAO,RGR_R01_DECIL1_RESGATE_COM_RASTREADOR,RECUPERACAO_COMERCIAL_D1,"Aceite Condicional Decil 1: Perfil de score alto risco, porem mitigado por baixo passivo judicial e geografia favoravel.",15.0,True,10000.0,11500.0,1500.0,0.0,C,H,BAIXISSIMA,4.0,0.0
CNPJ_001798,0.0,0.0859,8,APROVADO,RGR_R04_DECIL4_10_APROVADO,APROVADO_AUTOMATICO_BAIXO_RISCO,Aprovacao Automatica: Risco dentro do apetite da seguradora.,0.0,False,10000.0,10000.0,0.0,0.0,C,J,MEDIA,3.0,0.0
CNPJ_001799,0.0,0.0952,7,RECUSADO,RGR_K01_RISCO_LIDERANCA_AREA_CRITICA,K01_LIDERANCA_AREA_CRITICA,Recusa Sumaria: Risco de lideranca detectado em area de concentracao altissima de sinistro.,0.0,False,10000.0,0.0,0.0,0.0,H,G,ALTISSIMA,25.0,1.0
CNPJ_001800,0.0,0.1086,4,APROVADO,RGR_R04_DECIL4_10_APROVADO,APROVADO_AUTOMATICO_BAIXO_RISCO,Aprovacao Automatica: Risco dentro do apetite da seguradora.,0.0,False,10000.0,10000.0,0.0,0.0,C,J,BAIXISSIMA,17.0,1.0
CNPJ_001801,0.0,0.1053,5,APROVADO,RGR_R04_DECIL4_10_APROVADO,APROVADO_AUTOMATICO_BAIXO_RISCO,Aprovacao Automatica: Risco dentro do apetite da seguradora.,0.0,False,10000.0,10000.0,0.0,0.0,G,C,,0.0,0.0
CNPJ_001802,0.0,0.1192,3,ACEITO_COM_CONDICAO,RGR_R03_DECIL2_3_CONDICIONAL,ACEITE_CONDICIONAL_DECIL_INTERMEDIARIO,Aceite Condicional Decil Intermediario (+7.5% premio).,7.5,False,10000.0,10750.0,750.0,0.0,P,EMPRESA_ISENTA,ALTISSIMA,2.0,0.0
CNPJ_001803,0.0,0.1258,2,ACEITO_COM_CONDICAO,RGR_R03_DECIL2_3_CONDICIONAL,ACEITE_CONDICIONAL_DECIL_INTERMEDIARIO,Aceite Condicional Decil Intermediario (+7.5% premio).,7.5,False,10000.0,10750.0,750.0,0.0,C,A,BAIXISSIMA,0.0,
CNPJ_001804,0.0,0.2385,1,ACEITO_COM_CONDICAO,RGR_R01_DECIL1_RESGATE_COM_RASTREADOR,RECUPERACAO_COMERCIAL_D1,"Aceite Condicional Decil 1: Perfil de score alto risco, porem mitigado por baixo passivo judicial e geografia favoravel.",15.0,True,10000.0,11500.0,1500.0,0.0,H,,BAIXISSIMA,0.0,
CNPJ_001805,0.0,0.2621,1,RECUSADO,RGR_R02_DECIL1_RECUSA_PADRAO,DECIL1_ALTO_RISCO_SEM_MITIGACAO,Recusa por Decil 1 de Risco sem criterios para resgate comercial.,0.0,False,10000.0,0.0,0.0,0.0,H,H,,9.0,0.0
CNPJ_001806,0.0,0.1045,5,APROVADO,RGR_R04_DECIL4_10_APROVADO,APROVADO_AUTOMATICO_BAIXO_RISCO,Aprovacao Automatica: Risco dentro do apetite da seguradora.,0.0,False,10000.0,10000.0,0.0,0.0,B,J,ALTA,25.0,0.0
CNPJ_001807,0.0,0.0898,8,APROVADO,RGR_R04_DECIL4_10_APROVADO,APROVADO_AUTOMATICO_BAIXO_RISCO,Aprovacao Automatica: Risco dentro do apetite da seguradora.,0.0,False,10000.0,10000.0,0.0,0.0,G,J,BAIXISSIMA,31.0,0.0
CNPJ_001808,0.0,0.1073,5,APROVADO,RGR_R04_DECIL4_10_APROVADO,APROVADO_AUTOMATICO_BAIXO_RISCO,Aprovacao Automatica: Risco dentro do apetite da seguradora.,0.0,False,10000.0,10000.0,0.0,0.0,H,,BAIXISSIMA,0.0,0.0
CNPJ_001809,0.0,0.0893,8,APROVADO,RGR_R04_DECIL4_10_APROVADO,APROVADO_AUTOMATICO_BAIXO_RISCO,Aprovacao Automatica: Risco dentro do apetite da seguradora.,0.0,False,10000.0,10000.0,0.0,0.0,G,D,ALTISSIMA,0.0,0.0
CNPJ_001810,0.0,0.0763,10,APROVADO,RGR_R04_DECIL4_10_APROVADO,APROVADO_AUTOMATICO_BAIXO_RISCO,Aprovacao Automatica: Risco dentro do apetite da seguradora.,0.0,False,10000.0,10000.0,0.0,0.0,L,G,ALTA,0.0,0.0
CNPJ_001811,0.0,0.1204,2,ACEITO_COM_CONDICAO,RGR_R03_DECIL2_3_CONDICIONAL,ACEITE_CONDICIONAL_DECIL_INTERMEDIARIO,Aceite Condicional Decil Intermediario (+7.5% premio).,7.5,False,10000.0,10750.0,750.0,0.0,S,EMPRESA_ISENTA,BAIXISSIMA,0.0,0.0
CNPJ_001812,0.0,0.0627,10,APROVADO,RGR_R04_DECIL4_10_APROVADO,APROVADO_AUTOMATICO_BAIXO_RISCO,Aprovacao Automatica: Risco dentro do apetite da seguradora.,0.0,False,10000.0,10000.0,0.0,0.0,N,J,,52.0,1.0
CNPJ_001813,0.0,0.1039,5,APROVADO,RGR_R04_DECIL4_10_APROVADO,APROVADO_AUTOMATICO_BAIXO_RISCO,Aprovacao Automatica: Risco dentro do apetite da seguradora.,0.0,False,10000.0,10000.0,0.0,0.0,G,A,ALTA,7.0,0.0
CNPJ_001814,0.0,0.0829,9,APROVADO,RGR_R04_DECIL4_10_APROVADO,APROVADO_AUTOMATICO_BAIXO_RISCO,Aprovacao Automatica: Risco dentro do apetite da seguradora.,0.0,False,10000.0,10000.0,0.0,0.0,G,H,BAIXISSIMA,1.0,0.0
CNPJ_001815,0.0,0.0953,7,APROVADO,RGR_R04_DECIL4_10_APROVADO,APROVADO_AUTOMATICO_BAIXO_RISCO,Aprovacao Automatica: Risco dentro do apetite da seguradora.,0.0,False,10000.0,10000.0,0.0,0.0,S,EMPRESA_ISENTA,BAIXISSIMA,0.0,
CNPJ_001816,0.0,0.0702,10,APROVADO,RGR_R04_DECIL4_10_APROVADO,APROVADO_AUTOMATICO_BAIXO_RISCO,Aprovacao Automatica: Risco dentro do apetite da seguradora.,0.0,False,10000.0,10000.0,0.0,0.0,F,J,ALTISSIMA,64.0,0.0
CNPJ_001817,0.0,0.084,9,APROVADO,RGR_R04_DECIL4_10_APROVADO,APROVADO_AUTOMATICO_BAIXO_RISCO,Aprovacao Automatica: Risco dentro do apetite da seguradora.,0.0,False,10000.0,10000.0,0.0,0.0,G,F,MEDIA,3.0,1.0
CNPJ_001818,0.0,0.1087,4,APROVADO,RGR_R04_DECIL4_10_APROVADO,APROVADO_AUTOMATICO_BAIXO_RISCO,Aprovacao Automatica: Risco dentro do apetite da seguradora.,0.0,False,10000.0,10000.0,0.0,0.0,G,C,ALTA,0.0,0.0
CNPJ_001819,0.0,0.1003,6,APROVADO,RGR_R04_DECIL4_10_APROVADO,APROVADO_AUTOMATICO_BAIXO_RISCO,Aprovacao Automatica: Risco dentro do apetite da seguradora.,0.0,False,10000.0,10000.0,0.0,0.0,N,C,ALTA,0.0,
CNPJ_001820,0.0,0.2201,1,ACEITO_COM_CONDICAO,RGR_R01_DECIL1_RESGATE_COM_RASTREADOR,RECUPERACAO_COMERCIAL_D1,"Aceite Condicional Decil 1: Perfil de score alto risco, porem mitigado por baixo passivo judicial e geografia favoravel.",15.0,True,10000.0,11500.0,1500.0,0.0,H,F,BAIXISSIMA,2.0,0.0
CNPJ_001821,0.0,0.0849,9,APROVADO,RGR_R04_DECIL4_10_APROVADO,APROVADO_AUTOMATICO_BAIXO_RISCO,Aprovacao Automatica: Risco dentro do apetite da seguradora.,0.0,False,10000.0,10000.0,0.0,0.0,G,H,ALTISSIMA,7.0,0.0
CNPJ_001822,0.0,0.09,8,APROVADO,RGR_R04_DECIL4_10_APROVADO,APROVADO_AUTOMATICO_BAIXO_RISCO,Aprovacao Automatica: Risco dentro do apetite da seguradora.,0.0,False,10000.0,10000.0,0.0,0.0,G,D,ALTISSIMA,0.0,0.0
CNPJ_001823,0.0,0.0959,7,APROVADO,RGR_R04_DECIL4_10_APROVADO,APROVADO_AUTOMATICO_BAIXO_RISCO,Aprovacao Automatica: Risco dentro do apetite da seguradora.,0.0,False,10000.0,10000.0,0.0,0.0,S,EMPRESA_ISENTA,ALTISSIMA,5.0,
CNPJ_001824,0.0,0.1023,5,APROVADO,RGR_R04_DECIL4_10_APROVADO,APROVADO_AUTOMATICO_BAIXO_RISCO,Aprovacao Automatica: Risco dentro do apetite da seguradora.,0.0,False,10000.0,10000.0,0.0,0.0,H,I,ALTA,42.0,1.0
CNPJ_001825,0.0,0.1048,5,APROVADO,RGR_R04_DECIL4_10_APROVADO,APROVADO_AUTOMATICO_BAIXO_RISCO,Aprovacao Automatica: Risco dentro do apetite da seguradora.,0.0,False,10000.0,10000.0,0.0,0.0,G,A,BAIXISSIMA,1.0,0.0
CNPJ_001826,0.0,0.0995,6,APROVADO,RGR_R04_DECIL4_10_APROVADO,APROVADO_AUTOMATICO_BAIXO_RISCO,Aprovacao Automatica: Risco dentro do apetite da seguradora.,0.0,False,10000.0,10000.0,0.0,0.0,K,,ALTA,0.0,0.0
CNPJ_001827,0.0,0.1281,2,ACEITO_COM_CONDICAO,RGR_R03_DECIL2_3_CONDICIONAL,ACEITE_CONDICIONAL_DECIL_INTERMEDIARIO,Aceite Condicional Decil Intermediario (+7.5% premio).,7.5,False,10000.0,10750.0,750.0,0.0,S,EMPRESA_ISENTA,BAIXISSIMA,0.0,
CNPJ_001828,0.0,0.0744,10,RECUSADO,RGR_K02_EXCESSO_PROCESSOS_JUDICIAIS,K02_JUDICIAL_EXTREMO,Recusa Sumaria: Elevado passivo judicial (> 100 processos como requerido).,0.0,False,10000.0,0.0,0.0,0.0,C,J,BAIXISSIMA,561.0,0.0
CNPJ_001829,0.0,0.1199,3,ACEITO_COM_CONDICAO,RGR_R03_DECIL2_3_CONDICIONAL,ACEITE_CONDICIONAL_DECIL_INTERMEDIARIO,Aceite Condicional Decil Intermediario (+7.5% premio).,7.5,False,10000.0,10750.0,750.0,0.0,C,D,ALTA,0.0,0.0
CNPJ_001830,0.0,0.0974,6,APROVADO,RGR_R04_DECIL4_10_APROVADO,APROVADO_AUTOMATICO_BAIXO_RISCO,Aprovacao Automatica: Risco dentro do apetite da seguradora.,0.0,False,10000.0,10000.0,0.0,0.0,N,A,BAIXISSIMA,1.0,1.0
CNPJ_001831,0.0,0.1109,4,APROVADO,RGR_R04_DECIL4_10_APROVADO,APROVADO_AUTOMATICO_BAIXO_RISCO,Aprovacao Automatica: Risco dentro do apetite da seguradora.,0.0,False,10000.0,10000.0,0.0,0.0,H,,ALTA,0.0,0.0
CNPJ_001832,0.0,0.1054,5,APROVADO,RGR_R04_DECIL4_10_APROVADO,APROVADO_AUTOMATICO_BAIXO_RISCO,Aprovacao Automatica: Risco dentro do apetite da seguradora.,0.0,False,10000.0,10000.0,0.0,0.0,N,H,ALTA,0.0,0.0
CNPJ_001833,0.0,0.0981,6,APROVADO,RGR_R04_DECIL4_10_APROVADO,APROVADO_AUTOMATICO_BAIXO_RISCO,Aprovacao Automatica: Risco dentro do apetite da seguradora.,0.0,False,10000.0,10000.0,0.0,0.0,G,D,ALTISSIMA,0.0,0.0
CNPJ_001834,0.0,0.0814,9,APROVADO,RGR_R04_DECIL4_10_APROVADO,APROVADO_AUTOMATICO_BAIXO_RISCO,Aprovacao Automatica: Risco dentro do apetite da seguradora.,0.0,False,10000.0,10000.0,0.0,0.0,G,I,ALTISSIMA,8.0,0.0
CNPJ_001835,0.0,0.1,6,APROVADO,RGR_R04_DECIL4_10_APROVADO,APROVADO_AUTOMATICO_BAIXO_RISCO,Aprovacao Automatica: Risco dentro do apetite da seguradora.,0.0,False,10000.0,10000.0,0.0,0.0,G,A,,0.0,0.0
CNPJ_001836,0.0,0.1191,3,ACEITO_COM_CONDICAO,RGR_R03_DECIL2_3_CONDICIONAL,ACEITE_CONDICIONAL_DECIL_INTERMEDIARIO,Aceite Condicional Decil Intermediario (+7.5% premio).,7.5,False,10000.0,10750.0,750.0,0.0,G,D,BAIXISSIMA,0.0,0.0
CNPJ_001837,0.0,0.0927,7,APROVADO,RGR_R04_DECIL4_10_APROVADO,APROVADO_AUTOMATICO_BAIXO_RISCO,Aprovacao Automatica: Risco dentro do apetite da seguradora.,0.0,False,10000.0,10000.0,0.0,0.0,C,I,ALTISSIMA,7.0,0.0
CNPJ_001838,0.0,0.1047,5,APROVADO,RGR_R04_DECIL4_10_APROVADO,APROVADO_AUTOMATICO_BAIXO_RISCO,Aprovacao Automatica: Risco dentro do apetite da seguradora.,0.0,False,10000.0,10000.0,0.0,0.0,N,,ALTA,0.0,0.0
CNPJ_001839,0.0,0.088,8,APROVADO,RGR_R04_DECIL4_10_APROVADO,APROVADO_AUTOMATICO_BAIXO_RISCO,Aprovacao Automatica: Risco dentro do apetite da seguradora.,0.0,False,10000.0,10000.0,0.0,0.0,G,F,ALTA,0.0,0.0
CNPJ_001840,0.0,0.1206,2,ACEITO_COM_CONDICAO,RGR_R03_DECIL2_3_CONDICIONAL,ACEITE_CONDICIONAL_DECIL_INTERMEDIARIO,Aceite Condicional Decil Intermediario (+7.5% premio).,7.5,False,10000.0,10750.0,750.0,0.0,G,G,ALTA,2.0,0.0
CNPJ_001841,0.0,0.1051,5,RECUSADO,RGR_K01_RISCO_LIDERANCA_AREA_CRITICA,K01_LIDERANCA_AREA_CRITICA,Recusa Sumaria: Risco de lideranca detectado em area de concentracao altissima de sinistro.,0.0,False,10000.0,0.0,0.0,0.0,G,I,ALTISSIMA,0.0,1.0
CNPJ_001842,0.0,0.0873,8,APROVADO,RGR_R04_DECIL4_10_APROVADO,APROVADO_AUTOMATICO_BAIXO_RISCO,Aprovacao Automatica: Risco dentro do apetite da seguradora.,0.0,False,10000.0,10000.0,0.0,0.0,G,G,ALTA,9.0,0.0
CNPJ_001843,0.0,0.0965,7,APROVADO,RGR_R04_DECIL4_10_APROVADO,APROVADO_AUTOMATICO_BAIXO_RISCO,Aprovacao Automatica: Risco dentro do apetite da seguradora.,0.0,False,10000.0,10000.0,0.0,0.0,G,D,ALTA,0.0,0.0
CNPJ_001844,0.0,0.085,9,APROVADO,RGR_R04_DECIL4_10_APROVADO,APROVADO_AUTOMATICO_BAIXO_RISCO,Aprovacao Automatica: Risco dentro do apetite da seguradora.,0.0,False,10000.0,10000.0,0.0,0.0,L,B,ALTA,0.0,1.0
CNPJ_001845,0.0,0.0824,9,RECUSADO,RGR_K01_RISCO_LIDERANCA_AREA_CRITICA,K01_LIDERANCA_AREA_CRITICA,Recusa Sumaria: Risco de lideranca detectado em area de concentracao altissima de sinistro.,0.0,False,10000.0,0.0,0.0,0.0,G,H,ALTISSIMA,16.0,1.0
CNPJ_001846,0.0,0.1049,5,APROVADO,RGR_R04_DECIL4_10_APROVADO,APROVADO_AUTOMATICO_BAIXO_RISCO,Aprovacao Automatica: Risco dentro do apetite da seguradora.,0.0,False,10000.0,10000.0,0.0,0.0,G,G,BAIXISSIMA,4.0,0.0
CNPJ_001847,0.0,0.0589,10,APROVADO,RGR_R04_DECIL4_10_APROVADO,APROVADO_AUTOMATICO_BAIXO_RISCO,Aprovacao Automatica: Risco dentro do apetite da seguradora.,0.0,False,10000.0,10000.0,0.0,0.0,H,J,ALTA,32.0,0.0
CNPJ_001848,0.0,0.0972,7,APROVADO,RGR_R04_DECIL4_10_APROVADO,APROVADO_AUTOMATICO_BAIXO_RISCO,Aprovacao Automatica: Risco dentro do apetite da seguradora.,0.0,False,10000.0,10000.0,0.0,0.0,G,D,ALTA,0.0,0.0
CNPJ_001849,0.0,0.0687,10,APROVADO,RGR_R04_DECIL4_10_APROVADO,APROVADO_AUTOMATICO_BAIXO_RISCO,Aprovacao Automatica: Risco dentro do apetite da seguradora.,0.0,False,10000.0,10000.0,0.0,0.0,H,I,BAIXISSIMA,15.0,1.0
CNPJ_001850,0.0,0.0963,7,APROVADO,RGR_R04_DECIL4_10_APROVADO,APROVADO_AUTOMATICO_BAIXO_RISCO,Aprovacao Automatica: Risco dentro do apetite da seguradora.,0.0,False,10000.0,10000.0,0.0,0.0,C,H,BAIXISSIMA,1.0,0.0
CNPJ_001851,0.0,0.0621,10,APROVADO,RGR_R04_DECIL4_10_APROVADO,APROVADO_AUTOMATICO_BAIXO_RISCO,Aprovacao Automatica: Risco dentro do apetite da seguradora.,0.0,False,10000.0,10000.0,0.0,0.0,H,H,BAIXISSIMA,7.0,1.0
CNPJ_001852,0.0,0.0709,10,APROVADO,RGR_R04_DECIL4_10_APROVADO,APROVADO_AUTOMATICO_BAIXO_RISCO,Aprovacao Automatica: Risco dentro do apetite da seguradora.,0.0,False,10000.0,10000.0,0.0,0.0,,,,,
CNPJ_001853,0.0,0.0761,10,APROVADO,RGR_R04_DECIL4_10_APROVADO,APROVADO_AUTOMATICO_BAIXO_RISCO,Aprovacao Automatica: Risco dentro do apetite da seguradora.,0.0,False,10000.0,10000.0,0.0,0.0,H,D,ALTISSIMA,0.0,0.0
CNPJ_001854,0.0,0.088,8,APROVADO,RGR_R04_DECIL4_10_APROVADO,APROVADO_AUTOMATICO_BAIXO_RISCO,Aprovacao Automatica: Risco dentro do apetite da seguradora.,0.0,False,10000.0,10000.0,0.0,0.0,H,C,ALTISSIMA,4.0,0.0
CNPJ_001855,0.0,0.1018,6,RECUSADO,RGR_K01_RISCO_LIDERANCA_AREA_CRITICA,K01_LIDERANCA_AREA_CRITICA,Recusa Sumaria: Risco de lideranca detectado em area de concentracao altissima de sinistro.,0.0,False,10000.0,0.0,0.0,0.0,H,C,ALTISSIMA,0.0,1.0
CNPJ_001856,0.0,0.2195,1,RECUSADO,RGR_R02_DECIL1_RECUSA_PADRAO,DECIL1_ALTO_RISCO_SEM_MITIGACAO,Recusa por Decil 1 de Risco sem criterios para resgate comercial.,0.0,False,10000.0,0.0,0.0,0.0,F,E,ALTA,3.0,0.0
CNPJ_001857,0.0,0.1188,3,RECUSADO,RGR_K02_EXCESSO_PROCESSOS_JUDICIAIS,K02_JUDICIAL_EXTREMO,Recusa Sumaria: Elevado passivo judicial (> 100 processos como requerido).,0.0,False,10000.0,0.0,0.0,0.0,G,J,BAIXISSIMA,212.0,0.0
CNPJ_001858,0.0,0.0709,10,APROVADO,RGR_R04_DECIL4_10_APROVADO,APROVADO_AUTOMATICO_BAIXO_RISCO,Aprovacao Automatica: Risco dentro do apetite da seguradora.,0.0,False,10000.0,10000.0,0.0,0.0,,,,,
CNPJ_001859,0.0,0.113,4,APROVADO,RGR_R04_DECIL4_10_APROVADO,APROVADO_AUTOMATICO_BAIXO_RISCO,Aprovacao Automatica: Risco dentro do apetite da seguradora.,0.0,False,10000.0,10000.0,0.0,0.0,C,F,ALTA,0.0,0.0
CNPJ_001860,0.0,0.0715,10,APROVADO,RGR_R04_DECIL4_10_APROVADO,APROVADO_AUTOMATICO_BAIXO_RISCO,Aprovacao Automatica: Risco dentro do apetite da seguradora.,0.0,False,10000.0,10000.0,0.0,0.0,H,E,BAIXISSIMA,1.0,0.0
CNPJ_001861,0.0,0.0867,8,APROVADO,RGR_R04_DECIL4_10_APROVADO,APROVADO_AUTOMATICO_BAIXO_RISCO,Aprovacao Automatica: Risco dentro do apetite da seguradora.,0.0,False,10000.0,10000.0,0.0,0.0,C,G,ALTA,2.0,0.0
CNPJ_001862,0.0,0.0811,9,APROVADO,RGR_R04_DECIL4_10_APROVADO,APROVADO_AUTOMATICO_BAIXO_RISCO,Aprovacao Automatica: Risco dentro do apetite da seguradora.,0.0,False,10000.0,10000.0,0.0,0.0,F,F,ALTISSIMA,1.0,0.0
CNPJ_001863,0.0,0.0773,9,APROVADO,RGR_R04_DECIL4_10_APROVADO,APROVADO_AUTOMATICO_BAIXO_RISCO,Aprovacao Automatica: Risco dentro do apetite da seguradora.,0.0,False,10000.0,10000.0,0.0,0.0,C,,ALTA,0.0,0.0
CNPJ_001864,0.0,0.1014,6,APROVADO,RGR_R04_DECIL4_10_APROVADO,APROVADO_AUTOMATICO_BAIXO_RISCO,Aprovacao Automatica: Risco dentro do apetite da seguradora.,0.0,False,10000.0,10000.0,0.0,0.0,C,E,BAIXISSIMA,0.0,0.0
CNPJ_001865,0.0,0.0717,10,APROVADO,RGR_R04_DECIL4_10_APROVADO,APROVADO_AUTOMATICO_BAIXO_RISCO,Aprovacao Automatica: Risco dentro do apetite da seguradora.,0.0,False,10000.0,10000.0,0.0,0.0,C,D,ALTISSIMA,0.0,0.0
CNPJ_001866,0.0,0.1051,5,APROVADO,RGR_R04_DECIL4_10_APROVADO,APROVADO_AUTOMATICO_BAIXO_RISCO,Aprovacao Automatica: Risco dentro do apetite da seguradora.,0.0,False,10000.0,10000.0,0.0,0.0,G,E,BAIXISSIMA,0.0,0.0
CNPJ_001867,0.0,0.1164,3,ACEITO_COM_CONDICAO,RGR_R03_DECIL2_3_CONDICIONAL,ACEITE_CONDICIONAL_DECIL_INTERMEDIARIO,Aceite Condicional Decil Intermediario (+7.5% premio).,7.5,False,10000.0,10750.0,750.0,0.0,G,D,BAIXISSIMA,0.0,0.0
CNPJ_001868,0.0,0.1093,4,APROVADO,RGR_R04_DECIL4_10_APROVADO,APROVADO_AUTOMATICO_BAIXO_RISCO,Aprovacao Automatica: Risco dentro do apetite da seguradora.,0.0,False,10000.0,10000.0,0.0,0.0,F,H,ALTA,4.0,0.0
CNPJ_001869,0.0,0.1117,4,APROVADO,RGR_R04_DECIL4_10_APROVADO,APROVADO_AUTOMATICO_BAIXO_RISCO,Aprovacao Automatica: Risco dentro do apetite da seguradora.,0.0,False,10000.0,10000.0,0.0,0.0,F,,ALTA,0.0,0.0
CNPJ_001870,0.0,0.0972,7,APROVADO,RGR_R04_DECIL4_10_APROVADO,APROVADO_AUTOMATICO_BAIXO_RISCO,Aprovacao Automatica: Risco dentro do apetite da seguradora.,0.0,False,10000.0,10000.0,0.0,0.0,N,,MEDIA,0.0,0.0
CNPJ_001871,0.0,0.0878,8,APROVADO,RGR_R04_DECIL4_10_APROVADO,APROVADO_AUTOMATICO_BAIXO_RISCO,Aprovacao Automatica: Risco dentro do apetite da seguradora.,0.0,False,10000.0,10000.0,0.0,0.0,G,I,ALTA,3.0,0.0
CNPJ_001872,0.0,0.1153,3,ACEITO_COM_CONDICAO,RGR_R03_DECIL2_3_CONDICIONAL,ACEITE_CONDICIONAL_DECIL_INTERMEDIARIO,Aceite Condicional Decil Intermediario (+7.5% premio).,7.5,False,10000.0,10750.0,750.0,0.0,C,A,ALTA,0.0,0.0
CNPJ_001873,0.0,0.1146,3,ACEITO_COM_CONDICAO,RGR_R03_DECIL2_3_CONDICIONAL,ACEITE_CONDICIONAL_DECIL_INTERMEDIARIO,Aceite Condicional Decil Intermediario (+7.5% premio).,7.5,False,10000.0,10750.0,750.0,0.0,H,B,ALTA,0.0,0.0
CNPJ_001874,0.0,0.1006,6,APROVADO,RGR_R04_DECIL4_10_APROVADO,APROVADO_AUTOMATICO_BAIXO_RISCO,Aprovacao Automatica: Risco dentro do apetite da seguradora.,0.0,False,10000.0,10000.0,0.0,0.0,G,A,ALTA,0.0,0.0
CNPJ_001875,0.0,0.0918,8,APROVADO,RGR_R04_DECIL4_10_APROVADO,APROVADO_AUTOMATICO_BAIXO_RISCO,Aprovacao Automatica: Risco dentro do apetite da seguradora.,0.0,False,10000.0,10000.0,0.0,0.0,C,G,ALTA,0.0,0.0
CNPJ_001876,0.0,0.0884,8,APROVADO,RGR_R04_DECIL4_10_APROVADO,APROVADO_AUTOMATICO_BAIXO_RISCO,Aprovacao Automatica: Risco dentro do apetite da seguradora.,0.0,False,10000.0,10000.0,0.0,0.0,C,D,ALTISSIMA,0.0,0.0
CNPJ_001877,0.0,0.0549,10,APROVADO,RGR_R04_DECIL4_10_APROVADO,APROVADO_AUTOMATICO_BAIXO_RISCO,Aprovacao Automatica: Risco dentro do apetite da seguradora.,0.0,False,10000.0,10000.0,0.0,0.0,C,J,ALTISSIMA,3.0,
CNPJ_001878,0.0,0.0799,9,APROVADO,RGR_R04_DECIL4_10_APROVADO,APROVADO_AUTOMATICO_BAIXO_RISCO,Aprovacao Automatica: Risco dentro do apetite da seguradora.,0.0,False,10000.0,10000.0,0.0,0.0,L,,MEDIA,0.0,0.0
CNPJ_001879,0.0,0.1308,2,ACEITO_COM_CONDICAO,RGR_R03_DECIL2_3_CONDICIONAL,ACEITE_CONDICIONAL_DECIL_INTERMEDIARIO,Aceite Condicional Decil Intermediario (+7.5% premio).,7.5,False,10000.0,10750.0,750.0,0.0,G,E,ALTISSIMA,0.0,0.0
CNPJ_001880,0.0,0.1067,5,APROVADO,RGR_R04_DECIL4_10_APROVADO,APROVADO_AUTOMATICO_BAIXO_RISCO,Aprovacao Automatica: Risco dentro do apetite da seguradora.,0.0,False,10000.0,10000.0,0.0,0.0,G,C,ALTISSIMA,0.0,0.0
CNPJ_001881,0.0,0.098,6,APROVADO,RGR_R04_DECIL4_10_APROVADO,APROVADO_AUTOMATICO_BAIXO_RISCO,Aprovacao Automatica: Risco dentro do apetite da seguradora.,0.0,False,10000.0,10000.0,0.0,0.0,N,,ALTISSIMA,0.0,0.0
CNPJ_001882,0.0,0.1245,2,ACEITO_COM_CONDICAO,RGR_R03_DECIL2_3_CONDICIONAL,ACEITE_CONDICIONAL_DECIL_INTERMEDIARIO,Aceite Condicional Decil Intermediario (+7.5% premio).,7.5,False,10000.0,10750.0,750.0,0.0,G,E,BAIXISSIMA,1.0,0.0
CNPJ_001883,0.0,0.0989,6,APROVADO,RGR_R04_DECIL4_10_APROVADO,APROVADO_AUTOMATICO_BAIXO_RISCO,Aprovacao Automatica: Risco dentro do apetite da seguradora.,0.0,False,10000.0,10000.0,0.0,0.0,C,D,BAIXISSIMA,0.0,0.0
CNPJ_001884,0.0,0.0806,9,APROVADO,RGR_R04_DECIL4_10_APROVADO,APROVADO_AUTOMATICO_BAIXO_RISCO,Aprovacao Automatica: Risco dentro do apetite da seguradora.,0.0,False,10000.0,10000.0,0.0,0.0,C,H,ALTISSIMA,1.0,0.0
CNPJ_001885,0.0,0.0949,7,APROVADO,RGR_R04_DECIL4_10_APROVADO,APROVADO_AUTOMATICO_BAIXO_RISCO,Aprovacao Automatica: Risco dentro do apetite da seguradora.,0.0,False,10000.0,10000.0,0.0,0.0,G,F,BAIXISSIMA,0.0,0.0
CNPJ_001886,0.0,0.0747,10,APROVADO,RGR_R04_DECIL4_10_APROVADO,APROVADO_AUTOMATICO_BAIXO_RISCO,Aprovacao Automatica: Risco dentro do apetite da seguradora.,0.0,False,10000.0,10000.0,0.0,0.0,H,F,ALTISSIMA,2.0,0.0
CNPJ_001887,0.0,0.0477,10,RECUSADO,RGR_K02_EXCESSO_PROCESSOS_JUDICIAIS,K02_JUDICIAL_EXTREMO,Recusa Sumaria: Elevado passivo judicial (> 100 processos como requerido).,0.0,False,10000.0,0.0,0.0,0.0,H,J,ALTISSIMA,116.0,0.0
CNPJ_001888,0.0,0.0744,10,APROVADO,RGR_R04_DECIL4_10_APROVADO,APROVADO_AUTOMATICO_BAIXO_RISCO,Aprovacao Automatica: Risco dentro do apetite da seguradora.,0.0,False,10000.0,10000.0,0.0,0.0,L,C,ALTA,0.0,0.0
CNPJ_001889,0.0,0.0807,9,APROVADO,RGR_R04_DECIL4_10_APROVADO,APROVADO_AUTOMATICO_BAIXO_RISCO,Aprovacao Automatica: Risco dentro do apetite da seguradora.,0.0,False,10000.0,10000.0,0.0,0.0,H,A,ALTA,0.0,
CNPJ_001890,0.0,0.1092,4,APROVADO,RGR_R04_DECIL4_10_APROVADO,APROVADO_AUTOMATICO_BAIXO_RISCO,Aprovacao Automatica: Risco dentro do apetite da seguradora.,0.0,False,10000.0,10000.0,0.0,0.0,J,D,BAIXISSIMA,0.0,0.0
CNPJ_001891,0.0,0.1011,6,APROVADO,RGR_R04_DECIL4_10_APROVADO,APROVADO_AUTOMATICO_BAIXO_RISCO,Aprovacao Automatica: Risco dentro do apetite da seguradora.,0.0,False,10000.0,10000.0,0.0,0.0,G,,BAIXISSIMA,0.0,0.0
CNPJ_001892,0.0,0.2238,1,RECUSADO,RGR_R02_DECIL1_RECUSA_PADRAO,DECIL1_ALTO_RISCO_SEM_MITIGACAO,Recusa por Decil 1 de Risco sem criterios para resgate comercial.,0.0,False,10000.0,0.0,0.0,0.0,H,J,BAIXISSIMA,97.0,0.0
CNPJ_001893,0.0,0.1005,6,APROVADO,RGR_R04_DECIL4_10_APROVADO,APROVADO_AUTOMATICO_BAIXO_RISCO,Aprovacao Automatica: Risco dentro do apetite da seguradora.,0.0,False,10000.0,10000.0,0.0,0.0,H,G,BAIXISSIMA,0.0,0.0
CNPJ_001894,0.0,0.0955,7,APROVADO,RGR_R04_DECIL4_10_APROVADO,APROVADO_AUTOMATICO_BAIXO_RISCO,Aprovacao Automatica: Risco dentro do apetite da seguradora.,0.0,False,10000.0,10000.0,0.0,0.0,H,,ALTISSIMA,0.0,0.0
CNPJ_001895,0.0,0.157,1,RECUSADO,RGR_R02_DECIL1_RECUSA_PADRAO,DECIL1_ALTO_RISCO_SEM_MITIGACAO,Recusa por Decil 1 de Risco sem criterios para resgate comercial.,0.0,False,10000.0,0.0,0.0,0.0,G,D,ALTISSIMA,1.0,0.0
CNPJ_001896,0.0,0.1303,2,ACEITO_COM_CONDICAO,RGR_R03_DECIL2_3_CONDICIONAL,ACEITE_CONDICIONAL_DECIL_INTERMEDIARIO,Aceite Condicional Decil Intermediario (+7.5% premio).,7.5,False,10000.0,10750.0,750.0,0.0,C,F,BAIXISSIMA,3.0,0.0
CNPJ_001897,0.0,0.0935,7,APROVADO,RGR_R04_DECIL4_10_APROVADO,APROVADO_AUTOMATICO_BAIXO_RISCO,Aprovacao Automatica: Risco dentro do apetite da seguradora.,0.0,False,10000.0,10000.0,0.0,0.0,C,J,BAIXISSIMA,26.0,0.0
CNPJ_001898,0.0,0.0984,6,APROVADO,RGR_R04_DECIL4_10_APROVADO,APROVADO_AUTOMATICO_BAIXO_RISCO,Aprovacao Automatica: Risco dentro do apetite da seguradora.,0.0,False,10000.0,10000.0,0.0,0.0,G,I,ALTISSIMA,4.0,0.0
CNPJ_001899,0.0,0.0821,9,APROVADO,RGR_R04_DECIL4_10_APROVADO,APROVADO_AUTOMATICO_BAIXO_RISCO,Aprovacao Automatica: Risco dentro do apetite da seguradora.,0.0,False,10000.0,10000.0,0.0,0.0,G,B,ALTA,0.0,0.0
CNPJ_001900,0.0,0.1092,4,APROVADO,RGR_R04_DECIL4_10_APROVADO,APROVADO_AUTOMATICO_BAIXO_RISCO,Aprovacao Automatica: Risco dentro do apetite da seguradora.,0.0,False,10000.0,10000.0,0.0,0.0,G,,ALTA,0.0,0.0
CNPJ_001901,0.0,0.0894,8,APROVADO,RGR_R04_DECIL4_10_APROVADO,APROVADO_AUTOMATICO_BAIXO_RISCO,Aprovacao Automatica: Risco dentro do apetite da seguradora.,0.0,False,10000.0,10000.0,0.0,0.0,C,B,ALTA,0.0,0.0
CNPJ_001902,0.0,0.0711,10,APROVADO,RGR_R04_DECIL4_10_APROVADO,APROVADO_AUTOMATICO_BAIXO_RISCO,Aprovacao Automatica: Risco dentro do apetite da seguradora.,0.0,False,10000.0,10000.0,0.0,0.0,G,F,BAIXISSIMA,3.0,0.0
CNPJ_001903,0.0,0.1019,6,APROVADO,RGR_R04_DECIL4_10_APROVADO,APROVADO_AUTOMATICO_BAIXO_RISCO,Aprovacao Automatica: Risco dentro do apetite da seguradora.,0.0,False,10000.0,10000.0,0.0,0.0,G,G,ALTA,2.0,0.0
CNPJ_001904,0.0,0.1016,6,APROVADO,RGR_R04_DECIL4_10_APROVADO,APROVADO_AUTOMATICO_BAIXO_RISCO,Aprovacao Automatica: Risco dentro do apetite da seguradora.,0.0,False,10000.0,10000.0,0.0,0.0,C,D,MEDIA,1.0,0.0
CNPJ_001905,0.0,0.0984,6,APROVADO,RGR_R04_DECIL4_10_APROVADO,APROVADO_AUTOMATICO_BAIXO_RISCO,Aprovacao Automatica: Risco dentro do apetite da seguradora.,0.0,False,10000.0,10000.0,0.0,0.0,N,D,ALTISSIMA,0.0,0.0
CNPJ_001906,0.0,0.0882,8,APROVADO,RGR_R04_DECIL4_10_APROVADO,APROVADO_AUTOMATICO_BAIXO_RISCO,Aprovacao Automatica: Risco dentro do apetite da seguradora.,0.0,False,10000.0,10000.0,0.0,0.0,H,A,MEDIA,0.0,
CNPJ_001907,0.0,0.0901,8,APROVADO,RGR_R04_DECIL4_10_APROVADO,APROVADO_AUTOMATICO_BAIXO_RISCO,Aprovacao Automatica: Risco dentro do apetite da seguradora.,0.0,False,10000.0,10000.0,0.0,0.0,N,,ALTA,0.0,0.0
CNPJ_001908,0.0,0.0787,9,APROVADO,RGR_R04_DECIL4_10_APROVADO,APROVADO_AUTOMATICO_BAIXO_RISCO,Aprovacao Automatica: Risco dentro do apetite da seguradora.,0.0,False,10000.0,10000.0,0.0,0.0,H,,BAIXISSIMA,0.0,0.0
CNPJ_001909,0.0,0.1175,3,ACEITO_COM_CONDICAO,RGR_R03_DECIL2_3_CONDICIONAL,ACEITE_CONDICIONAL_DECIL_INTERMEDIARIO,Aceite Condicional Decil Intermediario (+7.5% premio).,7.5,False,10000.0,10750.0,750.0,0.0,C,F,ALTA,0.0,0.0
CNPJ_001910,0.0,0.0687,10,APROVADO,RGR_R04_DECIL4_10_APROVADO,APROVADO_AUTOMATICO_BAIXO_RISCO,Aprovacao Automatica: Risco dentro do apetite da seguradora.,0.0,False,10000.0,10000.0,0.0,0.0,H,I,BAIXISSIMA,15.0,1.0
CNPJ_001911,0.0,0.0713,10,APROVADO,RGR_R04_DECIL4_10_APROVADO,APROVADO_AUTOMATICO_BAIXO_RISCO,Aprovacao Automatica: Risco dentro do apetite da seguradora.,0.0,False,10000.0,10000.0,0.0,0.0,H,I,BAIXISSIMA,41.0,0.0
CNPJ_001912,0.0,0.1171,3,ACEITO_COM_CONDICAO,RGR_R03_DECIL2_3_CONDICIONAL,ACEITE_CONDICIONAL_DECIL_INTERMEDIARIO,Aceite Condicional Decil Intermediario (+7.5% premio).,7.5,False,10000.0,10750.0,750.0,0.0,N,A,BAIXISSIMA,0.0,0.0
CNPJ_001913,0.0,0.1028,5,RECUSADO,RGR_K02_EXCESSO_PROCESSOS_JUDICIAIS,K02_JUDICIAL_EXTREMO,Recusa Sumaria: Elevado passivo judicial (> 100 processos como requerido).,0.0,False,10000.0,0.0,0.0,0.0,N,J,ALTISSIMA,106.0,0.0
CNPJ_001914,0.0,0.1055,5,APROVADO,RGR_R04_DECIL4_10_APROVADO,APROVADO_AUTOMATICO_BAIXO_RISCO,Aprovacao Automatica: Risco dentro do apetite da seguradora.,0.0,False,10000.0,10000.0,0.0,0.0,C,C,ALTISSIMA,0.0,0.0
CNPJ_001915,0.0,0.1746,1,RECUSADO,RGR_R02_DECIL1_RECUSA_PADRAO,DECIL1_ALTO_RISCO_SEM_MITIGACAO,Recusa por Decil 1 de Risco sem criterios para resgate comercial.,0.0,False,10000.0,0.0,0.0,0.0,H,E,ALTISSIMA,0.0,0.0
CNPJ_001916,0.0,0.1135,3,ACEITO_COM_CONDICAO,RGR_R03_DECIL2_3_CONDICIONAL,ACEITE_CONDICIONAL_DECIL_INTERMEDIARIO,Aceite Condicional Decil Intermediario (+7.5% premio).,7.5,False,10000.0,10750.0,750.0,0.0,G,D,ALTISSIMA,0.0,0.0
CNPJ_001917,0.0,0.0862,8,APROVADO,RGR_R04_DECIL4_10_APROVADO,APROVADO_AUTOMATICO_BAIXO_RISCO,Aprovacao Automatica: Risco dentro do apetite da seguradora.,0.0,False,10000.0,10000.0,0.0,0.0,C,G,ALTISSIMA,5.0,0.0
CNPJ_001918,0.0,0.0838,9,APROVADO,RGR_R04_DECIL4_10_APROVADO,APROVADO_AUTOMATICO_BAIXO_RISCO,Aprovacao Automatica: Risco dentro do apetite da seguradora.,0.0,False,10000.0,10000.0,0.0,0.0,G,A,ALTA,0.0,0.0
CNPJ_001919,0.0,0.096,7,APROVADO,RGR_R04_DECIL4_10_APROVADO,APROVADO_AUTOMATICO_BAIXO_RISCO,Aprovacao Automatica: Risco dentro do apetite da seguradora.,0.0,False,10000.0,10000.0,0.0,0.0,K,F,ALTISSIMA,5.0,0.0
CNPJ_001920,0.0,0.0486,10,APROVADO,RGR_R04_DECIL4_10_APROVADO,APROVADO_AUTOMATICO_BAIXO_RISCO,Aprovacao Automatica: Risco dentro do apetite da seguradora.,0.0,False,10000.0,10000.0,0.0,0.0,H,J,ALTA,32.0,0.0
CNPJ_001921,0.0,0.1562,1,RECUSADO,RGR_R02_DECIL1_RECUSA_PADRAO,DECIL1_ALTO_RISCO_SEM_MITIGACAO,Recusa por Decil 1 de Risco sem criterios para resgate comercial.,0.0,False,10000.0,0.0,0.0,0.0,G,H,ALTA,0.0,0.0
CNPJ_001922,0.0,0.0724,10,RECUSADO,RGR_K01_RISCO_LIDERANCA_AREA_CRITICA,K01_LIDERANCA_AREA_CRITICA,Recusa Sumaria: Risco de lideranca detectado em area de concentracao altissima de sinistro.,0.0,False,10000.0,0.0,0.0,0.0,G,J,ALTISSIMA,2823.0,1.0
CNPJ_001923,0.0,0.1013,6,APROVADO,RGR_R04_DECIL4_10_APROVADO,APROVADO_AUTOMATICO_BAIXO_RISCO,Aprovacao Automatica: Risco dentro do apetite da seguradora.,0.0,False,10000.0,10000.0,0.0,0.0,N,C,ALTA,0.0,0.0
CNPJ_001924,0.0,0.1012,6,APROVADO,RGR_R04_DECIL4_10_APROVADO,APROVADO_AUTOMATICO_BAIXO_RISCO,Aprovacao Automatica: Risco dentro do apetite da seguradora.,0.0,False,10000.0,10000.0,0.0,0.0,M,D,BAIXISSIMA,0.0,0.0
CNPJ_001925,0.0,0.0891,8,APROVADO,RGR_R04_DECIL4_10_APROVADO,APROVADO_AUTOMATICO_BAIXO_RISCO,Aprovacao Automatica: Risco dentro do apetite da seguradora.,0.0,False,10000.0,10000.0,0.0,0.0,H,F,ALTA,0.0,0.0
CNPJ_001926,0.0,0.0785,9,APROVADO,RGR_R04_DECIL4_10_APROVADO,APROVADO_AUTOMATICO_BAIXO_RISCO,Aprovacao Automatica: Risco dentro do apetite da seguradora.,0.0,False,10000.0,10000.0,0.0,0.0,C,J,ALTA,80.0,0.0
CNPJ_001927,0.0,0.0866,8,APROVADO,RGR_R04_DECIL4_10_APROVADO,APROVADO_AUTOMATICO_BAIXO_RISCO,Aprovacao Automatica: Risco dentro do apetite da seguradora.,0.0,False,10000.0,10000.0,0.0,0.0,G,D,BAIXISSIMA,0.0,1.0
CNPJ_001928,0.0,0.0892,8,APROVADO,RGR_R04_DECIL4_10_APROVADO,APROVADO_AUTOMATICO_BAIXO_RISCO,Aprovacao Automatica: Risco dentro do apetite da seguradora.,0.0,False,10000.0,10000.0,0.0,0.0,N,G,ALTA,16.0,0.0
CNPJ_001929,0.0,0.1302,2,ACEITO_COM_CONDICAO,RGR_R03_DECIL2_3_CONDICIONAL,ACEITE_CONDICIONAL_DECIL_INTERMEDIARIO,Aceite Condicional Decil Intermediario (+7.5% premio).,7.5,False,10000.0,10750.0,750.0,0.0,G,F,BAIXISSIMA,1.0,0.0
CNPJ_001930,0.0,0.1117,4,APROVADO,RGR_R04_DECIL4_10_APROVADO,APROVADO_AUTOMATICO_BAIXO_RISCO,Aprovacao Automatica: Risco dentro do apetite da seguradora.,0.0,False,10000.0,10000.0,0.0,0.0,C,F,ALTA,1.0,0.0
CNPJ_001931,0.0,0.1151,3,ACEITO_COM_CONDICAO,RGR_R03_DECIL2_3_CONDICIONAL,ACEITE_CONDICIONAL_DECIL_INTERMEDIARIO,Aceite Condicional Decil Intermediario (+7.5% premio).,7.5,False,10000.0,10750.0,750.0,0.0,G,D,ALTA,0.0,0.0
CNPJ_001932,0.0,0.0818,9,APROVADO,RGR_R04_DECIL4_10_APROVADO,APROVADO_AUTOMATICO_BAIXO_RISCO,Aprovacao Automatica: Risco dentro do apetite da seguradora.,0.0,False,10000.0,10000.0,0.0,0.0,C,J,,7.0,0.0
CNPJ_001933,0.0,0.0853,8,APROVADO,RGR_R04_DECIL4_10_APROVADO,APROVADO_AUTOMATICO_BAIXO_RISCO,Aprovacao Automatica: Risco dentro do apetite da seguradora.,0.0,False,10000.0,10000.0,0.0,0.0,N,J,ALTISSIMA,41.0,0.0
CNPJ_001934,0.0,0.1116,4,APROVADO,RGR_R04_DECIL4_10_APROVADO,APROVADO_AUTOMATICO_BAIXO_RISCO,Aprovacao Automatica: Risco dentro do apetite da seguradora.,0.0,False,10000.0,10000.0,0.0,0.0,G,D,BAIXISSIMA,0.0,0.0
CNPJ_001935,0.0,0.1019,6,APROVADO,RGR_R04_DECIL4_10_APROVADO,APROVADO_AUTOMATICO_BAIXO_RISCO,Aprovacao Automatica: Risco dentro do apetite da seguradora.,0.0,False,10000.0,10000.0,0.0,0.0,M,E,MEDIA,0.0,1.0
CNPJ_001936,0.0,0.1202,3,ACEITO_COM_CONDICAO,RGR_R03_DECIL2_3_CONDICIONAL,ACEITE_CONDICIONAL_DECIL_INTERMEDIARIO,Aceite Condicional Decil Intermediario (+7.5% premio).,7.5,False,10000.0,10750.0,750.0,0.0,C,J,ALTISSIMA,98.0,
CNPJ_001937,0.0,0.1058,5,APROVADO,RGR_R04_DECIL4_10_APROVADO,APROVADO_AUTOMATICO_BAIXO_RISCO,Aprovacao Automatica: Risco dentro do apetite da seguradora.,0.0,False,10000.0,10000.0,0.0,0.0,G,D,BAIXISSIMA,0.0,0.0
CNPJ_001938,0.0,0.0563,10,RECUSADO,RGR_K02_EXCESSO_PROCESSOS_JUDICIAIS,K02_JUDICIAL_EXTREMO,Recusa Sumaria: Elevado passivo judicial (> 100 processos como requerido).,0.0,False,10000.0,0.0,0.0,0.0,C,J,BAIXISSIMA,561.0,0.0
CNPJ_001939,0.0,0.0955,7,APROVADO,RGR_R04_DECIL4_10_APROVADO,APROVADO_AUTOMATICO_BAIXO_RISCO,Aprovacao Automatica: Risco dentro do apetite da seguradora.,0.0,False,10000.0,10000.0,0.0,0.0,S,EMPRESA_ISENTA,BAIXISSIMA,64.0,
CNPJ_001940,0.0,0.0775,9,APROVADO,RGR_R04_DECIL4_10_APROVADO,APROVADO_AUTOMATICO_BAIXO_RISCO,Aprovacao Automatica: Risco dentro do apetite da seguradora.,0.0,False,10000.0,10000.0,0.0,0.0,G,F,MEDIA,12.0,0.0
CNPJ_001941,0.0,0.1245,2,ACEITO_COM_CONDICAO,RGR_R03_DECIL2_3_CONDICIONAL,ACEITE_CONDICIONAL_DECIL_INTERMEDIARIO,Aceite Condicional Decil Intermediario (+7.5% premio).,7.5,False,10000.0,10750.0,750.0,0.0,G,G,BAIXISSIMA,0.0,0.0
CNPJ_001942,0.0,0.1086,4,APROVADO,RGR_R04_DECIL4_10_APROVADO,APROVADO_AUTOMATICO_BAIXO_RISCO,Aprovacao Automatica: Risco dentro do apetite da seguradora.,0.0,False,10000.0,10000.0,0.0,0.0,G,F,ALTISSIMA,0.0,0.0
CNPJ_001943,0.0,0.1115,4,APROVADO,RGR_R04_DECIL4_10_APROVADO,APROVADO_AUTOMATICO_BAIXO_RISCO,Aprovacao Automatica: Risco dentro do apetite da seguradora.,0.0,False,10000.0,10000.0,0.0,0.0,G,F,ALTA,0.0,0.0
CNPJ_001944,0.0,0.1122,4,APROVADO,RGR_R04_DECIL4_10_APROVADO,APROVADO_AUTOMATICO_BAIXO_RISCO,Aprovacao Automatica: Risco dentro do apetite da seguradora.,0.0,False,10000.0,10000.0,0.0,0.0,G,D,BAIXISSIMA,0.0,0.0
CNPJ_001945,0.0,0.0916,8,APROVADO,RGR_R04_DECIL4_10_APROVADO,APROVADO_AUTOMATICO_BAIXO_RISCO,Aprovacao Automatica: Risco dentro do apetite da seguradora.,0.0,False,10000.0,10000.0,0.0,0.0,G,C,ALTISSIMA,0.0,0.0
CNPJ_001946,0.0,0.1283,2,ACEITO_COM_CONDICAO,RGR_R03_DECIL2_3_CONDICIONAL,ACEITE_CONDICIONAL_DECIL_INTERMEDIARIO,Aceite Condicional Decil Intermediario (+7.5% premio).,7.5,False,10000.0,10750.0,750.0,0.0,C,D,ALTA,0.0,1.0
CNPJ_001947,0.0,0.0902,8,RECUSADO,RGR_K01_RISCO_LIDERANCA_AREA_CRITICA,K01_LIDERANCA_AREA_CRITICA,Recusa Sumaria: Risco de lideranca detectado em area de concentracao altissima de sinistro.,0.0,False,10000.0,0.0,0.0,0.0,M,J,ALTISSIMA,335.0,1.0
CNPJ_001948,0.0,0.1633,1,RECUSADO,RGR_K02_EXCESSO_PROCESSOS_JUDICIAIS,K02_JUDICIAL_EXTREMO,Recusa Sumaria: Elevado passivo judicial (> 100 processos como requerido).,0.0,False,10000.0,0.0,0.0,0.0,H,J,ALTISSIMA,116.0,0.0
CNPJ_001949,0.0,0.1137,3,RECUSADO,RGR_K02_EXCESSO_PROCESSOS_JUDICIAIS,K02_JUDICIAL_EXTREMO,Recusa Sumaria: Elevado passivo judicial (> 100 processos como requerido).,0.0,False,10000.0,0.0,0.0,0.0,G,J,BAIXISSIMA,212.0,0.0
CNPJ_001950,0.0,0.0986,6,APROVADO,RGR_R04_DECIL4_10_APROVADO,APROVADO_AUTOMATICO_BAIXO_RISCO,Aprovacao Automatica: Risco dentro do apetite da seguradora.,0.0,False,10000.0,10000.0,0.0,0.0,G,G,ALTISSIMA,2.0,0.0
CNPJ_001951,0.0,0.0952,7,APROVADO,RGR_R04_DECIL4_10_APROVADO,APROVADO_AUTOMATICO_BAIXO_RISCO,Aprovacao Automatica: Risco dentro do apetite da seguradora.,0.0,False,10000.0,10000.0,0.0,0.0,F,E,ALTA,0.0,0.0
CNPJ_001952,0.0,0.074,10,APROVADO,RGR_R04_DECIL4_10_APROVADO,APROVADO_AUTOMATICO_BAIXO_RISCO,Aprovacao Automatica: Risco dentro do apetite da seguradora.,0.0,False,10000.0,10000.0,0.0,0.0,H,D,,0.0,0.0
CNPJ_001953,0.0,0.0974,7,APROVADO,RGR_R04_DECIL4_10_APROVADO,APROVADO_AUTOMATICO_BAIXO_RISCO,Aprovacao Automatica: Risco dentro do apetite da seguradora.,0.0,False,10000.0,10000.0,0.0,0.0,G,G,ALTA,5.0,0.0
CNPJ_001954,0.0,0.0944,7,APROVADO,RGR_R04_DECIL4_10_APROVADO,APROVADO_AUTOMATICO_BAIXO_RISCO,Aprovacao Automatica: Risco dentro do apetite da seguradora.,0.0,False,10000.0,10000.0,0.0,0.0,G,F,BAIXISSIMA,0.0,0.0
CNPJ_001955,0.0,0.0894,8,APROVADO,RGR_R04_DECIL4_10_APROVADO,APROVADO_AUTOMATICO_BAIXO_RISCO,Aprovacao Automatica: Risco dentro do apetite da seguradora.,0.0,False,10000.0,10000.0,0.0,0.0,A,G,,1.0,0.0
CNPJ_001956,0.0,0.1322,2,ACEITO_COM_CONDICAO,RGR_R03_DECIL2_3_CONDICIONAL,ACEITE_CONDICIONAL_DECIL_INTERMEDIARIO,Aceite Condicional Decil Intermediario (+7.5% premio).,7.5,False,10000.0,10750.0,750.0,0.0,F,C,ALTISSIMA,0.0,0.0
CNPJ_001957,0.0,0.1066,5,APROVADO,RGR_R04_DECIL4_10_APROVADO,APROVADO_AUTOMATICO_BAIXO_RISCO,Aprovacao Automatica: Risco dentro do apetite da seguradora.,0.0,False,10000.0,10000.0,0.0,0.0,G,,BAIXISSIMA,0.0,0.0
CNPJ_001958,0.0,0.0851,9,APROVADO,RGR_R04_DECIL4_10_APROVADO,APROVADO_AUTOMATICO_BAIXO_RISCO,Aprovacao Automatica: Risco dentro do apetite da seguradora.,0.0,False,10000.0,10000.0,0.0,0.0,H,C,ALTISSIMA,0.0,0.0
CNPJ_001959,0.0,0.0996,6,APROVADO,RGR_R04_DECIL4_10_APROVADO,APROVADO_AUTOMATICO_BAIXO_RISCO,Aprovacao Automatica: Risco dentro do apetite da seguradora.,0.0,False,10000.0,10000.0,0.0,0.0,C,C,BAIXISSIMA,0.0,0.0
CNPJ_001960,0.0,0.1119,4,APROVADO,RGR_R04_DECIL4_10_APROVADO,APROVADO_AUTOMATICO_BAIXO_RISCO,Aprovacao Automatica: Risco dentro do apetite da seguradora.,0.0,False,10000.0,10000.0,0.0,0.0,G,D,ALTA,0.0,0.0
CNPJ_001961,0.0,0.1337,2,ACEITO_COM_CONDICAO,RGR_R03_DECIL2_3_CONDICIONAL,ACEITE_CONDICIONAL_DECIL_INTERMEDIARIO,Aceite Condicional Decil Intermediario (+7.5% premio).,7.5,False,10000.0,10750.0,750.0,0.0,I,E,BAIXISSIMA,0.0,0.0
CNPJ_001962,0.0,0.0913,8,APROVADO,RGR_R04_DECIL4_10_APROVADO,APROVADO_AUTOMATICO_BAIXO_RISCO,Aprovacao Automatica: Risco dentro do apetite da seguradora.,0.0,False,10000.0,10000.0,0.0,0.0,C,D,ALTISSIMA,0.0,0.0
CNPJ_001963,0.0,0.0825,9,APROVADO,RGR_R04_DECIL4_10_APROVADO,APROVADO_AUTOMATICO_BAIXO_RISCO,Aprovacao Automatica: Risco dentro do apetite da seguradora.,0.0,False,10000.0,10000.0,0.0,0.0,G,F,ALTA,13.0,0.0
CNPJ_001964,0.0,0.0764,10,APROVADO,RGR_R04_DECIL4_10_APROVADO,APROVADO_AUTOMATICO_BAIXO_RISCO,Aprovacao Automatica: Risco dentro do apetite da seguradora.,0.0,False,10000.0,10000.0,0.0,0.0,H,I,BAIXISSIMA,15.0,0.0
CNPJ_001965,0.0,0.1254,2,ACEITO_COM_CONDICAO,RGR_R03_DECIL2_3_CONDICIONAL,ACEITE_CONDICIONAL_DECIL_INTERMEDIARIO,Aceite Condicional Decil Intermediario (+7.5% premio).,7.5,False,10000.0,10750.0,750.0,0.0,C,D,BAIXISSIMA,0.0,0.0
CNPJ_001966,0.0,0.098,6,APROVADO,RGR_R04_DECIL4_10_APROVADO,APROVADO_AUTOMATICO_BAIXO_RISCO,Aprovacao Automatica: Risco dentro do apetite da seguradora.,0.0,False,10000.0,10000.0,0.0,0.0,H,I,ALTA,1.0,0.0
CNPJ_001967,0.0,0.1045,5,APROVADO,RGR_R04_DECIL4_10_APROVADO,APROVADO_AUTOMATICO_BAIXO_RISCO,Aprovacao Automatica: Risco dentro do apetite da seguradora.,0.0,False,10000.0,10000.0,0.0,0.0,C,J,ALTA,0.0,0.0
CNPJ_001968,0.0,0.0866,8,APROVADO,RGR_R04_DECIL4_10_APROVADO,APROVADO_AUTOMATICO_BAIXO_RISCO,Aprovacao Automatica: Risco dentro do apetite da seguradora.,0.0,False,10000.0,10000.0,0.0,0.0,G,G,BAIXISSIMA,1.0,0.0
CNPJ_001969,0.0,0.1243,2,ACEITO_COM_CONDICAO,RGR_R03_DECIL2_3_CONDICIONAL,ACEITE_CONDICIONAL_DECIL_INTERMEDIARIO,Aceite Condicional Decil Intermediario (+7.5% premio).,7.5,False,10000.0,10750.0,750.0,0.0,G,D,ALTA,0.0,0.0
CNPJ_001970,0.0,0.3188,1,RECUSADO,RGR_R02_DECIL1_RECUSA_PADRAO,DECIL1_ALTO_RISCO_SEM_MITIGACAO,Recusa por Decil 1 de Risco sem criterios para resgate comercial.,0.0,False,10000.0,0.0,0.0,0.0,H,,ALTA,0.0,0.0
CNPJ_001971,0.0,0.1367,2,ACEITO_COM_CONDICAO,RGR_R03_DECIL2_3_CONDICIONAL,ACEITE_CONDICIONAL_DECIL_INTERMEDIARIO,Aceite Condicional Decil Intermediario (+7.5% premio).,7.5,False,10000.0,10750.0,750.0,0.0,S,EMPRESA_ISENTA,BAIXISSIMA,0.0,0.0
CNPJ_001972,0.0,0.116,3,ACEITO_COM_CONDICAO,RGR_R03_DECIL2_3_CONDICIONAL,ACEITE_CONDICIONAL_DECIL_INTERMEDIARIO,Aceite Condicional Decil Intermediario (+7.5% premio).,7.5,False,10000.0,10750.0,750.0,0.0,G,A,ALTA,0.0,0.0
CNPJ_001973,0.0,0.1019,6,APROVADO,RGR_R04_DECIL4_10_APROVADO,APROVADO_AUTOMATICO_BAIXO_RISCO,Aprovacao Automatica: Risco dentro do apetite da seguradora.,0.0,False,10000.0,10000.0,0.0,0.0,G,,MEDIA,0.0,0.0
CNPJ_001974,0.0,0.1162,3,ACEITO_COM_CONDICAO,RGR_R03_DECIL2_3_CONDICIONAL,ACEITE_CONDICIONAL_DECIL_INTERMEDIARIO,Aceite Condicional Decil Intermediario (+7.5% premio).,7.5,False,10000.0,10750.0,750.0,0.0,F,F,ALTA,0.0,0.0
CNPJ_001975,0.0,0.1088,4,APROVADO,RGR_R04_DECIL4_10_APROVADO,APROVADO_AUTOMATICO_BAIXO_RISCO,Aprovacao Automatica: Risco dentro do apetite da seguradora.,0.0,False,10000.0,10000.0,0.0,0.0,C,,ALTA,0.0,
CNPJ_001976,0.0,0.0734,10,APROVADO,RGR_R04_DECIL4_10_APROVADO,APROVADO_AUTOMATICO_BAIXO_RISCO,Aprovacao Automatica: Risco dentro do apetite da seguradora.,0.0,False,10000.0,10000.0,0.0,0.0,G,E,ALTISSIMA,0.0,0.0
CNPJ_001977,0.0,0.1876,1,RECUSADO,RGR_R02_DECIL1_RECUSA_PADRAO,DECIL1_ALTO_RISCO_SEM_MITIGACAO,Recusa por Decil 1 de Risco sem criterios para resgate comercial.,0.0,False,10000.0,0.0,0.0,0.0,H,F,ALTISSIMA,2.0,0.0
CNPJ_001978,0.0,0.0761,10,APROVADO,RGR_R04_DECIL4_10_APROVADO,APROVADO_AUTOMATICO_BAIXO_RISCO,Aprovacao Automatica: Risco dentro do apetite da seguradora.,0.0,False,10000.0,10000.0,0.0,0.0,C,,ALTA,0.0,0.0
CNPJ_001979,0.0,0.0803,9,APROVADO,RGR_R04_DECIL4_10_APROVADO,APROVADO_AUTOMATICO_BAIXO_RISCO,Aprovacao Automatica: Risco dentro do apetite da seguradora.,0.0,False,10000.0,10000.0,0.0,0.0,F,H,ALTA,6.0,0.0
CNPJ_001980,0.0,0.0947,7,APROVADO,RGR_R04_DECIL4_10_APROVADO,APROVADO_AUTOMATICO_BAIXO_RISCO,Aprovacao Automatica: Risco dentro do apetite da seguradora.,0.0,False,10000.0,10000.0,0.0,0.0,G,,ALTISSIMA,0.0,0.0
CNPJ_001981,0.0,0.0948,7,APROVADO,RGR_R04_DECIL4_10_APROVADO,APROVADO_AUTOMATICO_BAIXO_RISCO,Aprovacao Automatica: Risco dentro do apetite da seguradora.,0.0,False,10000.0,10000.0,0.0,0.0,G,H,BAIXISSIMA,11.0,0.0
CNPJ_001982,0.0,0.098,6,APROVADO,RGR_R04_DECIL4_10_APROVADO,APROVADO_AUTOMATICO_BAIXO_RISCO,Aprovacao Automatica: Risco dentro do apetite da seguradora.,0.0,False,10000.0,10000.0,0.0,0.0,N,J,ALTISSIMA,1.0,
CNPJ_001983,0.0,0.081,9,APROVADO,RGR_R04_DECIL4_10_APROVADO,APROVADO_AUTOMATICO_BAIXO_RISCO,Aprovacao Automatica: Risco dentro do apetite da seguradora.,0.0,False,10000.0,10000.0,0.0,0.0,N,F,ALTA,0.0,0.0
CNPJ_001984,0.0,0.1148,3,ACEITO_COM_CONDICAO,RGR_R03_DECIL2_3_CONDICIONAL,ACEITE_CONDICIONAL_DECIL_INTERMEDIARIO,Aceite Condicional Decil Intermediario (+7.5% premio).,7.5,False,10000.0,10750.0,750.0,0.0,Q,C,ALTA,0.0,0.0
CNPJ_001985,0.0,0.1065,5,APROVADO,RGR_R04_DECIL4_10_APROVADO,APROVADO_AUTOMATICO_BAIXO_RISCO,Aprovacao Automatica: Risco dentro do apetite da seguradora.,0.0,False,10000.0,10000.0,0.0,0.0,C,E,BAIXISSIMA,1.0,0.0
CNPJ_001986,0.0,0.0943,7,APROVADO,RGR_R04_DECIL4_10_APROVADO,APROVADO_AUTOMATICO_BAIXO_RISCO,Aprovacao Automatica: Risco dentro do apetite da seguradora.,0.0,False,10000.0,10000.0,0.0,0.0,F,F,BAIXISSIMA,0.0,0.0
CNPJ_001987,0.0,0.0968,7,APROVADO,RGR_R04_DECIL4_10_APROVADO,APROVADO_AUTOMATICO_BAIXO_RISCO,Aprovacao Automatica: Risco dentro do apetite da seguradora.,0.0,False,10000.0,10000.0,0.0,0.0,C,E,BAIXISSIMA,0.0,0.0
CNPJ_001988,0.0,0.109,4,APROVADO,RGR_R04_DECIL4_10_APROVADO,APROVADO_AUTOMATICO_BAIXO_RISCO,Aprovacao Automatica: Risco dentro do apetite da seguradora.,0.0,False,10000.0,10000.0,0.0,0.0,G,D,ALTA,0.0,0.0
CNPJ_001989,0.0,0.1187,3,ACEITO_COM_CONDICAO,RGR_R03_DECIL2_3_CONDICIONAL,ACEITE_CONDICIONAL_DECIL_INTERMEDIARIO,Aceite Condicional Decil Intermediario (+7.5% premio).,7.5,False,10000.0,10750.0,750.0,0.0,G,E,ALTA,0.0,0.0
CNPJ_001990,0.0,0.1018,6,APROVADO,RGR_R04_DECIL4_10_APROVADO,APROVADO_AUTOMATICO_BAIXO_RISCO,Aprovacao Automatica: Risco dentro do apetite da seguradora.,0.0,False,10000.0,10000.0,0.0,0.0,F,G,ALTA,0.0,0.0
CNPJ_001991,0.0,0.0895,8,APROVADO,RGR_R04_DECIL4_10_APROVADO,APROVADO_AUTOMATICO_BAIXO_RISCO,Aprovacao Automatica: Risco dentro do apetite da seguradora.,0.0,False,10000.0,10000.0,0.0,0.0,G,F,BAIXISSIMA,13.0,1.0
CNPJ_001992,0.0,0.153,1,ACEITO_COM_CONDICAO,RGR_R01_DECIL1_RESGATE_COM_RASTREADOR,RECUPERACAO_COMERCIAL_D1,"Aceite Condicional Decil 1: Perfil de score alto risco, porem mitigado por baixo passivo judicial e geografia favoravel.",15.0,True,10000.0,11500.0,1500.0,0.0,J,A,MEDIA,0.0,0.0
CNPJ_001993,0.0,0.0877,8,APROVADO,RGR_R04_DECIL4_10_APROVADO,APROVADO_AUTOMATICO_BAIXO_RISCO,Aprovacao Automatica: Risco dentro do apetite da seguradora.,0.0,False,10000.0,10000.0,0.0,0.0,C,I,BAIXISSIMA,72.0,0.0
CNPJ_001994,0.0,0.0985,6,APROVADO,RGR_R04_DECIL4_10_APROVADO,APROVADO_AUTOMATICO_BAIXO_RISCO,Aprovacao Automatica: Risco dentro do apetite da seguradora.,0.0,False,10000.0,10000.0,0.0,0.0,C,J,ALTA,2.0,0.0
CNPJ_001995,0.0,0.0713,10,APROVADO,RGR_R04_DECIL4_10_APROVADO,APROVADO_AUTOMATICO_BAIXO_RISCO,Aprovacao Automatica: Risco dentro do apetite da seguradora.,0.0,False,10000.0,10000.0,0.0,0.0,N,D,BAIXISSIMA,0.0,1.0
CNPJ_001996,0.0,0.0708,10,APROVADO,RGR_R04_DECIL4_10_APROVADO,APROVADO_AUTOMATICO_BAIXO_RISCO,Aprovacao Automatica: Risco dentro do apetite da seguradora.,0.0,False,10000.0,10000.0,0.0,0.0,G,D,ALTA,0.0,0.0
CNPJ_001997,0.0,0.0932,7,APROVADO,RGR_R04_DECIL4_10_APROVADO,APROVADO_AUTOMATICO_BAIXO_RISCO,Aprovacao Automatica: Risco dentro do apetite da seguradora.,0.0,False,10000.0,10000.0,0.0,0.0,G,G,ALTA,4.0,0.0
CNPJ_001998,0.0,0.0762,10,APROVADO,RGR_R04_DECIL4_10_APROVADO,APROVADO_AUTOMATICO_BAIXO_RISCO,Aprovacao Automatica: Risco dentro do apetite da seguradora.,0.0,False,10000.0,10000.0,0.0,0.0,J,J,ALTISSIMA,3.0,0.0
CNPJ_001999,0.0,0.0951,7,APROVADO,RGR_R04_DECIL4_10_APROVADO,APROVADO_AUTOMATICO_BAIXO_RISCO,Aprovacao Automatica: Risco dentro do apetite da seguradora.,0.0,False,10000.0,10000.0,0.0,0.0,G,J,ALTA,0.0,0.0
CNPJ_002000,0.0,0.1167,3,RECUSADO,RGR_K01_RISCO_LIDERANCA_AREA_CRITICA,K01_LIDERANCA_AREA_CRITICA,Recusa Sumaria: Risco de lideranca detectado em area de concentracao altissima de sinistro.,0.0,False,10000.0,0.0,0.0,0.0,H,D,ALTISSIMA,0.0,1.0
CNPJ_002001,0.0,0.096,7,APROVADO,RGR_R04_DECIL4_10_APROVADO,APROVADO_AUTOMATICO_BAIXO_RISCO,Aprovacao Automatica: Risco dentro do apetite da seguradora.,0.0,False,10000.0,10000.0,0.0,0.0,C,E,,0.0,0.0
CNPJ_002002,0.0,0.1064,5,APROVADO,RGR_R04_DECIL4_10_APROVADO,APROVADO_AUTOMATICO_BAIXO_RISCO,Aprovacao Automatica: Risco dentro do apetite da seguradora.,0.0,False,10000.0,10000.0,0.0,0.0,G,B,BAIXISSIMA,0.0,0.0
CNPJ_002003,0.0,0.1247,2,RECUSADO,RGR_K01_RISCO_LIDERANCA_AREA_CRITICA,K01_LIDERANCA_AREA_CRITICA,Recusa Sumaria: Risco de lideranca detectado em area de concentracao altissima de sinistro.,0.0,False,10000.0,0.0,0.0,0.0,J,G,ALTISSIMA,1.0,1.0
CNPJ_002004,0.0,0.0875,8,APROVADO,RGR_R04_DECIL4_10_APROVADO,APROVADO_AUTOMATICO_BAIXO_RISCO,Aprovacao Automatica: Risco dentro do apetite da seguradora.,0.0,False,10000.0,10000.0,0.0,0.0,Q,D,ALTA,0.0,
CNPJ_002005,0.0,0.1124,4,APROVADO,RGR_R04_DECIL4_10_APROVADO,APROVADO_AUTOMATICO_BAIXO_RISCO,Aprovacao Automatica: Risco dentro do apetite da seguradora.,0.0,False,10000.0,10000.0,0.0,0.0,C,G,BAIXISSIMA,0.0,0.0
CNPJ_002006,0.0,0.1262,2,ACEITO_COM_CONDICAO,RGR_R03_DECIL2_3_CONDICIONAL,ACEITE_CONDICIONAL_DECIL_INTERMEDIARIO,Aceite Condicional Decil Intermediario (+7.5% premio).,7.5,False,10000.0,10750.0,750.0,0.0,H,D,ALTA,0.0,0.0
CNPJ_002007,0.0,0.0859,8,APROVADO,RGR_R04_DECIL4_10_APROVADO,APROVADO_AUTOMATICO_BAIXO_RISCO,Aprovacao Automatica: Risco dentro do apetite da seguradora.,0.0,False,10000.0,10000.0,0.0,0.0,C,J,MEDIA,3.0,1.0
CNPJ_002008,0.0,0.0996,6,APROVADO,RGR_R04_DECIL4_10_APROVADO,APROVADO_AUTOMATICO_BAIXO_RISCO,Aprovacao Automatica: Risco dentro do apetite da seguradora.,0.0,False,10000.0,10000.0,0.0,0.0,F,F,,1.0,0.0
CNPJ_002009,0.0,0.0953,7,APROVADO,RGR_R04_DECIL4_10_APROVADO,APROVADO_AUTOMATICO_BAIXO_RISCO,Aprovacao Automatica: Risco dentro do apetite da seguradora.,0.0,False,10000.0,10000.0,0.0,0.0,F,F,ALTISSIMA,0.0,0.0
CNPJ_002010,0.0,0.116,3,ACEITO_COM_CONDICAO,RGR_R03_DECIL2_3_CONDICIONAL,ACEITE_CONDICIONAL_DECIL_INTERMEDIARIO,Aceite Condicional Decil Intermediario (+7.5% premio).,7.5,False,10000.0,10750.0,750.0,0.0,G,A,BAIXISSIMA,0.0,0.0
CNPJ_002011,0.0,0.1014,6,APROVADO,RGR_R04_DECIL4_10_APROVADO,APROVADO_AUTOMATICO_BAIXO_RISCO,Aprovacao Automatica: Risco dentro do apetite da seguradora.,0.0,False,10000.0,10000.0,0.0,0.0,I,B,ALTA,0.0,0.0
CNPJ_002012,0.0,0.1215,2,ACEITO_COM_CONDICAO,RGR_R03_DECIL2_3_CONDICIONAL,ACEITE_CONDICIONAL_DECIL_INTERMEDIARIO,Aceite Condicional Decil Intermediario (+7.5% premio).,7.5,False,10000.0,10750.0,750.0,0.0,F,E,ALTA,0.0,0.0
CNPJ_002013,0.0,0.099,6,APROVADO,RGR_R04_DECIL4_10_APROVADO,APROVADO_AUTOMATICO_BAIXO_RISCO,Aprovacao Automatica: Risco dentro do apetite da seguradora.,0.0,False,10000.0,10000.0,0.0,0.0,P,B,BAIXISSIMA,0.0,0.0
CNPJ_002014,0.0,0.0773,9,APROVADO,RGR_R04_DECIL4_10_APROVADO,APROVADO_AUTOMATICO_BAIXO_RISCO,Aprovacao Automatica: Risco dentro do apetite da seguradora.,0.0,False,10000.0,10000.0,0.0,0.0,G,J,ALTISSIMA,39.0,0.0
CNPJ_002015,0.0,0.0825,9,APROVADO,RGR_R04_DECIL4_10_APROVADO,APROVADO_AUTOMATICO_BAIXO_RISCO,Aprovacao Automatica: Risco dentro do apetite da seguradora.,0.0,False,10000.0,10000.0,0.0,0.0,C,,BAIXISSIMA,0.0,0.0
CNPJ_002016,0.0,0.1023,5,APROVADO,RGR_R04_DECIL4_10_APROVADO,APROVADO_AUTOMATICO_BAIXO_RISCO,Aprovacao Automatica: Risco dentro do apetite da seguradora.,0.0,False,10000.0,10000.0,0.0,0.0,J,,BAIXISSIMA,0.0,1.0
CNPJ_002017,0.0,0.0919,8,APROVADO,RGR_R04_DECIL4_10_APROVADO,APROVADO_AUTOMATICO_BAIXO_RISCO,Aprovacao Automatica: Risco dentro do apetite da seguradora.,0.0,False,10000.0,10000.0,0.0,0.0,C,F,ALTISSIMA,5.0,0.0
CNPJ_002018,0.0,0.1298,2,ACEITO_COM_CONDICAO,RGR_R03_DECIL2_3_CONDICIONAL,ACEITE_CONDICIONAL_DECIL_INTERMEDIARIO,Aceite Condicional Decil Intermediario (+7.5% premio).,7.5,False,10000.0,10750.0,750.0,0.0,G,E,ALTISSIMA,1.0,0.0
CNPJ_002019,0.0,0.1232,2,ACEITO_COM_CONDICAO,RGR_R03_DECIL2_3_CONDICIONAL,ACEITE_CONDICIONAL_DECIL_INTERMEDIARIO,Aceite Condicional Decil Intermediario (+7.5% premio).,7.5,False,10000.0,10750.0,750.0,0.0,G,F,ALTA,0.0,0.0
CNPJ_002020,0.0,0.1249,2,ACEITO_COM_CONDICAO,RGR_R03_DECIL2_3_CONDICIONAL,ACEITE_CONDICIONAL_DECIL_INTERMEDIARIO,Aceite Condicional Decil Intermediario (+7.5% premio).,7.5,False,10000.0,10750.0,750.0,0.0,J,D,ALTISSIMA,2.0,0.0
CNPJ_002021,0.0,0.0706,10,APROVADO,RGR_R04_DECIL4_10_APROVADO,APROVADO_AUTOMATICO_BAIXO_RISCO,Aprovacao Automatica: Risco dentro do apetite da seguradora.,0.0,False,10000.0,10000.0,0.0,0.0,H,D,ALTISSIMA,0.0,0.0
CNPJ_002022,0.0,0.0745,10,APROVADO,RGR_R04_DECIL4_10_APROVADO,APROVADO_AUTOMATICO_BAIXO_RISCO,Aprovacao Automatica: Risco dentro do apetite da seguradora.,0.0,False,10000.0,10000.0,0.0,0.0,G,H,ALTA,2.0,0.0
CNPJ_002023,0.0,0.0486,10,APROVADO,RGR_R04_DECIL4_10_APROVADO,APROVADO_AUTOMATICO_BAIXO_RISCO,Aprovacao Automatica: Risco dentro do apetite da seguradora.,0.0,False,10000.0,10000.0,0.0,0.0,H,J,ALTA,32.0,0.0
CNPJ_002024,0.0,0.0951,7,APROVADO,RGR_R04_DECIL4_10_APROVADO,APROVADO_AUTOMATICO_BAIXO_RISCO,Aprovacao Automatica: Risco dentro do apetite da seguradora.,0.0,False,10000.0,10000.0,0.0,0.0,C,H,ALTA,1.0,0.0
CNPJ_002025,0.0,0.1102,4,APROVADO,RGR_R04_DECIL4_10_APROVADO,APROVADO_AUTOMATICO_BAIXO_RISCO,Aprovacao Automatica: Risco dentro do apetite da seguradora.,0.0,False,10000.0,10000.0,0.0,0.0,N,F,BAIXISSIMA,3.0,0.0
CNPJ_002026,0.0,0.1138,3,ACEITO_COM_CONDICAO,RGR_R03_DECIL2_3_CONDICIONAL,ACEITE_CONDICIONAL_DECIL_INTERMEDIARIO,Aceite Condicional Decil Intermediario (+7.5% premio).,7.5,False,10000.0,10750.0,750.0,0.0,G,G,ALTA,1.0,0.0
CNPJ_002027,0.0,0.1122,4,APROVADO,RGR_R04_DECIL4_10_APROVADO,APROVADO_AUTOMATICO_BAIXO_RISCO,Aprovacao Automatica: Risco dentro do apetite da seguradora.,0.0,False,10000.0,10000.0,0.0,0.0,N,E,BAIXISSIMA,1.0,0.0
CNPJ_002028,0.0,0.093,7,APROVADO,RGR_R04_DECIL4_10_APROVADO,APROVADO_AUTOMATICO_BAIXO_RISCO,Aprovacao Automatica: Risco dentro do apetite da seguradora.,0.0,False,10000.0,10000.0,0.0,0.0,H,H,BAIXISSIMA,4.0,0.0
CNPJ_002029,0.0,0.1134,4,APROVADO,RGR_R04_DECIL4_10_APROVADO,APROVADO_AUTOMATICO_BAIXO_RISCO,Aprovacao Automatica: Risco dentro do apetite da seguradora.,0.0,False,10000.0,10000.0,0.0,0.0,G,,ALTA,0.0,0.0
CNPJ_002030,0.0,0.0997,6,APROVADO,RGR_R04_DECIL4_10_APROVADO,APROVADO_AUTOMATICO_BAIXO_RISCO,Aprovacao Automatica: Risco dentro do apetite da seguradora.,0.0,False,10000.0,10000.0,0.0,0.0,N,A,ALTISSIMA,0.0,0.0
CNPJ_002031,0.0,0.1287,2,ACEITO_COM_CONDICAO,RGR_R03_DECIL2_3_CONDICIONAL,ACEITE_CONDICIONAL_DECIL_INTERMEDIARIO,Aceite Condicional Decil Intermediario (+7.5% premio).,7.5,False,10000.0,10750.0,750.0,0.0,S,EMPRESA_ISENTA,BAIXISSIMA,4.0,
CNPJ_002032,0.0,0.1276,2,ACEITO_COM_CONDICAO,RGR_R03_DECIL2_3_CONDICIONAL,ACEITE_CONDICIONAL_DECIL_INTERMEDIARIO,Aceite Condicional Decil Intermediario (+7.5% premio).,7.5,False,10000.0,10750.0,750.0,0.0,H,,ALTA,0.0,0.0
CNPJ_002033,0.0,0.0844,9,APROVADO,RGR_R04_DECIL4_10_APROVADO,APROVADO_AUTOMATICO_BAIXO_RISCO,Aprovacao Automatica: Risco dentro do apetite da seguradora.,0.0,False,10000.0,10000.0,0.0,0.0,G,G,ALTISSIMA,2.0,0.0
CNPJ_002034,0.0,0.1247,2,ACEITO_COM_CONDICAO,RGR_R03_DECIL2_3_CONDICIONAL,ACEITE_CONDICIONAL_DECIL_INTERMEDIARIO,Aceite Condicional Decil Intermediario (+7.5% premio).,7.5,False,10000.0,10750.0,750.0,0.0,C,J,BAIXISSIMA,3.0,0.0
CNPJ_002035,0.0,0.0841,9,APROVADO,RGR_R04_DECIL4_10_APROVADO,APROVADO_AUTOMATICO_BAIXO_RISCO,Aprovacao Automatica: Risco dentro do apetite da seguradora.,0.0,False,10000.0,10000.0,0.0,0.0,N,J,MEDIA,11.0,0.0
CNPJ_002036,0.0,0.1041,5,APROVADO,RGR_R04_DECIL4_10_APROVADO,APROVADO_AUTOMATICO_BAIXO_RISCO,Aprovacao Automatica: Risco dentro do apetite da seguradora.,0.0,False,10000.0,10000.0,0.0,0.0,G,D,ALTA,0.0,0.0
CNPJ_002037,0.0,0.104,5,APROVADO,RGR_R04_DECIL4_10_APROVADO,APROVADO_AUTOMATICO_BAIXO_RISCO,Aprovacao Automatica: Risco dentro do apetite da seguradora.,0.0,False,10000.0,10000.0,0.0,0.0,G,J,,13.0,1.0
CNPJ_002038,0.0,0.1031,5,APROVADO,RGR_R04_DECIL4_10_APROVADO,APROVADO_AUTOMATICO_BAIXO_RISCO,Aprovacao Automatica: Risco dentro do apetite da seguradora.,0.0,False,10000.0,10000.0,0.0,0.0,G,A,BAIXISSIMA,0.0,0.0
CNPJ_002039,0.0,0.0936,7,APROVADO,RGR_R04_DECIL4_10_APROVADO,APROVADO_AUTOMATICO_BAIXO_RISCO,Aprovacao Automatica: Risco dentro do apetite da seguradora.,0.0,False,10000.0,10000.0,0.0,0.0,H,A,BAIXISSIMA,0.0,1.0
CNPJ_002040,0.0,0.1176,3,ACEITO_COM_CONDICAO,RGR_R03_DECIL2_3_CONDICIONAL,ACEITE_CONDICIONAL_DECIL_INTERMEDIARIO,Aceite Condicional Decil Intermediario (+7.5% premio).,7.5,False,10000.0,10750.0,750.0,0.0,F,I,ALTA,4.0,0.0
CNPJ_002041,0.0,0.0648,10,APROVADO,RGR_R04_DECIL4_10_APROVADO,APROVADO_AUTOMATICO_BAIXO_RISCO,Aprovacao Automatica: Risco dentro do apetite da seguradora.,0.0,False,10000.0,10000.0,0.0,0.0,H,C,ALTISSIMA,0.0,0.0
CNPJ_002042,0.0,0.0925,7,APROVADO,RGR_R04_DECIL4_10_APROVADO,APROVADO_AUTOMATICO_BAIXO_RISCO,Aprovacao Automatica: Risco dentro do apetite da seguradora.,0.0,False,10000.0,10000.0,0.0,0.0,G,,ALTA,0.0,0.0
CNPJ_002043,0.0,0.0994,6,APROVADO,RGR_R04_DECIL4_10_APROVADO,APROVADO_AUTOMATICO_BAIXO_RISCO,Aprovacao Automatica: Risco dentro do apetite da seguradora.,0.0,False,10000.0,10000.0,0.0,0.0,G,F,ALTA,0.0,0.0
CNPJ_002044,0.0,0.0788,9,APROVADO,RGR_R04_DECIL4_10_APROVADO,APROVADO_AUTOMATICO_BAIXO_RISCO,Aprovacao Automatica: Risco dentro do apetite da seguradora.,0.0,False,10000.0,10000.0,0.0,0.0,F,H,ALTA,6.0,0.0
CNPJ_002045,0.0,0.1344,2,ACEITO_COM_CONDICAO,RGR_R03_DECIL2_3_CONDICIONAL,ACEITE_CONDICIONAL_DECIL_INTERMEDIARIO,Aceite Condicional Decil Intermediario (+7.5% premio).,7.5,False,10000.0,10750.0,750.0,0.0,H,G,ALTA,1.0,0.0
CNPJ_002046,0.0,0.1235,2,ACEITO_COM_CONDICAO,RGR_R03_DECIL2_3_CONDICIONAL,ACEITE_CONDICIONAL_DECIL_INTERMEDIARIO,Aceite Condicional Decil Intermediario (+7.5% premio).,7.5,False,10000.0,10750.0,750.0,0.0,G,C,MEDIA,2.0,0.0
CNPJ_002047,0.0,0.1544,1,ACEITO_COM_CONDICAO,RGR_R01_DECIL1_RESGATE_COM_RASTREADOR,RECUPERACAO_COMERCIAL_D1,"Aceite Condicional Decil 1: Perfil de score alto risco, porem mitigado por baixo passivo judicial e geografia favoravel.",15.0,True,10000.0,11500.0,1500.0,0.0,K,A,BAIXISSIMA,0.0,0.0
CNPJ_002048,0.0,0.0627,10,APROVADO,RGR_R04_DECIL4_10_APROVADO,APROVADO_AUTOMATICO_BAIXO_RISCO,Aprovacao Automatica: Risco dentro do apetite da seguradora.,0.0,False,10000.0,10000.0,0.0,0.0,N,J,,52.0,1.0
CNPJ_002049,0.0,0.1088,4,APROVADO,RGR_R04_DECIL4_10_APROVADO,APROVADO_AUTOMATICO_BAIXO_RISCO,Aprovacao Automatica: Risco dentro do apetite da seguradora.,0.0,False,10000.0,10000.0,0.0,0.0,N,F,ALTA,0.0,0.0
CNPJ_002050,0.0,0.1086,4,APROVADO,RGR_R04_DECIL4_10_APROVADO,APROVADO_AUTOMATICO_BAIXO_RISCO,Aprovacao Automatica: Risco dentro do apetite da seguradora.,0.0,False,10000.0,10000.0,0.0,0.0,G,,ALTISSIMA,0.0,0.0
CNPJ_002051,0.0,0.1134,4,APROVADO,RGR_R04_DECIL4_10_APROVADO,APROVADO_AUTOMATICO_BAIXO_RISCO,Aprovacao Automatica: Risco dentro do apetite da seguradora.,0.0,False,10000.0,10000.0,0.0,0.0,M,,ALTA,0.0,0.0
CNPJ_002052,0.0,0.1944,1,ACEITO_COM_CONDICAO,RGR_R01_DECIL1_RESGATE_COM_RASTREADOR,RECUPERACAO_COMERCIAL_D1,"Aceite Condicional Decil 1: Perfil de score alto risco, porem mitigado por baixo passivo judicial e geografia favoravel.",15.0,True,10000.0,11500.0,1500.0,0.0,H,D,BAIXISSIMA,0.0,0.0
CNPJ_002053,0.0,0.1204,2,RECUSADO,RGR_K01_RISCO_LIDERANCA_AREA_CRITICA,K01_LIDERANCA_AREA_CRITICA,Recusa Sumaria: Risco de lideranca detectado em area de concentracao altissima de sinistro.,0.0,False,10000.0,0.0,0.0,0.0,K,,ALTISSIMA,0.0,1.0
CNPJ_002054,0.0,0.0964,7,APROVADO,RGR_R04_DECIL4_10_APROVADO,APROVADO_AUTOMATICO_BAIXO_RISCO,Aprovacao Automatica: Risco dentro do apetite da seguradora.,0.0,False,10000.0,10000.0,0.0,0.0,G,B,BAIXISSIMA,0.0,1.0
CNPJ_002055,0.0,0.0926,7,APROVADO,RGR_R04_DECIL4_10_APROVADO,APROVADO_AUTOMATICO_BAIXO_RISCO,Aprovacao Automatica: Risco dentro do apetite da seguradora.,0.0,False,10000.0,10000.0,0.0,0.0,F,G,ALTA,3.0,
CNPJ_002056,0.0,0.2858,1,ACEITO_COM_CONDICAO,RGR_R01_DECIL1_RESGATE_COM_RASTREADOR,RECUPERACAO_COMERCIAL_D1,"Aceite Condicional Decil 1: Perfil de score alto risco, porem mitigado por baixo passivo judicial e geografia favoravel.",15.0,True,10000.0,11500.0,1500.0,0.0,H,,BAIXISSIMA,0.0,0.0
CNPJ_002057,0.0,0.1069,5,APROVADO,RGR_R04_DECIL4_10_APROVADO,APROVADO_AUTOMATICO_BAIXO_RISCO,Aprovacao Automatica: Risco dentro do apetite da seguradora.,0.0,False,10000.0,10000.0,0.0,0.0,S,EMPRESA_ISENTA,ALTA,0.0,0.0
CNPJ_002058,0.0,0.0953,7,APROVADO,RGR_R04_DECIL4_10_APROVADO,APROVADO_AUTOMATICO_BAIXO_RISCO,Aprovacao Automatica: Risco dentro do apetite da seguradora.,0.0,False,10000.0,10000.0,0.0,0.0,F,H,ALTA,6.0,0.0
CNPJ_002059,0.0,0.1054,5,APROVADO,RGR_R04_DECIL4_10_APROVADO,APROVADO_AUTOMATICO_BAIXO_RISCO,Aprovacao Automatica: Risco dentro do apetite da seguradora.,0.0,False,10000.0,10000.0,0.0,0.0,F,C,ALTISSIMA,1.0,0.0
CNPJ_002060,0.0,0.0782,9,APROVADO,RGR_R04_DECIL4_10_APROVADO,APROVADO_AUTOMATICO_BAIXO_RISCO,Aprovacao Automatica: Risco dentro do apetite da seguradora.,0.0,False,10000.0,10000.0,0.0,0.0,F,C,BAIXISSIMA,0.0,0.0
CNPJ_002061,0.0,0.1125,4,APROVADO,RGR_R04_DECIL4_10_APROVADO,APROVADO_AUTOMATICO_BAIXO_RISCO,Aprovacao Automatica: Risco dentro do apetite da seguradora.,0.0,False,10000.0,10000.0,0.0,0.0,G,A,BAIXISSIMA,0.0,0.0
CNPJ_002062,0.0,0.1185,3,ACEITO_COM_CONDICAO,RGR_R03_DECIL2_3_CONDICIONAL,ACEITE_CONDICIONAL_DECIL_INTERMEDIARIO,Aceite Condicional Decil Intermediario (+7.5% premio).,7.5,False,10000.0,10750.0,750.0,0.0,F,C,ALTISSIMA,0.0,0.0
CNPJ_002063,0.0,0.1326,2,ACEITO_COM_CONDICAO,RGR_R03_DECIL2_3_CONDICIONAL,ACEITE_CONDICIONAL_DECIL_INTERMEDIARIO,Aceite Condicional Decil Intermediario (+7.5% premio).,7.5,False,10000.0,10750.0,750.0,0.0,G,D,BAIXISSIMA,0.0,0.0
CNPJ_002064,0.0,0.1557,1,RECUSADO,RGR_R02_DECIL1_RECUSA_PADRAO,DECIL1_ALTO_RISCO_SEM_MITIGACAO,Recusa por Decil 1 de Risco sem criterios para resgate comercial.,0.0,False,10000.0,0.0,0.0,0.0,G,E,ALTA,0.0,0.0
CNPJ_002065,0.0,0.0849,9,APROVADO,RGR_R04_DECIL4_10_APROVADO,APROVADO_AUTOMATICO_BAIXO_RISCO,Aprovacao Automatica: Risco dentro do apetite da seguradora.,0.0,False,10000.0,10000.0,0.0,0.0,C,J,MEDIA,25.0,0.0
CNPJ_002066,0.0,0.1145,3,RECUSADO,RGR_K02_EXCESSO_PROCESSOS_JUDICIAIS,K02_JUDICIAL_EXTREMO,Recusa Sumaria: Elevado passivo judicial (> 100 processos como requerido).,0.0,False,10000.0,0.0,0.0,0.0,G,J,ALTA,212.0,0.0
CNPJ_002067,0.0,0.097,7,APROVADO,RGR_R04_DECIL4_10_APROVADO,APROVADO_AUTOMATICO_BAIXO_RISCO,Aprovacao Automatica: Risco dentro do apetite da seguradora.,0.0,False,10000.0,10000.0,0.0,0.0,C,D,BAIXISSIMA,1.0,0.0
CNPJ_002068,0.0,0.0993,6,APROVADO,RGR_R04_DECIL4_10_APROVADO,APROVADO_AUTOMATICO_BAIXO_RISCO,Aprovacao Automatica: Risco dentro do apetite da seguradora.,0.0,False,10000.0,10000.0,0.0,0.0,F,I,MEDIA,98.0,0.0
CNPJ_002069,0.0,0.0906,8,APROVADO,RGR_R04_DECIL4_10_APROVADO,APROVADO_AUTOMATICO_BAIXO_RISCO,Aprovacao Automatica: Risco dentro do apetite da seguradora.,0.0,False,10000.0,10000.0,0.0,0.0,C,I,ALTISSIMA,23.0,0.0
CNPJ_002070,0.0,0.0942,7,APROVADO,RGR_R04_DECIL4_10_APROVADO,APROVADO_AUTOMATICO_BAIXO_RISCO,Aprovacao Automatica: Risco dentro do apetite da seguradora.,0.0,False,10000.0,10000.0,0.0,0.0,G,,ALTA,0.0,0.0
CNPJ_002071,0.0,0.1325,2,RECUSADO,RGR_K02_EXCESSO_PROCESSOS_JUDICIAIS,K02_JUDICIAL_EXTREMO,Recusa Sumaria: Elevado passivo judicial (> 100 processos como requerido).,0.0,False,10000.0,0.0,0.0,0.0,C,J,BAIXISSIMA,479.0,0.0
CNPJ_002072,0.0,0.1912,1,ACEITO_COM_CONDICAO,RGR_R01_DECIL1_RESGATE_COM_RASTREADOR,RECUPERACAO_COMERCIAL_D1,"Aceite Condicional Decil 1: Perfil de score alto risco, porem mitigado por baixo passivo judicial e geografia favoravel.",15.0,True,10000.0,11500.0,1500.0,0.0,F,H,BAIXISSIMA,3.0,0.0
CNPJ_002073,0.0,0.0818,9,APROVADO,RGR_R04_DECIL4_10_APROVADO,APROVADO_AUTOMATICO_BAIXO_RISCO,Aprovacao Automatica: Risco dentro do apetite da seguradora.,0.0,False,10000.0,10000.0,0.0,0.0,A,E,ALTA,5.0,0.0
CNPJ_002074,0.0,0.1175,3,ACEITO_COM_CONDICAO,RGR_R03_DECIL2_3_CONDICIONAL,ACEITE_CONDICIONAL_DECIL_INTERMEDIARIO,Aceite Condicional Decil Intermediario (+7.5% premio).,7.5,False,10000.0,10750.0,750.0,0.0,H,B,BAIXISSIMA,0.0,0.0
CNPJ_002075,0.0,0.0683,10,APROVADO,RGR_R04_DECIL4_10_APROVADO,APROVADO_AUTOMATICO_BAIXO_RISCO,Aprovacao Automatica: Risco dentro do apetite da seguradora.,0.0,False,10000.0,10000.0,0.0,0.0,L,,ALTISSIMA,12.0,0.0
CNPJ_002076,0.0,0.0989,6,APROVADO,RGR_R04_DECIL4_10_APROVADO,APROVADO_AUTOMATICO_BAIXO_RISCO,Aprovacao Automatica: Risco dentro do apetite da seguradora.,0.0,False,10000.0,10000.0,0.0,0.0,C,E,ALTA,0.0,0.0
CNPJ_002077,0.0,0.1199,3,ACEITO_COM_CONDICAO,RGR_R03_DECIL2_3_CONDICIONAL,ACEITE_CONDICIONAL_DECIL_INTERMEDIARIO,Aceite Condicional Decil Intermediario (+7.5% premio).,7.5,False,10000.0,10750.0,750.0,0.0,G,,MEDIA,0.0,0.0
CNPJ_002078,0.0,0.1092,4,APROVADO,RGR_R04_DECIL4_10_APROVADO,APROVADO_AUTOMATICO_BAIXO_RISCO,Aprovacao Automatica: Risco dentro do apetite da seguradora.,0.0,False,10000.0,10000.0,0.0,0.0,F,I,ALTISSIMA,5.0,0.0
CNPJ_002079,0.0,0.0965,7,APROVADO,RGR_R04_DECIL4_10_APROVADO,APROVADO_AUTOMATICO_BAIXO_RISCO,Aprovacao Automatica: Risco dentro do apetite da seguradora.,0.0,False,10000.0,10000.0,0.0,0.0,G,D,ALTA,0.0,0.0
CNPJ_002080,0.0,0.1073,5,APROVADO,RGR_R04_DECIL4_10_APROVADO,APROVADO_AUTOMATICO_BAIXO_RISCO,Aprovacao Automatica: Risco dentro do apetite da seguradora.,0.0,False,10000.0,10000.0,0.0,0.0,C,D,BAIXISSIMA,0.0,0.0
CNPJ_002081,0.0,0.1057,5,APROVADO,RGR_R04_DECIL4_10_APROVADO,APROVADO_AUTOMATICO_BAIXO_RISCO,Aprovacao Automatica: Risco dentro do apetite da seguradora.,0.0,False,10000.0,10000.0,0.0,0.0,G,,ALTA,0.0,
CNPJ_002082,0.0,0.0741,10,RECUSADO,RGR_K01_RISCO_LIDERANCA_AREA_CRITICA,K01_LIDERANCA_AREA_CRITICA,Recusa Sumaria: Risco de lideranca detectado em area de concentracao altissima de sinistro.,0.0,False,10000.0,0.0,0.0,0.0,G,I,ALTISSIMA,15.0,1.0
CNPJ_002083,0.0,0.1865,1,RECUSADO,RGR_R02_DECIL1_RECUSA_PADRAO,DECIL1_ALTO_RISCO_SEM_MITIGACAO,Recusa por Decil 1 de Risco sem criterios para resgate comercial.,0.0,False,10000.0,0.0,0.0,0.0,H,I,BAIXISSIMA,41.0,0.0
CNPJ_002084,0.0,0.096,7,APROVADO,RGR_R04_DECIL4_10_APROVADO,APROVADO_AUTOMATICO_BAIXO_RISCO,Aprovacao Automatica: Risco dentro do apetite da seguradora.,0.0,False,10000.0,10000.0,0.0,0.0,G,E,ALTA,0.0,0.0
CNPJ_002085,0.0,0.1003,6,APROVADO,RGR_R04_DECIL4_10_APROVADO,APROVADO_AUTOMATICO_BAIXO_RISCO,Aprovacao Automatica: Risco dentro do apetite da seguradora.,0.0,False,10000.0,10000.0,0.0,0.0,N,C,ALTA,0.0,
CNPJ_002086,0.0,0.0909,8,APROVADO,RGR_R04_DECIL4_10_APROVADO,APROVADO_AUTOMATICO_BAIXO_RISCO,Aprovacao Automatica: Risco dentro do apetite da seguradora.,0.0,False,10000.0,10000.0,0.0,0.0,G,H,BAIXISSIMA,5.0,0.0
CNPJ_002087,0.0,0.0542,10,APROVADO,RGR_R04_DECIL4_10_APROVADO,APROVADO_AUTOMATICO_BAIXO_RISCO,Aprovacao Automatica: Risco dentro do apetite da seguradora.,0.0,False,10000.0,10000.0,0.0,0.0,H,C,ALTISSIMA,0.0,0.0
CNPJ_002088,0.0,0.1013,6,APROVADO,RGR_R04_DECIL4_10_APROVADO,APROVADO_AUTOMATICO_BAIXO_RISCO,Aprovacao Automatica: Risco dentro do apetite da seguradora.,0.0,False,10000.0,10000.0,0.0,0.0,M,G,MEDIA,2.0,0.0
CNPJ_002089,0.0,0.1268,2,ACEITO_COM_CONDICAO,RGR_R03_DECIL2_3_CONDICIONAL,ACEITE_CONDICIONAL_DECIL_INTERMEDIARIO,Aceite Condicional Decil Intermediario (+7.5% premio).,7.5,False,10000.0,10750.0,750.0,0.0,C,D,BAIXISSIMA,0.0,0.0
CNPJ_002090,0.0,0.1188,3,ACEITO_COM_CONDICAO,RGR_R03_DECIL2_3_CONDICIONAL,ACEITE_CONDICIONAL_DECIL_INTERMEDIARIO,Aceite Condicional Decil Intermediario (+7.5% premio).,7.5,False,10000.0,10750.0,750.0,0.0,C,J,BAIXISSIMA,2.0,0.0
CNPJ_002091,0.0,0.1002,6,APROVADO,RGR_R04_DECIL4_10_APROVADO,APROVADO_AUTOMATICO_BAIXO_RISCO,Aprovacao Automatica: Risco dentro do apetite da seguradora.,0.0,False,10000.0,10000.0,0.0,0.0,H,,BAIXISSIMA,0.0,0.0
CNPJ_002092,0.0,0.0554,10,APROVADO,RGR_R04_DECIL4_10_APROVADO,APROVADO_AUTOMATICO_BAIXO_RISCO,Aprovacao Automatica: Risco dentro do apetite da seguradora.,0.0,False,10000.0,10000.0,0.0,0.0,C,J,,46.0,
CNPJ_002093,0.0,0.0796,9,APROVADO,RGR_R04_DECIL4_10_APROVADO,APROVADO_AUTOMATICO_BAIXO_RISCO,Aprovacao Automatica: Risco dentro do apetite da seguradora.,0.0,False,10000.0,10000.0,0.0,0.0,H,D,BAIXISSIMA,0.0,0.0
CNPJ_002094,0.0,0.0985,6,APROVADO,RGR_R04_DECIL4_10_APROVADO,APROVADO_AUTOMATICO_BAIXO_RISCO,Aprovacao Automatica: Risco dentro do apetite da seguradora.,0.0,False,10000.0,10000.0,0.0,0.0,N,H,ALTA,22.0,1.0
CNPJ_002095,0.0,0.1115,4,APROVADO,RGR_R04_DECIL4_10_APROVADO,APROVADO_AUTOMATICO_BAIXO_RISCO,Aprovacao Automatica: Risco dentro do apetite da seguradora.,0.0,False,10000.0,10000.0,0.0,0.0,H,G,ALTA,7.0,0.0
CNPJ_002096,0.0,0.144,1,RECUSADO,RGR_R02_DECIL1_RECUSA_PADRAO,DECIL1_ALTO_RISCO_SEM_MITIGACAO,Recusa por Decil 1 de Risco sem criterios para resgate comercial.,0.0,False,10000.0,0.0,0.0,0.0,G,A,ALTA,1.0,0.0
CNPJ_002097,0.0,0.0764,10,APROVADO,RGR_R04_DECIL4_10_APROVADO,APROVADO_AUTOMATICO_BAIXO_RISCO,Aprovacao Automatica: Risco dentro do apetite da seguradora.,0.0,False,10000.0,10000.0,0.0,0.0,H,I,BAIXISSIMA,15.0,0.0
CNPJ_002098,0.0,0.082,9,APROVADO,RGR_R04_DECIL4_10_APROVADO,APROVADO_AUTOMATICO_BAIXO_RISCO,Aprovacao Automatica: Risco dentro do apetite da seguradora.,0.0,False,10000.0,10000.0,0.0,0.0,G,J,ALTA,33.0,0.0
CNPJ_002099,0.0,0.087,8,APROVADO,RGR_R04_DECIL4_10_APROVADO,APROVADO_AUTOMATICO_BAIXO_RISCO,Aprovacao Automatica: Risco dentro do apetite da seguradora.,0.0,False,10000.0,10000.0,0.0,0.0,G,D,ALTISSIMA,0.0,0.0
CNPJ_002100,0.0,0.1009,6,APROVADO,RGR_R04_DECIL4_10_APROVADO,APROVADO_AUTOMATICO_BAIXO_RISCO,Aprovacao Automatica: Risco dentro do apetite da seguradora.,0.0,False,10000.0,10000.0,0.0,0.0,Q,G,ALTA,9.0,0.0
CNPJ_002101,0.0,0.1154,3,ACEITO_COM_CONDICAO,RGR_R03_DECIL2_3_CONDICIONAL,ACEITE_CONDICIONAL_DECIL_INTERMEDIARIO,Aceite Condicional Decil Intermediario (+7.5% premio).,7.5,False,10000.0,10750.0,750.0,0.0,F,F,ALTISSIMA,0.0,0.0
CNPJ_002102,0.0,0.103,5,APROVADO,RGR_R04_DECIL4_10_APROVADO,APROVADO_AUTOMATICO_BAIXO_RISCO,Aprovacao Automatica: Risco dentro do apetite da seguradora.,0.0,False,10000.0,10000.0,0.0,0.0,E,F,ALTISSIMA,3.0,0.0
CNPJ_002103,0.0,0.0872,8,APROVADO,RGR_R04_DECIL4_10_APROVADO,APROVADO_AUTOMATICO_BAIXO_RISCO,Aprovacao Automatica: Risco dentro do apetite da seguradora.,0.0,False,10000.0,10000.0,0.0,0.0,F,G,BAIXISSIMA,62.0,0.0
CNPJ_002104,0.0,0.0907,8,APROVADO,RGR_R04_DECIL4_10_APROVADO,APROVADO_AUTOMATICO_BAIXO_RISCO,Aprovacao Automatica: Risco dentro do apetite da seguradora.,0.0,False,10000.0,10000.0,0.0,0.0,G,F,BAIXISSIMA,8.0,0.0
CNPJ_002105,0.0,0.1005,6,APROVADO,RGR_R04_DECIL4_10_APROVADO,APROVADO_AUTOMATICO_BAIXO_RISCO,Aprovacao Automatica: Risco dentro do apetite da seguradora.,0.0,False,10000.0,10000.0,0.0,0.0,N,C,ALTISSIMA,0.0,0.0
CNPJ_002106,0.0,0.1093,4,APROVADO,RGR_R04_DECIL4_10_APROVADO,APROVADO_AUTOMATICO_BAIXO_RISCO,Aprovacao Automatica: Risco dentro do apetite da seguradora.,0.0,False,10000.0,10000.0,0.0,0.0,F,F,ALTA,0.0,0.0
CNPJ_002107,0.0,0.0976,6,APROVADO,RGR_R04_DECIL4_10_APROVADO,APROVADO_AUTOMATICO_BAIXO_RISCO,Aprovacao Automatica: Risco dentro do apetite da seguradora.,0.0,False,10000.0,10000.0,0.0,0.0,C,J,MEDIA,84.0,0.0
CNPJ_002108,0.0,0.1085,4,APROVADO,RGR_R04_DECIL4_10_APROVADO,APROVADO_AUTOMATICO_BAIXO_RISCO,Aprovacao Automatica: Risco dentro do apetite da seguradora.,0.0,False,10000.0,10000.0,0.0,0.0,M,A,MEDIA,0.0,0.0
CNPJ_002109,0.0,0.0805,9,APROVADO,RGR_R04_DECIL4_10_APROVADO,APROVADO_AUTOMATICO_BAIXO_RISCO,Aprovacao Automatica: Risco dentro do apetite da seguradora.,0.0,False,10000.0,10000.0,0.0,0.0,C,E,BAIXISSIMA,0.0,0.0
CNPJ_002110,0.0,0.0744,10,RECUSADO,RGR_K01_RISCO_LIDERANCA_AREA_CRITICA,K01_LIDERANCA_AREA_CRITICA,Recusa Sumaria: Risco de lideranca detectado em area de concentracao altissima de sinistro.,0.0,False,10000.0,0.0,0.0,0.0,H,D,ALTISSIMA,0.0,1.0
CNPJ_002111,0.0,0.0777,9,APROVADO,RGR_R04_DECIL4_10_APROVADO,APROVADO_AUTOMATICO_BAIXO_RISCO,Aprovacao Automatica: Risco dentro do apetite da seguradora.,0.0,False,10000.0,10000.0,0.0,0.0,H,I,ALTA,1.0,0.0
CNPJ_002112,0.0,0.131,2,ACEITO_COM_CONDICAO,RGR_R03_DECIL2_3_CONDICIONAL,ACEITE_CONDICIONAL_DECIL_INTERMEDIARIO,Aceite Condicional Decil Intermediario (+7.5% premio).,7.5,False,10000.0,10750.0,750.0,0.0,L,,BAIXISSIMA,0.0,0.0
CNPJ_002113,0.0,0.1865,1,RECUSADO,RGR_R02_DECIL1_RECUSA_PADRAO,DECIL1_ALTO_RISCO_SEM_MITIGACAO,Recusa por Decil 1 de Risco sem criterios para resgate comercial.,0.0,False,10000.0,0.0,0.0,0.0,H,I,BAIXISSIMA,41.0,0.0
CNPJ_002114,0.0,0.1081,4,APROVADO,RGR_R04_DECIL4_10_APROVADO,APROVADO_AUTOMATICO_BAIXO_RISCO,Aprovacao Automatica: Risco dentro do apetite da seguradora.,0.0,False,10000.0,10000.0,0.0,0.0,G,,ALTISSIMA,0.0,0.0
CNPJ_002115,0.0,0.1059,5,APROVADO,RGR_R04_DECIL4_10_APROVADO,APROVADO_AUTOMATICO_BAIXO_RISCO,Aprovacao Automatica: Risco dentro do apetite da seguradora.,0.0,False,10000.0,10000.0,0.0,0.0,H,H,BAIXISSIMA,6.0,0.0
CNPJ_002116,0.0,0.1503,1,RECUSADO,RGR_R02_DECIL1_RECUSA_PADRAO,DECIL1_ALTO_RISCO_SEM_MITIGACAO,Recusa por Decil 1 de Risco sem criterios para resgate comercial.,0.0,False,10000.0,0.0,0.0,0.0,G,E,ALTA,0.0,0.0
CNPJ_002117,0.0,0.0911,8,APROVADO,RGR_R04_DECIL4_10_APROVADO,APROVADO_AUTOMATICO_BAIXO_RISCO,Aprovacao Automatica: Risco dentro do apetite da seguradora.,0.0,False,10000.0,10000.0,0.0,0.0,G,G,ALTISSIMA,8.0,0.0
CNPJ_002118,0.0,0.1217,2,ACEITO_COM_CONDICAO,RGR_R03_DECIL2_3_CONDICIONAL,ACEITE_CONDICIONAL_DECIL_INTERMEDIARIO,Aceite Condicional Decil Intermediario (+7.5% premio).,7.5,False,10000.0,10750.0,750.0,0.0,M,,ALTISSIMA,0.0,0.0
CNPJ_002119,0.0,0.0895,8,APROVADO,RGR_R04_DECIL4_10_APROVADO,APROVADO_AUTOMATICO_BAIXO_RISCO,Aprovacao Automatica: Risco dentro do apetite da seguradora.,0.0,False,10000.0,10000.0,0.0,0.0,G,F,BAIXISSIMA,1.0,0.0
CNPJ_002120,0.0,0.0848,9,APROVADO,RGR_R04_DECIL4_10_APROVADO,APROVADO_AUTOMATICO_BAIXO_RISCO,Aprovacao Automatica: Risco dentro do apetite da seguradora.,0.0,False,10000.0,10000.0,0.0,0.0,H,B,ALTA,0.0,0.0
CNPJ_002121,0.0,0.0999,6,APROVADO,RGR_R04_DECIL4_10_APROVADO,APROVADO_AUTOMATICO_BAIXO_RISCO,Aprovacao Automatica: Risco dentro do apetite da seguradora.,0.0,False,10000.0,10000.0,0.0,0.0,K,I,ALTA,74.0,0.0
CNPJ_002122,0.0,0.0991,6,APROVADO,RGR_R04_DECIL4_10_APROVADO,APROVADO_AUTOMATICO_BAIXO_RISCO,Aprovacao Automatica: Risco dentro do apetite da seguradora.,0.0,False,10000.0,10000.0,0.0,0.0,N,H,ALTA,5.0,0.0
CNPJ_002123,0.0,0.121,2,ACEITO_COM_CONDICAO,RGR_R03_DECIL2_3_CONDICIONAL,ACEITE_CONDICIONAL_DECIL_INTERMEDIARIO,Aceite Condicional Decil Intermediario (+7.5% premio).,7.5,False,10000.0,10750.0,750.0,0.0,G,D,ALTA,0.0,0.0
CNPJ_002124,0.0,0.0956,7,APROVADO,RGR_R04_DECIL4_10_APROVADO,APROVADO_AUTOMATICO_BAIXO_RISCO,Aprovacao Automatica: Risco dentro do apetite da seguradora.,0.0,False,10000.0,10000.0,0.0,0.0,H,C,ALTISSIMA,0.0,0.0
CNPJ_002125,0.0,0.0989,6,APROVADO,RGR_R04_DECIL4_10_APROVADO,APROVADO_AUTOMATICO_BAIXO_RISCO,Aprovacao Automatica: Risco dentro do apetite da seguradora.,0.0,False,10000.0,10000.0,0.0,0.0,H,H,ALTA,18.0,0.0
CNPJ_002126,0.0,0.091,8,APROVADO,RGR_R04_DECIL4_10_APROVADO,APROVADO_AUTOMATICO_BAIXO_RISCO,Aprovacao Automatica: Risco dentro do apetite da seguradora.,0.0,False,10000.0,10000.0,0.0,0.0,F,C,ALTISSIMA,0.0,0.0
CNPJ_002127,0.0,0.1086,4,APROVADO,RGR_R04_DECIL4_10_APROVADO,APROVADO_AUTOMATICO_BAIXO_RISCO,Aprovacao Automatica: Risco dentro do apetite da seguradora.,0.0,False,10000.0,10000.0,0.0,0.0,S,C,ALTA,0.0,0.0
CNPJ_002128,0.0,0.0825,9,APROVADO,RGR_R04_DECIL4_10_APROVADO,APROVADO_AUTOMATICO_BAIXO_RISCO,Aprovacao Automatica: Risco dentro do apetite da seguradora.,0.0,False,10000.0,10000.0,0.0,0.0,M,D,MEDIA,0.0,0.0
CNPJ_002129,0.0,0.0966,7,APROVADO,RGR_R04_DECIL4_10_APROVADO,APROVADO_AUTOMATICO_BAIXO_RISCO,Aprovacao Automatica: Risco dentro do apetite da seguradora.,0.0,False,10000.0,10000.0,0.0,0.0,C,E,ALTA,1.0,0.0
CNPJ_002130,0.0,0.0705,10,APROVADO,RGR_R04_DECIL4_10_APROVADO,APROVADO_AUTOMATICO_BAIXO_RISCO,Aprovacao Automatica: Risco dentro do apetite da seguradora.,0.0,False,10000.0,10000.0,0.0,0.0,H,D,ALTISSIMA,0.0,0.0
CNPJ_002131,0.0,0.0834,9,APROVADO,RGR_R04_DECIL4_10_APROVADO,APROVADO_AUTOMATICO_BAIXO_RISCO,Aprovacao Automatica: Risco dentro do apetite da seguradora.,0.0,False,10000.0,10000.0,0.0,0.0,H,D,BAIXISSIMA,2.0,1.0
CNPJ_002132,0.0,0.1186,3,ACEITO_COM_CONDICAO,RGR_R03_DECIL2_3_CONDICIONAL,ACEITE_CONDICIONAL_DECIL_INTERMEDIARIO,Aceite Condicional Decil Intermediario (+7.5% premio).,7.5,False,10000.0,10750.0,750.0,0.0,G,B,BAIXISSIMA,1.0,0.0
CNPJ_002133,0.0,0.1106,4,APROVADO,RGR_R04_DECIL4_10_APROVADO,APROVADO_AUTOMATICO_BAIXO_RISCO,Aprovacao Automatica: Risco dentro do apetite da seguradora.,0.0,False,10000.0,10000.0,0.0,0.0,G,D,BAIXISSIMA,1.0,0.0
CNPJ_002134,0.0,0.0711,10,APROVADO,RGR_R04_DECIL4_10_APROVADO,APROVADO_AUTOMATICO_BAIXO_RISCO,Aprovacao Automatica: Risco dentro do apetite da seguradora.,0.0,False,10000.0,10000.0,0.0,0.0,N,F,ALTISSIMA,17.0,0.0
CNPJ_002135,0.0,0.1702,1,RECUSADO,RGR_K02_EXCESSO_PROCESSOS_JUDICIAIS,K02_JUDICIAL_EXTREMO,Recusa Sumaria: Elevado passivo judicial (> 100 processos como requerido).,0.0,False,10000.0,0.0,0.0,0.0,C,J,ALTISSIMA,142.0,0.0
CNPJ_002136,0.0,0.0697,10,APROVADO,RGR_R04_DECIL4_10_APROVADO,APROVADO_AUTOMATICO_BAIXO_RISCO,Aprovacao Automatica: Risco dentro do apetite da seguradora.,0.0,False,10000.0,10000.0,0.0,0.0,F,C,ALTA,0.0,0.0
CNPJ_002137,0.0,0.0988,6,APROVADO,RGR_R04_DECIL4_10_APROVADO,APROVADO_AUTOMATICO_BAIXO_RISCO,Aprovacao Automatica: Risco dentro do apetite da seguradora.,0.0,False,10000.0,10000.0,0.0,0.0,F,H,ALTA,9.0,0.0
CNPJ_002138,0.0,0.2007,1,RECUSADO,RGR_R02_DECIL1_RECUSA_PADRAO,DECIL1_ALTO_RISCO_SEM_MITIGACAO,Recusa por Decil 1 de Risco sem criterios para resgate comercial.,0.0,False,10000.0,0.0,0.0,0.0,G,,ALTA,0.0,1.0
CNPJ_002139,0.0,0.1052,5,APROVADO,RGR_R04_DECIL4_10_APROVADO,APROVADO_AUTOMATICO_BAIXO_RISCO,Aprovacao Automatica: Risco dentro do apetite da seguradora.,0.0,False,10000.0,10000.0,0.0,0.0,H,J,BAIXISSIMA,18.0,0.0
CNPJ_002140,0.0,0.1272,2,ACEITO_COM_CONDICAO,RGR_R03_DECIL2_3_CONDICIONAL,ACEITE_CONDICIONAL_DECIL_INTERMEDIARIO,Aceite Condicional Decil Intermediario (+7.5% premio).,7.5,False,10000.0,10750.0,750.0,0.0,C,I,ALTA,3.0,1.0
CNPJ_002141,0.0,0.1048,5,APROVADO,RGR_R04_DECIL4_10_APROVADO,APROVADO_AUTOMATICO_BAIXO_RISCO,Aprovacao Automatica: Risco dentro do apetite da seguradora.,0.0,False,10000.0,10000.0,0.0,0.0,N,A,ALTISSIMA,1.0,0.0
CNPJ_002142,0.0,0.0907,8,APROVADO,RGR_R04_DECIL4_10_APROVADO,APROVADO_AUTOMATICO_BAIXO_RISCO,Aprovacao Automatica: Risco dentro do apetite da seguradora.,0.0,False,10000.0,10000.0,0.0,0.0,G,E,ALTA,0.0,0.0
CNPJ_002143,0.0,0.0866,8,APROVADO,RGR_R04_DECIL4_10_APROVADO,APROVADO_AUTOMATICO_BAIXO_RISCO,Aprovacao Automatica: Risco dentro do apetite da seguradora.,0.0,False,10000.0,10000.0,0.0,0.0,G,,ALTA,3.0,0.0
CNPJ_002144,0.0,0.1397,2,ACEITO_COM_CONDICAO,RGR_R03_DECIL2_3_CONDICIONAL,ACEITE_CONDICIONAL_DECIL_INTERMEDIARIO,Aceite Condicional Decil Intermediario (+7.5% premio).,7.5,False,10000.0,10750.0,750.0,0.0,G,F,BAIXISSIMA,0.0,0.0
CNPJ_002145,0.0,0.1266,2,ACEITO_COM_CONDICAO,RGR_R03_DECIL2_3_CONDICIONAL,ACEITE_CONDICIONAL_DECIL_INTERMEDIARIO,Aceite Condicional Decil Intermediario (+7.5% premio).,7.5,False,10000.0,10750.0,750.0,0.0,G,E,ALTISSIMA,0.0,0.0
CNPJ_002146,0.0,0.1021,6,APROVADO,RGR_R04_DECIL4_10_APROVADO,APROVADO_AUTOMATICO_BAIXO_RISCO,Aprovacao Automatica: Risco dentro do apetite da seguradora.,0.0,False,10000.0,10000.0,0.0,0.0,H,C,ALTA,0.0,0.0
CNPJ_002147,0.0,0.1007,6,APROVADO,RGR_R04_DECIL4_10_APROVADO,APROVADO_AUTOMATICO_BAIXO_RISCO,Aprovacao Automatica: Risco dentro do apetite da seguradora.,0.0,False,10000.0,10000.0,0.0,0.0,H,E,BAIXISSIMA,3.0,0.0
CNPJ_002148,0.0,0.0996,6,APROVADO,RGR_R04_DECIL4_10_APROVADO,APROVADO_AUTOMATICO_BAIXO_RISCO,Aprovacao Automatica: Risco dentro do apetite da seguradora.,0.0,False,10000.0,10000.0,0.0,0.0,G,C,BAIXISSIMA,0.0,0.0
CNPJ_002149,0.0,0.1242,2,ACEITO_COM_CONDICAO,RGR_R03_DECIL2_3_CONDICIONAL,ACEITE_CONDICIONAL_DECIL_INTERMEDIARIO,Aceite Condicional Decil Intermediario (+7.5% premio).,7.5,False,10000.0,10750.0,750.0,0.0,F,G,BAIXISSIMA,13.0,0.0
CNPJ_002150,0.0,0.0764,10,APROVADO,RGR_R04_DECIL4_10_APROVADO,APROVADO_AUTOMATICO_BAIXO_RISCO,Aprovacao Automatica: Risco dentro do apetite da seguradora.,0.0,False,10000.0,10000.0,0.0,0.0,H,I,BAIXISSIMA,15.0,0.0
CNPJ_002151,0.0,0.0843,9,APROVADO,RGR_R04_DECIL4_10_APROVADO,APROVADO_AUTOMATICO_BAIXO_RISCO,Aprovacao Automatica: Risco dentro do apetite da seguradora.,0.0,False,10000.0,10000.0,0.0,0.0,N,A,MEDIA,0.0,0.0
CNPJ_002152,0.0,0.0973,7,APROVADO,RGR_R04_DECIL4_10_APROVADO,APROVADO_AUTOMATICO_BAIXO_RISCO,Aprovacao Automatica: Risco dentro do apetite da seguradora.,0.0,False,10000.0,10000.0,0.0,0.0,G,C,ALTISSIMA,0.0,0.0
CNPJ_002153,0.0,0.0962,7,APROVADO,RGR_R04_DECIL4_10_APROVADO,APROVADO_AUTOMATICO_BAIXO_RISCO,Aprovacao Automatica: Risco dentro do apetite da seguradora.,0.0,False,10000.0,10000.0,0.0,0.0,G,F,ALTISSIMA,25.0,0.0
CNPJ_002154,0.0,0.0808,9,APROVADO,RGR_R04_DECIL4_10_APROVADO,APROVADO_AUTOMATICO_BAIXO_RISCO,Aprovacao Automatica: Risco dentro do apetite da seguradora.,0.0,False,10000.0,10000.0,0.0,0.0,H,A,ALTA,0.0,0.0
CNPJ_002155,0.0,0.0808,9,APROVADO,RGR_R04_DECIL4_10_APROVADO,APROVADO_AUTOMATICO_BAIXO_RISCO,Aprovacao Automatica: Risco dentro do apetite da seguradora.,0.0,False,10000.0,10000.0,0.0,0.0,N,A,BAIXISSIMA,1.0,1.0
CNPJ_002156,0.0,0.081,9,APROVADO,RGR_R04_DECIL4_10_APROVADO,APROVADO_AUTOMATICO_BAIXO_RISCO,Aprovacao Automatica: Risco dentro do apetite da seguradora.,0.0,False,10000.0,10000.0,0.0,0.0,F,G,ALTISSIMA,2.0,0.0
CNPJ_002157,0.0,0.2087,1,RECUSADO,RGR_R02_DECIL1_RECUSA_PADRAO,DECIL1_ALTO_RISCO_SEM_MITIGACAO,Recusa por Decil 1 de Risco sem criterios para resgate comercial.,0.0,False,10000.0,0.0,0.0,0.0,H,,ALTA,3.0,0.0
CNPJ_002158,0.0,0.0834,9,APROVADO,RGR_R04_DECIL4_10_APROVADO,APROVADO_AUTOMATICO_BAIXO_RISCO,Aprovacao Automatica: Risco dentro do apetite da seguradora.,0.0,False,10000.0,10000.0,0.0,0.0,H,,ALTA,0.0,0.0
CNPJ_002159,0.0,0.0767,10,RECUSADO,RGR_K02_EXCESSO_PROCESSOS_JUDICIAIS,K02_JUDICIAL_EXTREMO,Recusa Sumaria: Elevado passivo judicial (> 100 processos como requerido).,0.0,False,10000.0,0.0,0.0,0.0,C,J,BAIXISSIMA,155.0,0.0
CNPJ_002160,0.0,0.1019,6,APROVADO,RGR_R04_DECIL4_10_APROVADO,APROVADO_AUTOMATICO_BAIXO_RISCO,Aprovacao Automatica: Risco dentro do apetite da seguradora.,0.0,False,10000.0,10000.0,0.0,0.0,G,G,ALTA,2.0,0.0
CNPJ_002161,0.0,0.0872,8,APROVADO,RGR_R04_DECIL4_10_APROVADO,APROVADO_AUTOMATICO_BAIXO_RISCO,Aprovacao Automatica: Risco dentro do apetite da seguradora.,0.0,False,10000.0,10000.0,0.0,0.0,S,EMPRESA_ISENTA,ALTISSIMA,19.0,0.0
CNPJ_002162,0.0,0.1042,5,APROVADO,RGR_R04_DECIL4_10_APROVADO,APROVADO_AUTOMATICO_BAIXO_RISCO,Aprovacao Automatica: Risco dentro do apetite da seguradora.,0.0,False,10000.0,10000.0,0.0,0.0,G,B,BAIXISSIMA,0.0,1.0
CNPJ_002163,0.0,0.1067,5,APROVADO,RGR_R04_DECIL4_10_APROVADO,APROVADO_AUTOMATICO_BAIXO_RISCO,Aprovacao Automatica: Risco dentro do apetite da seguradora.,0.0,False,10000.0,10000.0,0.0,0.0,G,,ALTA,2.0,1.0
CNPJ_002164,0.0,0.103,5,APROVADO,RGR_R04_DECIL4_10_APROVADO,APROVADO_AUTOMATICO_BAIXO_RISCO,Aprovacao Automatica: Risco dentro do apetite da seguradora.,0.0,False,10000.0,10000.0,0.0,0.0,G,I,MEDIA,43.0,0.0
CNPJ_002165,0.0,0.1033,5,APROVADO,RGR_R04_DECIL4_10_APROVADO,APROVADO_AUTOMATICO_BAIXO_RISCO,Aprovacao Automatica: Risco dentro do apetite da seguradora.,0.0,False,10000.0,10000.0,0.0,0.0,K,D,MEDIA,0.0,0.0
CNPJ_002166,0.0,0.0978,6,APROVADO,RGR_R04_DECIL4_10_APROVADO,APROVADO_AUTOMATICO_BAIXO_RISCO,Aprovacao Automatica: Risco dentro do apetite da seguradora.,0.0,False,10000.0,10000.0,0.0,0.0,G,J,BAIXISSIMA,0.0,0.0
CNPJ_002167,0.0,0.0865,8,APROVADO,RGR_R04_DECIL4_10_APROVADO,APROVADO_AUTOMATICO_BAIXO_RISCO,Aprovacao Automatica: Risco dentro do apetite da seguradora.,0.0,False,10000.0,10000.0,0.0,0.0,G,E,ALTA,2.0,0.0
CNPJ_002168,0.0,0.0828,9,APROVADO,RGR_R04_DECIL4_10_APROVADO,APROVADO_AUTOMATICO_BAIXO_RISCO,Aprovacao Automatica: Risco dentro do apetite da seguradora.,0.0,False,10000.0,10000.0,0.0,0.0,G,G,,2.0,0.0
CNPJ_002169,0.0,0.1212,2,ACEITO_COM_CONDICAO,RGR_R03_DECIL2_3_CONDICIONAL,ACEITE_CONDICIONAL_DECIL_INTERMEDIARIO,Aceite Condicional Decil Intermediario (+7.5% premio).,7.5,False,10000.0,10750.0,750.0,0.0,G,,BAIXISSIMA,0.0,0.0
CNPJ_002170,0.0,0.0649,10,APROVADO,RGR_R04_DECIL4_10_APROVADO,APROVADO_AUTOMATICO_BAIXO_RISCO,Aprovacao Automatica: Risco dentro do apetite da seguradora.,0.0,False,10000.0,10000.0,0.0,0.0,G,J,ALTA,23.0,0.0
CNPJ_002171,0.0,0.1026,5,APROVADO,RGR_R04_DECIL4_10_APROVADO,APROVADO_AUTOMATICO_BAIXO_RISCO,Aprovacao Automatica: Risco dentro do apetite da seguradora.,0.0,False,10000.0,10000.0,0.0,0.0,G,D,ALTA,1.0,0.0
CNPJ_002172,0.0,0.0817,9,APROVADO,RGR_R04_DECIL4_10_APROVADO,APROVADO_AUTOMATICO_BAIXO_RISCO,Aprovacao Automatica: Risco dentro do apetite da seguradora.,0.0,False,10000.0,10000.0,0.0,0.0,F,,ALTA,0.0,1.0
CNPJ_002173,0.0,0.1091,4,APROVADO,RGR_R04_DECIL4_10_APROVADO,APROVADO_AUTOMATICO_BAIXO_RISCO,Aprovacao Automatica: Risco dentro do apetite da seguradora.,0.0,False,10000.0,10000.0,0.0,0.0,H,D,BAIXISSIMA,1.0,0.0
CNPJ_002174,0.0,0.1119,4,APROVADO,RGR_R04_DECIL4_10_APROVADO,APROVADO_AUTOMATICO_BAIXO_RISCO,Aprovacao Automatica: Risco dentro do apetite da seguradora.,0.0,False,10000.0,10000.0,0.0,0.0,G,D,ALTISSIMA,0.0,0.0
CNPJ_002175,0.0,0.0954,7,APROVADO,RGR_R04_DECIL4_10_APROVADO,APROVADO_AUTOMATICO_BAIXO_RISCO,Aprovacao Automatica: Risco dentro do apetite da seguradora.,0.0,False,10000.0,10000.0,0.0,0.0,G,G,BAIXISSIMA,9.0,0.0
CNPJ_002176,0.0,0.0668,10,APROVADO,RGR_R04_DECIL4_10_APROVADO,APROVADO_AUTOMATICO_BAIXO_RISCO,Aprovacao Automatica: Risco dentro do apetite da seguradora.,0.0,False,10000.0,10000.0,0.0,0.0,H,G,ALTISSIMA,6.0,0.0
CNPJ_002177,0.0,0.0971,7,APROVADO,RGR_R04_DECIL4_10_APROVADO,APROVADO_AUTOMATICO_BAIXO_RISCO,Aprovacao Automatica: Risco dentro do apetite da seguradora.,0.0,False,10000.0,10000.0,0.0,0.0,G,G,ALTA,2.0,0.0
CNPJ_002178,0.0,0.0818,9,APROVADO,RGR_R04_DECIL4_10_APROVADO,APROVADO_AUTOMATICO_BAIXO_RISCO,Aprovacao Automatica: Risco dentro do apetite da seguradora.,0.0,False,10000.0,10000.0,0.0,0.0,G,D,ALTISSIMA,0.0,0.0
CNPJ_002179,0.0,0.1067,5,APROVADO,RGR_R04_DECIL4_10_APROVADO,APROVADO_AUTOMATICO_BAIXO_RISCO,Aprovacao Automatica: Risco dentro do apetite da seguradora.,0.0,False,10000.0,10000.0,0.0,0.0,G,A,ALTA,0.0,0.0
CNPJ_002180,0.0,0.1218,2,ACEITO_COM_CONDICAO,RGR_R03_DECIL2_3_CONDICIONAL,ACEITE_CONDICIONAL_DECIL_INTERMEDIARIO,Aceite Condicional Decil Intermediario (+7.5% premio).,7.5,False,10000.0,10750.0,750.0,0.0,C,G,ALTA,4.0,0.0
CNPJ_002181,0.0,0.1033,5,APROVADO,RGR_R04_DECIL4_10_APROVADO,APROVADO_AUTOMATICO_BAIXO_RISCO,Aprovacao Automatica: Risco dentro do apetite da seguradora.,0.0,False,10000.0,10000.0,0.0,0.0,G,G,MEDIA,1.0,0.0
CNPJ_002182,0.0,0.0902,8,APROVADO,RGR_R04_DECIL4_10_APROVADO,APROVADO_AUTOMATICO_BAIXO_RISCO,Aprovacao Automatica: Risco dentro do apetite da seguradora.,0.0,False,10000.0,10000.0,0.0,0.0,N,D,ALTISSIMA,0.0,0.0
CNPJ_002183,0.0,0.0828,9,APROVADO,RGR_R04_DECIL4_10_APROVADO,APROVADO_AUTOMATICO_BAIXO_RISCO,Aprovacao Automatica: Risco dentro do apetite da seguradora.,0.0,False,10000.0,10000.0,0.0,0.0,G,G,,2.0,0.0
CNPJ_002184,0.0,0.0914,8,APROVADO,RGR_R04_DECIL4_10_APROVADO,APROVADO_AUTOMATICO_BAIXO_RISCO,Aprovacao Automatica: Risco dentro do apetite da seguradora.,0.0,False,10000.0,10000.0,0.0,0.0,J,E,ALTA,4.0,1.0
CNPJ_002185,0.0,0.0981,6,APROVADO,RGR_R04_DECIL4_10_APROVADO,APROVADO_AUTOMATICO_BAIXO_RISCO,Aprovacao Automatica: Risco dentro do apetite da seguradora.,0.0,False,10000.0,10000.0,0.0,0.0,J,E,BAIXISSIMA,0.0,0.0
CNPJ_002186,0.0,0.1088,4,APROVADO,RGR_R04_DECIL4_10_APROVADO,APROVADO_AUTOMATICO_BAIXO_RISCO,Aprovacao Automatica: Risco dentro do apetite da seguradora.,0.0,False,10000.0,10000.0,0.0,0.0,N,B,ALTA,0.0,0.0
CNPJ_002187,0.0,0.1144,3,ACEITO_COM_CONDICAO,RGR_R03_DECIL2_3_CONDICIONAL,ACEITE_CONDICIONAL_DECIL_INTERMEDIARIO,Aceite Condicional Decil Intermediario (+7.5% premio).,7.5,False,10000.0,10750.0,750.0,0.0,C,E,BAIXISSIMA,0.0,0.0
CNPJ_002188,0.0,0.1041,5,APROVADO,RGR_R04_DECIL4_10_APROVADO,APROVADO_AUTOMATICO_BAIXO_RISCO,Aprovacao Automatica: Risco dentro do apetite da seguradora.,0.0,False,10000.0,10000.0,0.0,0.0,G,E,BAIXISSIMA,0.0,0.0
CNPJ_002189,0.0,0.0846,9,APROVADO,RGR_R04_DECIL4_10_APROVADO,APROVADO_AUTOMATICO_BAIXO_RISCO,Aprovacao Automatica: Risco dentro do apetite da seguradora.,0.0,False,10000.0,10000.0,0.0,0.0,H,B,ALTISSIMA,0.0,0.0
CNPJ_002190,0.0,0.0852,9,APROVADO,RGR_R04_DECIL4_10_APROVADO,APROVADO_AUTOMATICO_BAIXO_RISCO,Aprovacao Automatica: Risco dentro do apetite da seguradora.,0.0,False,10000.0,10000.0,0.0,0.0,M,H,ALTA,6.0,0.0
CNPJ_002191,0.0,0.0988,6,APROVADO,RGR_R04_DECIL4_10_APROVADO,APROVADO_AUTOMATICO_BAIXO_RISCO,Aprovacao Automatica: Risco dentro do apetite da seguradora.,0.0,False,10000.0,10000.0,0.0,0.0,G,F,ALTA,0.0,0.0
CNPJ_002192,0.0,0.1101,4,APROVADO,RGR_R04_DECIL4_10_APROVADO,APROVADO_AUTOMATICO_BAIXO_RISCO,Aprovacao Automatica: Risco dentro do apetite da seguradora.,0.0,False,10000.0,10000.0,0.0,0.0,G,D,ALTA,0.0,0.0
CNPJ_002193,0.0,0.1083,4,APROVADO,RGR_R04_DECIL4_10_APROVADO,APROVADO_AUTOMATICO_BAIXO_RISCO,Aprovacao Automatica: Risco dentro do apetite da seguradora.,0.0,False,10000.0,10000.0,0.0,0.0,H,,BAIXISSIMA,0.0,0.0
CNPJ_002194,0.0,0.1012,6,APROVADO,RGR_R04_DECIL4_10_APROVADO,APROVADO_AUTOMATICO_BAIXO_RISCO,Aprovacao Automatica: Risco dentro do apetite da seguradora.,0.0,False,10000.0,10000.0,0.0,0.0,G,,ALTA,0.0,0.0
CNPJ_002195,0.0,0.1061,5,APROVADO,RGR_R04_DECIL4_10_APROVADO,APROVADO_AUTOMATICO_BAIXO_RISCO,Aprovacao Automatica: Risco dentro do apetite da seguradora.,0.0,False,10000.0,10000.0,0.0,0.0,C,G,BAIXISSIMA,0.0,0.0
CNPJ_002196,0.0,0.1178,3,ACEITO_COM_CONDICAO,RGR_R03_DECIL2_3_CONDICIONAL,ACEITE_CONDICIONAL_DECIL_INTERMEDIARIO,Aceite Condicional Decil Intermediario (+7.5% premio).,7.5,False,10000.0,10750.0,750.0,0.0,F,A,ALTISSIMA,0.0,0.0
CNPJ_002197,0.0,0.0896,8,APROVADO,RGR_R04_DECIL4_10_APROVADO,APROVADO_AUTOMATICO_BAIXO_RISCO,Aprovacao Automatica: Risco dentro do apetite da seguradora.,0.0,False,10000.0,10000.0,0.0,0.0,H,,ALTA,0.0,0.0
CNPJ_002198,0.0,0.1188,3,ACEITO_COM_CONDICAO,RGR_R03_DECIL2_3_CONDICIONAL,ACEITE_CONDICIONAL_DECIL_INTERMEDIARIO,Aceite Condicional Decil Intermediario (+7.5% premio).,7.5,False,10000.0,10750.0,750.0,0.0,C,J,BAIXISSIMA,2.0,0.0
CNPJ_002199,0.0,0.3303,1,RECUSADO,RGR_R02_DECIL1_RECUSA_PADRAO,DECIL1_ALTO_RISCO_SEM_MITIGACAO,Recusa por Decil 1 de Risco sem criterios para resgate comercial.,0.0,False,10000.0,0.0,0.0,0.0,H,E,ALTISSIMA,2.0,0.0
CNPJ_002200,0.0,0.0868,8,APROVADO,RGR_R04_DECIL4_10_APROVADO,APROVADO_AUTOMATICO_BAIXO_RISCO,Aprovacao Automatica: Risco dentro do apetite da seguradora.,0.0,False,10000.0,10000.0,0.0,0.0,G,D,BAIXISSIMA,0.0,0.0
CNPJ_002201,0.0,0.1046,5,APROVADO,RGR_R04_DECIL4_10_APROVADO,APROVADO_AUTOMATICO_BAIXO_RISCO,Aprovacao Automatica: Risco dentro do apetite da seguradora.,0.0,False,10000.0,10000.0,0.0,0.0,E,D,BAIXISSIMA,0.0,0.0
CNPJ_002202,0.0,0.0954,7,APROVADO,RGR_R04_DECIL4_10_APROVADO,APROVADO_AUTOMATICO_BAIXO_RISCO,Aprovacao Automatica: Risco dentro do apetite da seguradora.,0.0,False,10000.0,10000.0,0.0,0.0,G,,MEDIA,0.0,1.0
CNPJ_002203,0.0,0.0873,8,APROVADO,RGR_R04_DECIL4_10_APROVADO,APROVADO_AUTOMATICO_BAIXO_RISCO,Aprovacao Automatica: Risco dentro do apetite da seguradora.,0.0,False,10000.0,10000.0,0.0,0.0,G,G,BAIXISSIMA,0.0,0.0
CNPJ_002204,0.0,0.0864,8,APROVADO,RGR_R04_DECIL4_10_APROVADO,APROVADO_AUTOMATICO_BAIXO_RISCO,Aprovacao Automatica: Risco dentro do apetite da seguradora.,0.0,False,10000.0,10000.0,0.0,0.0,H,D,ALTA,0.0,0.0
CNPJ_002205,0.0,0.0965,7,APROVADO,RGR_R04_DECIL4_10_APROVADO,APROVADO_AUTOMATICO_BAIXO_RISCO,Aprovacao Automatica: Risco dentro do apetite da seguradora.,0.0,False,10000.0,10000.0,0.0,0.0,C,J,BAIXISSIMA,3.0,0.0
CNPJ_002206,0.0,0.0931,7,APROVADO,RGR_R04_DECIL4_10_APROVADO,APROVADO_AUTOMATICO_BAIXO_RISCO,Aprovacao Automatica: Risco dentro do apetite da seguradora.,0.0,False,10000.0,10000.0,0.0,0.0,M,E,ALTISSIMA,0.0,0.0
CNPJ_002207,0.0,0.1002,6,APROVADO,RGR_R04_DECIL4_10_APROVADO,APROVADO_AUTOMATICO_BAIXO_RISCO,Aprovacao Automatica: Risco dentro do apetite da seguradora.,0.0,False,10000.0,10000.0,0.0,0.0,S,EMPRESA_ISENTA,BAIXISSIMA,0.0,0.0
CNPJ_002208,0.0,0.1192,3,ACEITO_COM_CONDICAO,RGR_R03_DECIL2_3_CONDICIONAL,ACEITE_CONDICIONAL_DECIL_INTERMEDIARIO,Aceite Condicional Decil Intermediario (+7.5% premio).,7.5,False,10000.0,10750.0,750.0,0.0,F,J,ALTA,4.0,0.0
CNPJ_002209,0.0,0.1066,5,APROVADO,RGR_R04_DECIL4_10_APROVADO,APROVADO_AUTOMATICO_BAIXO_RISCO,Aprovacao Automatica: Risco dentro do apetite da seguradora.,0.0,False,10000.0,10000.0,0.0,0.0,J,D,BAIXISSIMA,0.0,0.0
CNPJ_002210,0.0,0.0677,10,APROVADO,RGR_R04_DECIL4_10_APROVADO,APROVADO_AUTOMATICO_BAIXO_RISCO,Aprovacao Automatica: Risco dentro do apetite da seguradora.,0.0,False,10000.0,10000.0,0.0,0.0,G,J,ALTISSIMA,39.0,0.0
CNPJ_002211,0.0,0.0593,10,APROVADO,RGR_R04_DECIL4_10_APROVADO,APROVADO_AUTOMATICO_BAIXO_RISCO,Aprovacao Automatica: Risco dentro do apetite da seguradora.,0.0,False,10000.0,10000.0,0.0,0.0,H,E,ALTISSIMA,2.0,0.0
CNPJ_002212,0.0,0.1097,4,APROVADO,RGR_R04_DECIL4_10_APROVADO,APROVADO_AUTOMATICO_BAIXO_RISCO,Aprovacao Automatica: Risco dentro do apetite da seguradora.,0.0,False,10000.0,10000.0,0.0,0.0,Q,H,ALTA,17.0,0.0
CNPJ_002213,0.0,0.1164,3,ACEITO_COM_CONDICAO,RGR_R03_DECIL2_3_CONDICIONAL,ACEITE_CONDICIONAL_DECIL_INTERMEDIARIO,Aceite Condicional Decil Intermediario (+7.5% premio).,7.5,False,10000.0,10750.0,750.0,0.0,G,H,ALTA,1.0,0.0
CNPJ_002214,0.0,0.0777,9,RECUSADO,RGR_K02_EXCESSO_PROCESSOS_JUDICIAIS,K02_JUDICIAL_EXTREMO,Recusa Sumaria: Elevado passivo judicial (> 100 processos como requerido).,0.0,False,10000.0,0.0,0.0,0.0,C,J,BAIXISSIMA,155.0,0.0
CNPJ_002215,0.0,0.0973,7,APROVADO,RGR_R04_DECIL4_10_APROVADO,APROVADO_AUTOMATICO_BAIXO_RISCO,Aprovacao Automatica: Risco dentro do apetite da seguradora.,0.0,False,10000.0,10000.0,0.0,0.0,F,J,ALTISSIMA,46.0,0.0
CNPJ_002216,0.0,0.1065,5,APROVADO,RGR_R04_DECIL4_10_APROVADO,APROVADO_AUTOMATICO_BAIXO_RISCO,Aprovacao Automatica: Risco dentro do apetite da seguradora.,0.0,False,10000.0,10000.0,0.0,0.0,F,G,BAIXISSIMA,8.0,0.0
CNPJ_002217,0.0,0.0975,6,APROVADO,RGR_R04_DECIL4_10_APROVADO,APROVADO_AUTOMATICO_BAIXO_RISCO,Aprovacao Automatica: Risco dentro do apetite da seguradora.,0.0,False,10000.0,10000.0,0.0,0.0,C,J,BAIXISSIMA,16.0,0.0
CNPJ_002218,0.0,0.12,3,ACEITO_COM_CONDICAO,RGR_R03_DECIL2_3_CONDICIONAL,ACEITE_CONDICIONAL_DECIL_INTERMEDIARIO,Aceite Condicional Decil Intermediario (+7.5% premio).,7.5,False,10000.0,10750.0,750.0,0.0,L,,ALTISSIMA,2.0,0.0
CNPJ_002219,0.0,0.0759,10,APROVADO,RGR_R04_DECIL4_10_APROVADO,APROVADO_AUTOMATICO_BAIXO_RISCO,Aprovacao Automatica: Risco dentro do apetite da seguradora.,0.0,False,10000.0,10000.0,0.0,0.0,G,I,ALTA,34.0,0.0
CNPJ_002220,0.0,0.0746,10,APROVADO,RGR_R04_DECIL4_10_APROVADO,APROVADO_AUTOMATICO_BAIXO_RISCO,Aprovacao Automatica: Risco dentro do apetite da seguradora.,0.0,False,10000.0,10000.0,0.0,0.0,G,I,ALTA,34.0,0.0
CNPJ_002221,0.0,0.079,9,RECUSADO,RGR_K02_EXCESSO_PROCESSOS_JUDICIAIS,K02_JUDICIAL_EXTREMO,Recusa Sumaria: Elevado passivo judicial (> 100 processos como requerido).,0.0,False,10000.0,0.0,0.0,0.0,M,J,ALTISSIMA,335.0,
CNPJ_002222,0.0,0.1294,2,ACEITO_COM_CONDICAO,RGR_R03_DECIL2_3_CONDICIONAL,ACEITE_CONDICIONAL_DECIL_INTERMEDIARIO,Aceite Condicional Decil Intermediario (+7.5% premio).,7.5,False,10000.0,10750.0,750.0,0.0,M,,BAIXISSIMA,0.0,0.0
CNPJ_002223,0.0,0.0998,6,RECUSADO,RGR_K01_RISCO_LIDERANCA_AREA_CRITICA,K01_LIDERANCA_AREA_CRITICA,Recusa Sumaria: Risco de lideranca detectado em area de concentracao altissima de sinistro.,0.0,False,10000.0,0.0,0.0,0.0,H,C,ALTISSIMA,0.0,1.0
CNPJ_002224,0.0,0.2557,1,ACEITO_COM_CONDICAO,RGR_R01_DECIL1_RESGATE_COM_RASTREADOR,RECUPERACAO_COMERCIAL_D1,"Aceite Condicional Decil 1: Perfil de score alto risco, porem mitigado por baixo passivo judicial e geografia favoravel.",15.0,True,10000.0,11500.0,1500.0,0.0,H,E,BAIXISSIMA,1.0,0.0
CNPJ_002225,0.0,0.1002,6,APROVADO,RGR_R04_DECIL4_10_APROVADO,APROVADO_AUTOMATICO_BAIXO_RISCO,Aprovacao Automatica: Risco dentro do apetite da seguradora.,0.0,False,10000.0,10000.0,0.0,0.0,C,,ALTISSIMA,1.0,0.0
CNPJ_002226,0.0,0.0889,8,APROVADO,RGR_R04_DECIL4_10_APROVADO,APROVADO_AUTOMATICO_BAIXO_RISCO,Aprovacao Automatica: Risco dentro do apetite da seguradora.,0.0,False,10000.0,10000.0,0.0,0.0,N,,ALTISSIMA,2.0,0.0
CNPJ_002227,0.0,0.0789,9,APROVADO,RGR_R04_DECIL4_10_APROVADO,APROVADO_AUTOMATICO_BAIXO_RISCO,Aprovacao Automatica: Risco dentro do apetite da seguradora.,0.0,False,10000.0,10000.0,0.0,0.0,M,E,ALTA,1.0,0.0
CNPJ_002228,0.0,0.0914,8,APROVADO,RGR_R04_DECIL4_10_APROVADO,APROVADO_AUTOMATICO_BAIXO_RISCO,Aprovacao Automatica: Risco dentro do apetite da seguradora.,0.0,False,10000.0,10000.0,0.0,0.0,J,C,ALTA,0.0,0.0
CNPJ_002229,0.0,0.105,5,APROVADO,RGR_R04_DECIL4_10_APROVADO,APROVADO_AUTOMATICO_BAIXO_RISCO,Aprovacao Automatica: Risco dentro do apetite da seguradora.,0.0,False,10000.0,10000.0,0.0,0.0,J,I,BAIXISSIMA,2.0,0.0
CNPJ_002230,0.0,0.0773,9,RECUSADO,RGR_K01_RISCO_LIDERANCA_AREA_CRITICA,K01_LIDERANCA_AREA_CRITICA,Recusa Sumaria: Risco de lideranca detectado em area de concentracao altissima de sinistro.,0.0,False,10000.0,0.0,0.0,0.0,G,J,ALTISSIMA,128.0,1.0
CNPJ_002231,0.0,0.0827,9,APROVADO,RGR_R04_DECIL4_10_APROVADO,APROVADO_AUTOMATICO_BAIXO_RISCO,Aprovacao Automatica: Risco dentro do apetite da seguradora.,0.0,False,10000.0,10000.0,0.0,0.0,G,D,ALTA,0.0,0.0
CNPJ_002232,0.0,0.0709,10,APROVADO,RGR_R04_DECIL4_10_APROVADO,APROVADO_AUTOMATICO_BAIXO_RISCO,Aprovacao Automatica: Risco dentro do apetite da seguradora.,0.0,False,10000.0,10000.0,0.0,0.0,,,,,
CNPJ_002233,0.0,0.0929,7,APROVADO,RGR_R04_DECIL4_10_APROVADO,APROVADO_AUTOMATICO_BAIXO_RISCO,Aprovacao Automatica: Risco dentro do apetite da seguradora.,0.0,False,10000.0,10000.0,0.0,0.0,G,F,BAIXISSIMA,1.0,0.0
CNPJ_002234,0.0,0.1225,2,ACEITO_COM_CONDICAO,RGR_R03_DECIL2_3_CONDICIONAL,ACEITE_CONDICIONAL_DECIL_INTERMEDIARIO,Aceite Condicional Decil Intermediario (+7.5% premio).,7.5,False,10000.0,10750.0,750.0,0.0,C,H,ALTISSIMA,4.0,0.0
CNPJ_002235,0.0,0.1349,2,ACEITO_COM_CONDICAO,RGR_R03_DECIL2_3_CONDICIONAL,ACEITE_CONDICIONAL_DECIL_INTERMEDIARIO,Aceite Condicional Decil Intermediario (+7.5% premio).,7.5,False,10000.0,10750.0,750.0,0.0,G,,ALTISSIMA,0.0,0.0
CNPJ_002236,0.0,0.0868,8,APROVADO,RGR_R04_DECIL4_10_APROVADO,APROVADO_AUTOMATICO_BAIXO_RISCO,Aprovacao Automatica: Risco dentro do apetite da seguradora.,0.0,False,10000.0,10000.0,0.0,0.0,F,H,ALTISSIMA,1.0,0.0
CNPJ_002237,0.0,0.1092,4,APROVADO,RGR_R04_DECIL4_10_APROVADO,APROVADO_AUTOMATICO_BAIXO_RISCO,Aprovacao Automatica: Risco dentro do apetite da seguradora.,0.0,False,10000.0,10000.0,0.0,0.0,G,,ALTA,0.0,0.0
CNPJ_002238,0.0,0.1181,3,ACEITO_COM_CONDICAO,RGR_R03_DECIL2_3_CONDICIONAL,ACEITE_CONDICIONAL_DECIL_INTERMEDIARIO,Aceite Condicional Decil Intermediario (+7.5% premio).,7.5,False,10000.0,10750.0,750.0,0.0,C,E,ALTA,0.0,0.0
CNPJ_002239,0.0,0.115,3,ACEITO_COM_CONDICAO,RGR_R03_DECIL2_3_CONDICIONAL,ACEITE_CONDICIONAL_DECIL_INTERMEDIARIO,Aceite Condicional Decil Intermediario (+7.5% premio).,7.5,False,10000.0,10750.0,750.0,0.0,H,C,BAIXISSIMA,0.0,0.0
CNPJ_002240,0.0,0.1157,3,ACEITO_COM_CONDICAO,RGR_R03_DECIL2_3_CONDICIONAL,ACEITE_CONDICIONAL_DECIL_INTERMEDIARIO,Aceite Condicional Decil Intermediario (+7.5% premio).,7.5,False,10000.0,10750.0,750.0,0.0,F,,ALTA,0.0,1.0
CNPJ_002241,0.0,0.1423,1,ACEITO_COM_CONDICAO,RGR_R01_DECIL1_RESGATE_COM_RASTREADOR,RECUPERACAO_COMERCIAL_D1,"Aceite Condicional Decil 1: Perfil de score alto risco, porem mitigado por baixo passivo judicial e geografia favoravel.",15.0,True,10000.0,11500.0,1500.0,0.0,C,,BAIXISSIMA,0.0,0.0
CNPJ_002242,0.0,0.1128,4,APROVADO,RGR_R04_DECIL4_10_APROVADO,APROVADO_AUTOMATICO_BAIXO_RISCO,Aprovacao Automatica: Risco dentro do apetite da seguradora.,0.0,False,10000.0,10000.0,0.0,0.0,Q,G,ALTISSIMA,0.0,0.0
CNPJ_002243,0.0,0.1181,3,ACEITO_COM_CONDICAO,RGR_R03_DECIL2_3_CONDICIONAL,ACEITE_CONDICIONAL_DECIL_INTERMEDIARIO,Aceite Condicional Decil Intermediario (+7.5% premio).,7.5,False,10000.0,10750.0,750.0,0.0,H,,BAIXISSIMA,0.0,0.0
CNPJ_002244,0.0,0.1013,6,APROVADO,RGR_R04_DECIL4_10_APROVADO,APROVADO_AUTOMATICO_BAIXO_RISCO,Aprovacao Automatica: Risco dentro do apetite da seguradora.,0.0,False,10000.0,10000.0,0.0,0.0,G,E,BAIXISSIMA,0.0,0.0
CNPJ_002245,0.0,0.1098,4,APROVADO,RGR_R04_DECIL4_10_APROVADO,APROVADO_AUTOMATICO_BAIXO_RISCO,Aprovacao Automatica: Risco dentro do apetite da seguradora.,0.0,False,10000.0,10000.0,0.0,0.0,G,J,ALTA,33.0,
CNPJ_002246,0.0,0.1373,2,ACEITO_COM_CONDICAO,RGR_R03_DECIL2_3_CONDICIONAL,ACEITE_CONDICIONAL_DECIL_INTERMEDIARIO,Aceite Condicional Decil Intermediario (+7.5% premio).,7.5,False,10000.0,10750.0,750.0,0.0,I,D,ALTISSIMA,1.0,0.0
CNPJ_002247,0.0,0.1116,4,APROVADO,RGR_R04_DECIL4_10_APROVADO,APROVADO_AUTOMATICO_BAIXO_RISCO,Aprovacao Automatica: Risco dentro do apetite da seguradora.,0.0,False,10000.0,10000.0,0.0,0.0,R,EMPRESA_ISENTA,BAIXISSIMA,2.0,1.0
CNPJ_002248,0.0,0.096,7,APROVADO,RGR_R04_DECIL4_10_APROVADO,APROVADO_AUTOMATICO_BAIXO_RISCO,Aprovacao Automatica: Risco dentro do apetite da seguradora.,0.0,False,10000.0,10000.0,0.0,0.0,H,B,ALTA,0.0,0.0
CNPJ_002249,0.0,0.0895,8,APROVADO,RGR_R04_DECIL4_10_APROVADO,APROVADO_AUTOMATICO_BAIXO_RISCO,Aprovacao Automatica: Risco dentro do apetite da seguradora.,0.0,False,10000.0,10000.0,0.0,0.0,H,J,BAIXISSIMA,97.0,0.0
CNPJ_002250,0.0,0.0645,10,APROVADO,RGR_R04_DECIL4_10_APROVADO,APROVADO_AUTOMATICO_BAIXO_RISCO,Aprovacao Automatica: Risco dentro do apetite da seguradora.,0.0,False,10000.0,10000.0,0.0,0.0,A,I,ALTISSIMA,6.0,0.0
CNPJ_002251,0.0,0.0986,6,APROVADO,RGR_R04_DECIL4_10_APROVADO,APROVADO_AUTOMATICO_BAIXO_RISCO,Aprovacao Automatica: Risco dentro do apetite da seguradora.,0.0,False,10000.0,10000.0,0.0,0.0,G,G,BAIXISSIMA,0.0,0.0
CNPJ_002252,0.0,0.1168,3,ACEITO_COM_CONDICAO,RGR_R03_DECIL2_3_CONDICIONAL,ACEITE_CONDICIONAL_DECIL_INTERMEDIARIO,Aceite Condicional Decil Intermediario (+7.5% premio).,7.5,False,10000.0,10750.0,750.0,0.0,G,D,ALTA,1.0,0.0
CNPJ_002253,0.0,0.0865,8,APROVADO,RGR_R04_DECIL4_10_APROVADO,APROVADO_AUTOMATICO_BAIXO_RISCO,Aprovacao Automatica: Risco dentro do apetite da seguradora.,0.0,False,10000.0,10000.0,0.0,0.0,G,E,ALTISSIMA,5.0,0.0
CNPJ_002254,0.0,0.0684,10,APROVADO,RGR_R04_DECIL4_10_APROVADO,APROVADO_AUTOMATICO_BAIXO_RISCO,Aprovacao Automatica: Risco dentro do apetite da seguradora.,0.0,False,10000.0,10000.0,0.0,0.0,F,,ALTA,0.0,0.0
CNPJ_002255,0.0,0.1509,1,ACEITO_COM_CONDICAO,RGR_R01_DECIL1_RESGATE_COM_RASTREADOR,RECUPERACAO_COMERCIAL_D1,"Aceite Condicional Decil 1: Perfil de score alto risco, porem mitigado por baixo passivo judicial e geografia favoravel.",15.0,True,10000.0,11500.0,1500.0,0.0,H,D,BAIXISSIMA,0.0,0.0
CNPJ_002256,0.0,0.0921,7,APROVADO,RGR_R04_DECIL4_10_APROVADO,APROVADO_AUTOMATICO_BAIXO_RISCO,Aprovacao Automatica: Risco dentro do apetite da seguradora.,0.0,False,10000.0,10000.0,0.0,0.0,N,F,ALTA,2.0,0.0
CNPJ_002257,0.0,0.2781,1,RECUSADO,RGR_R02_DECIL1_RECUSA_PADRAO,DECIL1_ALTO_RISCO_SEM_MITIGACAO,Recusa por Decil 1 de Risco sem criterios para resgate comercial.,0.0,False,10000.0,0.0,0.0,0.0,H,C,,2.0,0.0
CNPJ_002258,0.0,0.104,5,APROVADO,RGR_R04_DECIL4_10_APROVADO,APROVADO_AUTOMATICO_BAIXO_RISCO,Aprovacao Automatica: Risco dentro do apetite da seguradora.,0.0,False,10000.0,10000.0,0.0,0.0,F,D,BAIXISSIMA,1.0,0.0
CNPJ_002259,0.0,0.0966,7,APROVADO,RGR_R04_DECIL4_10_APROVADO,APROVADO_AUTOMATICO_BAIXO_RISCO,Aprovacao Automatica: Risco dentro do apetite da seguradora.,0.0,False,10000.0,10000.0,0.0,0.0,C,E,ALTA,0.0,0.0
CNPJ_002260,0.0,0.1159,3,ACEITO_COM_CONDICAO,RGR_R03_DECIL2_3_CONDICIONAL,ACEITE_CONDICIONAL_DECIL_INTERMEDIARIO,Aceite Condicional Decil Intermediario (+7.5% premio).,7.5,False,10000.0,10750.0,750.0,0.0,H,E,ALTISSIMA,0.0,0.0
CNPJ_002261,0.0,0.1038,5,APROVADO,RGR_R04_DECIL4_10_APROVADO,APROVADO_AUTOMATICO_BAIXO_RISCO,Aprovacao Automatica: Risco dentro do apetite da seguradora.,0.0,False,10000.0,10000.0,0.0,0.0,C,G,ALTISSIMA,0.0,0.0
CNPJ_002262,0.0,0.1255,2,ACEITO_COM_CONDICAO,RGR_R03_DECIL2_3_CONDICIONAL,ACEITE_CONDICIONAL_DECIL_INTERMEDIARIO,Aceite Condicional Decil Intermediario (+7.5% premio).,7.5,False,10000.0,10750.0,750.0,0.0,G,C,BAIXISSIMA,0.0,0.0
CNPJ_002263,0.0,0.076,10,APROVADO,RGR_R04_DECIL4_10_APROVADO,APROVADO_AUTOMATICO_BAIXO_RISCO,Aprovacao Automatica: Risco dentro do apetite da seguradora.,0.0,False,10000.0,10000.0,0.0,0.0,C,J,BAIXISSIMA,1.0,0.0
CNPJ_002264,0.0,0.0624,10,APROVADO,RGR_R04_DECIL4_10_APROVADO,APROVADO_AUTOMATICO_BAIXO_RISCO,Aprovacao Automatica: Risco dentro do apetite da seguradora.,0.0,False,10000.0,10000.0,0.0,0.0,G,J,ALTA,23.0,0.0
CNPJ_002265,0.0,0.1186,3,ACEITO_COM_CONDICAO,RGR_R03_DECIL2_3_CONDICIONAL,ACEITE_CONDICIONAL_DECIL_INTERMEDIARIO,Aceite Condicional Decil Intermediario (+7.5% premio).,7.5,False,10000.0,10750.0,750.0,0.0,C,F,ALTA,0.0,0.0
CNPJ_002266,0.0,0.0725,10,APROVADO,RGR_R04_DECIL4_10_APROVADO,APROVADO_AUTOMATICO_BAIXO_RISCO,Aprovacao Automatica: Risco dentro do apetite da seguradora.,0.0,False,10000.0,10000.0,0.0,0.0,G,J,ALTISSIMA,25.0,
CNPJ_002267,0.0,0.0601,10,APROVADO,RGR_R04_DECIL4_10_APROVADO,APROVADO_AUTOMATICO_BAIXO_RISCO,Aprovacao Automatica: Risco dentro do apetite da seguradora.,0.0,False,10000.0,10000.0,0.0,0.0,C,J,BAIXISSIMA,98.0,
CNPJ_002268,0.0,0.077,9,APROVADO,RGR_R04_DECIL4_10_APROVADO,APROVADO_AUTOMATICO_BAIXO_RISCO,Aprovacao Automatica: Risco dentro do apetite da seguradora.,0.0,False,10000.0,10000.0,0.0,0.0,F,I,ALTISSIMA,28.0,0.0
CNPJ_002269,0.0,0.0803,9,APROVADO,RGR_R04_DECIL4_10_APROVADO,APROVADO_AUTOMATICO_BAIXO_RISCO,Aprovacao Automatica: Risco dentro do apetite da seguradora.,0.0,False,10000.0,10000.0,0.0,0.0,G,G,BAIXISSIMA,2.0,0.0
CNPJ_002270,0.0,0.1085,4,APROVADO,RGR_R04_DECIL4_10_APROVADO,APROVADO_AUTOMATICO_BAIXO_RISCO,Aprovacao Automatica: Risco dentro do apetite da seguradora.,0.0,False,10000.0,10000.0,0.0,0.0,G,F,BAIXISSIMA,2.0,0.0
CNPJ_002271,0.0,0.1001,6,APROVADO,RGR_R04_DECIL4_10_APROVADO,APROVADO_AUTOMATICO_BAIXO_RISCO,Aprovacao Automatica: Risco dentro do apetite da seguradora.,0.0,False,10000.0,10000.0,0.0,0.0,C,J,BAIXISSIMA,17.0,0.0
CNPJ_002272,0.0,0.0993,6,APROVADO,RGR_R04_DECIL4_10_APROVADO,APROVADO_AUTOMATICO_BAIXO_RISCO,Aprovacao Automatica: Risco dentro do apetite da seguradora.,0.0,False,10000.0,10000.0,0.0,0.0,G,,ALTA,0.0,0.0
CNPJ_002273,0.0,0.1173,3,ACEITO_COM_CONDICAO,RGR_R03_DECIL2_3_CONDICIONAL,ACEITE_CONDICIONAL_DECIL_INTERMEDIARIO,Aceite Condicional Decil Intermediario (+7.5% premio).,7.5,False,10000.0,10750.0,750.0,0.0,J,,ALTA,0.0,0.0
CNPJ_002274,0.0,0.1062,5,APROVADO,RGR_R04_DECIL4_10_APROVADO,APROVADO_AUTOMATICO_BAIXO_RISCO,Aprovacao Automatica: Risco dentro do apetite da seguradora.,0.0,False,10000.0,10000.0,0.0,0.0,N,C,ALTISSIMA,0.0,0.0
CNPJ_002275,0.0,0.0748,10,APROVADO,RGR_R04_DECIL4_10_APROVADO,APROVADO_AUTOMATICO_BAIXO_RISCO,Aprovacao Automatica: Risco dentro do apetite da seguradora.,0.0,False,10000.0,10000.0,0.0,0.0,H,,ALTISSIMA,0.0,
CNPJ_002276,0.0,0.0917,8,APROVADO,RGR_R04_DECIL4_10_APROVADO,APROVADO_AUTOMATICO_BAIXO_RISCO,Aprovacao Automatica: Risco dentro do apetite da seguradora.,0.0,False,10000.0,10000.0,0.0,0.0,G,E,,0.0,0.0
CNPJ_002277,0.0,0.0846,9,APROVADO,RGR_R04_DECIL4_10_APROVADO,APROVADO_AUTOMATICO_BAIXO_RISCO,Aprovacao Automatica: Risco dentro do apetite da seguradora.,0.0,False,10000.0,10000.0,0.0,0.0,G,,ALTA,0.0,0.0
CNPJ_002278,0.0,0.1904,1,RECUSADO,RGR_R02_DECIL1_RECUSA_PADRAO,DECIL1_ALTO_RISCO_SEM_MITIGACAO,Recusa por Decil 1 de Risco sem criterios para resgate comercial.,0.0,False,10000.0,0.0,0.0,0.0,H,I,BAIXISSIMA,15.0,1.0
CNPJ_002279,0.0,0.2033,1,RECUSADO,RGR_R02_DECIL1_RECUSA_PADRAO,DECIL1_ALTO_RISCO_SEM_MITIGACAO,Recusa por Decil 1 de Risco sem criterios para resgate comercial.,0.0,False,10000.0,0.0,0.0,0.0,H,J,ALTA,45.0,0.0
CNPJ_002280,0.0,0.1268,2,ACEITO_COM_CONDICAO,RGR_R03_DECIL2_3_CONDICIONAL,ACEITE_CONDICIONAL_DECIL_INTERMEDIARIO,Aceite Condicional Decil Intermediario (+7.5% premio).,7.5,False,10000.0,10750.0,750.0,0.0,G,,ALTA,0.0,0.0
CNPJ_002281,0.0,0.1133,4,APROVADO,RGR_R04_DECIL4_10_APROVADO,APROVADO_AUTOMATICO_BAIXO_RISCO,Aprovacao Automatica: Risco dentro do apetite da seguradora.,0.0,False,10000.0,10000.0,0.0,0.0,N,C,ALTA,0.0,0.0
CNPJ_002282,0.0,0.0975,6,APROVADO,RGR_R04_DECIL4_10_APROVADO,APROVADO_AUTOMATICO_BAIXO_RISCO,Aprovacao Automatica: Risco dentro do apetite da seguradora.,0.0,False,10000.0,10000.0,0.0,0.0,G,D,ALTISSIMA,7.0,0.0
CNPJ_002283,0.0,0.0866,8,APROVADO,RGR_R04_DECIL4_10_APROVADO,APROVADO_AUTOMATICO_BAIXO_RISCO,Aprovacao Automatica: Risco dentro do apetite da seguradora.,0.0,False,10000.0,10000.0,0.0,0.0,G,A,BAIXISSIMA,0.0,0.0
CNPJ_002284,0.0,0.1152,3,ACEITO_COM_CONDICAO,RGR_R03_DECIL2_3_CONDICIONAL,ACEITE_CONDICIONAL_DECIL_INTERMEDIARIO,Aceite Condicional Decil Intermediario (+7.5% premio).,7.5,False,10000.0,10750.0,750.0,0.0,G,E,BAIXISSIMA,0.0,0.0
CNPJ_002285,0.0,0.0881,8,APROVADO,RGR_R04_DECIL4_10_APROVADO,APROVADO_AUTOMATICO_BAIXO_RISCO,Aprovacao Automatica: Risco dentro do apetite da seguradora.,0.0,False,10000.0,10000.0,0.0,0.0,C,H,ALTA,7.0,0.0
CNPJ_002286,0.0,0.0642,10,APROVADO,RGR_R04_DECIL4_10_APROVADO,APROVADO_AUTOMATICO_BAIXO_RISCO,Aprovacao Automatica: Risco dentro do apetite da seguradora.,0.0,False,10000.0,10000.0,0.0,0.0,C,G,ALTISSIMA,2.0,0.0
CNPJ_002287,0.0,0.109,4,APROVADO,RGR_R04_DECIL4_10_APROVADO,APROVADO_AUTOMATICO_BAIXO_RISCO,Aprovacao Automatica: Risco dentro do apetite da seguradora.,0.0,False,10000.0,10000.0,0.0,0.0,G,F,BAIXISSIMA,0.0,1.0
CNPJ_002288,0.0,0.0934,7,APROVADO,RGR_R04_DECIL4_10_APROVADO,APROVADO_AUTOMATICO_BAIXO_RISCO,Aprovacao Automatica: Risco dentro do apetite da seguradora.,0.0,False,10000.0,10000.0,0.0,0.0,J,G,BAIXISSIMA,0.0,1.0
CNPJ_002289,0.0,0.1367,2,ACEITO_COM_CONDICAO,RGR_R03_DECIL2_3_CONDICIONAL,ACEITE_CONDICIONAL_DECIL_INTERMEDIARIO,Aceite Condicional Decil Intermediario (+7.5% premio).,7.5,False,10000.0,10750.0,750.0,0.0,H,A,ALTISSIMA,0.0,0.0
CNPJ_002290,0.0,0.0976,6,APROVADO,RGR_R04_DECIL4_10_APROVADO,APROVADO_AUTOMATICO_BAIXO_RISCO,Aprovacao Automatica: Risco dentro do apetite da seguradora.,0.0,False,10000.0,10000.0,0.0,0.0,N,,ALTA,0.0,1.0
CNPJ_002291,0.0,0.0831,9,APROVADO,RGR_R04_DECIL4_10_APROVADO,APROVADO_AUTOMATICO_BAIXO_RISCO,Aprovacao Automatica: Risco dentro do apetite da seguradora.,0.0,False,10000.0,10000.0,0.0,0.0,H,F,,5.0,0.0
CNPJ_002292,0.0,0.0891,8,APROVADO,RGR_R04_DECIL4_10_APROVADO,APROVADO_AUTOMATICO_BAIXO_RISCO,Aprovacao Automatica: Risco dentro do apetite da seguradora.,0.0,False,10000.0,10000.0,0.0,0.0,F,D,BAIXISSIMA,0.0,0.0
CNPJ_002293,0.0,0.098,6,APROVADO,RGR_R04_DECIL4_10_APROVADO,APROVADO_AUTOMATICO_BAIXO_RISCO,Aprovacao Automatica: Risco dentro do apetite da seguradora.,0.0,False,10000.0,10000.0,0.0,0.0,B,H,MEDIA,1.0,
CNPJ_002294,0.0,0.102,6,APROVADO,RGR_R04_DECIL4_10_APROVADO,APROVADO_AUTOMATICO_BAIXO_RISCO,Aprovacao Automatica: Risco dentro do apetite da seguradora.,0.0,False,10000.0,10000.0,0.0,0.0,G,,BAIXISSIMA,0.0,1.0
CNPJ_002295,0.0,0.1141,3,ACEITO_COM_CONDICAO,RGR_R03_DECIL2_3_CONDICIONAL,ACEITE_CONDICIONAL_DECIL_INTERMEDIARIO,Aceite Condicional Decil Intermediario (+7.5% premio).,7.5,False,10000.0,10750.0,750.0,0.0,G,D,ALTA,0.0,0.0
CNPJ_002296,0.0,0.1341,2,ACEITO_COM_CONDICAO,RGR_R03_DECIL2_3_CONDICIONAL,ACEITE_CONDICIONAL_DECIL_INTERMEDIARIO,Aceite Condicional Decil Intermediario (+7.5% premio).,7.5,False,10000.0,10750.0,750.0,0.0,S,EMPRESA_ISENTA,BAIXISSIMA,0.0,
CNPJ_002297,0.0,0.0953,7,APROVADO,RGR_R04_DECIL4_10_APROVADO,APROVADO_AUTOMATICO_BAIXO_RISCO,Aprovacao Automatica: Risco dentro do apetite da seguradora.,0.0,False,10000.0,10000.0,0.0,0.0,G,J,BAIXISSIMA,11.0,0.0
CNPJ_002298,0.0,0.074,10,APROVADO,RGR_R04_DECIL4_10_APROVADO,APROVADO_AUTOMATICO_BAIXO_RISCO,Aprovacao Automatica: Risco dentro do apetite da seguradora.,0.0,False,10000.0,10000.0,0.0,0.0,A,,BAIXISSIMA,0.0,0.0
CNPJ_002299,0.0,0.1226,2,ACEITO_COM_CONDICAO,RGR_R03_DECIL2_3_CONDICIONAL,ACEITE_CONDICIONAL_DECIL_INTERMEDIARIO,Aceite Condicional Decil Intermediario (+7.5% premio).,7.5,False,10000.0,10750.0,750.0,0.0,G,D,BAIXISSIMA,2.0,0.0
CNPJ_002300,0.0,0.109,4,APROVADO,RGR_R04_DECIL4_10_APROVADO,APROVADO_AUTOMATICO_BAIXO_RISCO,Aprovacao Automatica: Risco dentro do apetite da seguradora.,0.0,False,10000.0,10000.0,0.0,0.0,C,H,ALTA,18.0,0.0
CNPJ_002301,0.0,0.0814,9,APROVADO,RGR_R04_DECIL4_10_APROVADO,APROVADO_AUTOMATICO_BAIXO_RISCO,Aprovacao Automatica: Risco dentro do apetite da seguradora.,0.0,False,10000.0,10000.0,0.0,0.0,N,J,ALTA,2.0,0.0
CNPJ_002302,0.0,0.174,1,RECUSADO,RGR_R02_DECIL1_RECUSA_PADRAO,DECIL1_ALTO_RISCO_SEM_MITIGACAO,Recusa por Decil 1 de Risco sem criterios para resgate comercial.,0.0,False,10000.0,0.0,0.0,0.0,H,G,BAIXISSIMA,18.0,0.0
CNPJ_002303,0.0,0.1224,2,ACEITO_COM_CONDICAO,RGR_R03_DECIL2_3_CONDICIONAL,ACEITE_CONDICIONAL_DECIL_INTERMEDIARIO,Aceite Condicional Decil Intermediario (+7.5% premio).,7.5,False,10000.0,10750.0,750.0,0.0,G,H,ALTISSIMA,15.0,0.0
CNPJ_002304,0.0,0.132,2,ACEITO_COM_CONDICAO,RGR_R03_DECIL2_3_CONDICIONAL,ACEITE_CONDICIONAL_DECIL_INTERMEDIARIO,Aceite Condicional Decil Intermediario (+7.5% premio).,7.5,False,10000.0,10750.0,750.0,0.0,G,E,ALTA,0.0,0.0
CNPJ_002305,0.0,0.101,6,APROVADO,RGR_R04_DECIL4_10_APROVADO,APROVADO_AUTOMATICO_BAIXO_RISCO,Aprovacao Automatica: Risco dentro do apetite da seguradora.,0.0,False,10000.0,10000.0,0.0,0.0,S,EMPRESA_ISENTA,BAIXISSIMA,0.0,0.0
CNPJ_002306,0.0,0.0985,6,APROVADO,RGR_R04_DECIL4_10_APROVADO,APROVADO_AUTOMATICO_BAIXO_RISCO,Aprovacao Automatica: Risco dentro do apetite da seguradora.,0.0,False,10000.0,10000.0,0.0,0.0,N,,BAIXISSIMA,0.0,0.0
CNPJ_002307,0.0,0.1197,3,ACEITO_COM_CONDICAO,RGR_R03_DECIL2_3_CONDICIONAL,ACEITE_CONDICIONAL_DECIL_INTERMEDIARIO,Aceite Condicional Decil Intermediario (+7.5% premio).,7.5,False,10000.0,10750.0,750.0,0.0,F,A,ALTA,0.0,0.0
CNPJ_002308,0.0,0.0891,8,APROVADO,RGR_R04_DECIL4_10_APROVADO,APROVADO_AUTOMATICO_BAIXO_RISCO,Aprovacao Automatica: Risco dentro do apetite da seguradora.,0.0,False,10000.0,10000.0,0.0,0.0,G,,BAIXISSIMA,1.0,0.0
CNPJ_002309,0.0,0.134,2,ACEITO_COM_CONDICAO,RGR_R03_DECIL2_3_CONDICIONAL,ACEITE_CONDICIONAL_DECIL_INTERMEDIARIO,Aceite Condicional Decil Intermediario (+7.5% premio).,7.5,False,10000.0,10750.0,750.0,0.0,S,EMPRESA_ISENTA,BAIXISSIMA,6.0,0.0
CNPJ_002310,0.0,0.117,3,ACEITO_COM_CONDICAO,RGR_R03_DECIL2_3_CONDICIONAL,ACEITE_CONDICIONAL_DECIL_INTERMEDIARIO,Aceite Condicional Decil Intermediario (+7.5% premio).,7.5,False,10000.0,10750.0,750.0,0.0,G,D,BAIXISSIMA,2.0,0.0
CNPJ_002311,0.0,0.0967,7,APROVADO,RGR_R04_DECIL4_10_APROVADO,APROVADO_AUTOMATICO_BAIXO_RISCO,Aprovacao Automatica: Risco dentro do apetite da seguradora.,0.0,False,10000.0,10000.0,0.0,0.0,G,E,ALTA,2.0,0.0
CNPJ_002312,0.0,0.096,7,APROVADO,RGR_R04_DECIL4_10_APROVADO,APROVADO_AUTOMATICO_BAIXO_RISCO,Aprovacao Automatica: Risco dentro do apetite da seguradora.,0.0,False,10000.0,10000.0,0.0,0.0,K,,ALTA,0.0,0.0
CNPJ_002313,0.0,0.0716,10,APROVADO,RGR_R04_DECIL4_10_APROVADO,APROVADO_AUTOMATICO_BAIXO_RISCO,Aprovacao Automatica: Risco dentro do apetite da seguradora.,0.0,False,10000.0,10000.0,0.0,0.0,G,J,ALTISSIMA,16.0,0.0
CNPJ_002314,0.0,0.0886,8,APROVADO,RGR_R04_DECIL4_10_APROVADO,APROVADO_AUTOMATICO_BAIXO_RISCO,Aprovacao Automatica: Risco dentro do apetite da seguradora.,0.0,False,10000.0,10000.0,0.0,0.0,G,B,MEDIA,0.0,0.0
CNPJ_002315,0.0,0.1173,3,ACEITO_COM_CONDICAO,RGR_R03_DECIL2_3_CONDICIONAL,ACEITE_CONDICIONAL_DECIL_INTERMEDIARIO,Aceite Condicional Decil Intermediario (+7.5% premio).,7.5,False,10000.0,10750.0,750.0,0.0,H,G,ALTA,6.0,0.0
CNPJ_002316,0.0,0.0754,10,APROVADO,RGR_R04_DECIL4_10_APROVADO,APROVADO_AUTOMATICO_BAIXO_RISCO,Aprovacao Automatica: Risco dentro do apetite da seguradora.,0.0,False,10000.0,10000.0,0.0,0.0,A,D,BAIXISSIMA,11.0,0.0
CNPJ_002317,0.0,0.2976,1,RECUSADO,RGR_R02_DECIL1_RECUSA_PADRAO,DECIL1_ALTO_RISCO_SEM_MITIGACAO,Recusa por Decil 1 de Risco sem criterios para resgate comercial.,0.0,False,10000.0,0.0,0.0,0.0,H,,ALTA,0.0,1.0
CNPJ_002318,0.0,0.0833,9,APROVADO,RGR_R04_DECIL4_10_APROVADO,APROVADO_AUTOMATICO_BAIXO_RISCO,Aprovacao Automatica: Risco dentro do apetite da seguradora.,0.0,False,10000.0,10000.0,0.0,0.0,H,A,BAIXISSIMA,0.0,0.0
CNPJ_002319,0.0,0.0889,8,APROVADO,RGR_R04_DECIL4_10_APROVADO,APROVADO_AUTOMATICO_BAIXO_RISCO,Aprovacao Automatica: Risco dentro do apetite da seguradora.,0.0,False,10000.0,10000.0,0.0,0.0,H,D,BAIXISSIMA,0.0,0.0
CNPJ_002320,0.0,0.1006,6,APROVADO,RGR_R04_DECIL4_10_APROVADO,APROVADO_AUTOMATICO_BAIXO_RISCO,Aprovacao Automatica: Risco dentro do apetite da seguradora.,0.0,False,10000.0,10000.0,0.0,0.0,Q,EMPRESA_ISENTA,BAIXISSIMA,0.0,0.0
CNPJ_002321,0.0,0.0976,6,APROVADO,RGR_R04_DECIL4_10_APROVADO,APROVADO_AUTOMATICO_BAIXO_RISCO,Aprovacao Automatica: Risco dentro do apetite da seguradora.,0.0,False,10000.0,10000.0,0.0,0.0,C,J,MEDIA,84.0,0.0
CNPJ_002322,0.0,0.0705,10,APROVADO,RGR_R04_DECIL4_10_APROVADO,APROVADO_AUTOMATICO_BAIXO_RISCO,Aprovacao Automatica: Risco dentro do apetite da seguradora.,0.0,False,10000.0,10000.0,0.0,0.0,H,D,ALTISSIMA,1.0,0.0
CNPJ_002323,0.0,0.0985,6,APROVADO,RGR_R04_DECIL4_10_APROVADO,APROVADO_AUTOMATICO_BAIXO_RISCO,Aprovacao Automatica: Risco dentro do apetite da seguradora.,0.0,False,10000.0,10000.0,0.0,0.0,C,,BAIXISSIMA,0.0,0.0
CNPJ_002324,0.0,0.0893,8,APROVADO,RGR_R04_DECIL4_10_APROVADO,APROVADO_AUTOMATICO_BAIXO_RISCO,Aprovacao Automatica: Risco dentro do apetite da seguradora.,0.0,False,10000.0,10000.0,0.0,0.0,E,G,BAIXISSIMA,0.0,0.0
CNPJ_002325,0.0,0.1153,3,ACEITO_COM_CONDICAO,RGR_R03_DECIL2_3_CONDICIONAL,ACEITE_CONDICIONAL_DECIL_INTERMEDIARIO,Aceite Condicional Decil Intermediario (+7.5% premio).,7.5,False,10000.0,10750.0,750.0,0.0,S,EMPRESA_ISENTA,BAIXISSIMA,0.0,
CNPJ_002326,0.0,0.1122,4,APROVADO,RGR_R04_DECIL4_10_APROVADO,APROVADO_AUTOMATICO_BAIXO_RISCO,Aprovacao Automatica: Risco dentro do apetite da seguradora.,0.0,False,10000.0,10000.0,0.0,0.0,F,,ALTISSIMA,0.0,0.0
CNPJ_002327,0.0,0.0989,6,APROVADO,RGR_R04_DECIL4_10_APROVADO,APROVADO_AUTOMATICO_BAIXO_RISCO,Aprovacao Automatica: Risco dentro do apetite da seguradora.,0.0,False,10000.0,10000.0,0.0,0.0,H,,BAIXISSIMA,0.0,0.0
CNPJ_002328,0.0,0.0783,9,APROVADO,RGR_R04_DECIL4_10_APROVADO,APROVADO_AUTOMATICO_BAIXO_RISCO,Aprovacao Automatica: Risco dentro do apetite da seguradora.,0.0,False,10000.0,10000.0,0.0,0.0,N,D,BAIXISSIMA,0.0,0.0
CNPJ_002329,0.0,0.1364,2,ACEITO_COM_CONDICAO,RGR_R03_DECIL2_3_CONDICIONAL,ACEITE_CONDICIONAL_DECIL_INTERMEDIARIO,Aceite Condicional Decil Intermediario (+7.5% premio).,7.5,False,10000.0,10750.0,750.0,0.0,J,F,ALTA,0.0,0.0
CNPJ_002330,0.0,0.2154,1,RECUSADO,RGR_R02_DECIL1_RECUSA_PADRAO,DECIL1_ALTO_RISCO_SEM_MITIGACAO,Recusa por Decil 1 de Risco sem criterios para resgate comercial.,0.0,False,10000.0,0.0,0.0,0.0,H,I,BAIXISSIMA,15.0,0.0
CNPJ_002331,0.0,0.0692,10,APROVADO,RGR_R04_DECIL4_10_APROVADO,APROVADO_AUTOMATICO_BAIXO_RISCO,Aprovacao Automatica: Risco dentro do apetite da seguradora.,0.0,False,10000.0,10000.0,0.0,0.0,N,B,ALTA,0.0,1.0
CNPJ_002332,0.0,0.0988,6,APROVADO,RGR_R04_DECIL4_10_APROVADO,APROVADO_AUTOMATICO_BAIXO_RISCO,Aprovacao Automatica: Risco dentro do apetite da seguradora.,0.0,False,10000.0,10000.0,0.0,0.0,G,F,MEDIA,0.0,0.0
CNPJ_002333,0.0,0.2337,1,ACEITO_COM_CONDICAO,RGR_R01_DECIL1_RESGATE_COM_RASTREADOR,RECUPERACAO_COMERCIAL_D1,"Aceite Condicional Decil 1: Perfil de score alto risco, porem mitigado por baixo passivo judicial e geografia favoravel.",15.0,True,10000.0,11500.0,1500.0,0.0,H,,BAIXISSIMA,0.0,
CNPJ_002334,0.0,0.1027,5,APROVADO,RGR_R04_DECIL4_10_APROVADO,APROVADO_AUTOMATICO_BAIXO_RISCO,Aprovacao Automatica: Risco dentro do apetite da seguradora.,0.0,False,10000.0,10000.0,0.0,0.0,G,,MEDIA,2.0,0.0
CNPJ_002335,0.0,0.0926,7,APROVADO,RGR_R04_DECIL4_10_APROVADO,APROVADO_AUTOMATICO_BAIXO_RISCO,Aprovacao Automatica: Risco dentro do apetite da seguradora.,0.0,False,10000.0,10000.0,0.0,0.0,G,D,BAIXISSIMA,0.0,0.0
CNPJ_002336,0.0,0.089,8,APROVADO,RGR_R04_DECIL4_10_APROVADO,APROVADO_AUTOMATICO_BAIXO_RISCO,Aprovacao Automatica: Risco dentro do apetite da seguradora.,0.0,False,10000.0,10000.0,0.0,0.0,J,D,ALTISSIMA,0.0,0.0
CNPJ_002337,0.0,0.1112,4,APROVADO,RGR_R04_DECIL4_10_APROVADO,APROVADO_AUTOMATICO_BAIXO_RISCO,Aprovacao Automatica: Risco dentro do apetite da seguradora.,0.0,False,10000.0,10000.0,0.0,0.0,C,J,ALTA,31.0,0.0
CNPJ_002338,0.0,0.1151,3,ACEITO_COM_CONDICAO,RGR_R03_DECIL2_3_CONDICIONAL,ACEITE_CONDICIONAL_DECIL_INTERMEDIARIO,Aceite Condicional Decil Intermediario (+7.5% premio).,7.5,False,10000.0,10750.0,750.0,0.0,C,E,ALTISSIMA,1.0,0.0
CNPJ_002339,0.0,0.0605,10,APROVADO,RGR_R04_DECIL4_10_APROVADO,APROVADO_AUTOMATICO_BAIXO_RISCO,Aprovacao Automatica: Risco dentro do apetite da seguradora.,0.0,False,10000.0,10000.0,0.0,0.0,H,D,ALTISSIMA,1.0,0.0
CNPJ_002340,0.0,0.097,7,APROVADO,RGR_R04_DECIL4_10_APROVADO,APROVADO_AUTOMATICO_BAIXO_RISCO,Aprovacao Automatica: Risco dentro do apetite da seguradora.,0.0,False,10000.0,10000.0,0.0,0.0,G,F,ALTISSIMA,0.0,0.0
CNPJ_002341,0.0,0.0839,9,APROVADO,RGR_R04_DECIL4_10_APROVADO,APROVADO_AUTOMATICO_BAIXO_RISCO,Aprovacao Automatica: Risco dentro do apetite da seguradora.,0.0,False,10000.0,10000.0,0.0,0.0,G,E,ALTA,0.0,0.0
CNPJ_002342,0.0,0.1082,4,APROVADO,RGR_R04_DECIL4_10_APROVADO,APROVADO_AUTOMATICO_BAIXO_RISCO,Aprovacao Automatica: Risco dentro do apetite da seguradora.,0.0,False,10000.0,10000.0,0.0,0.0,F,,ALTA,0.0,0.0
CNPJ_002343,0.0,0.1058,5,APROVADO,RGR_R04_DECIL4_10_APROVADO,APROVADO_AUTOMATICO_BAIXO_RISCO,Aprovacao Automatica: Risco dentro do apetite da seguradora.,0.0,False,10000.0,10000.0,0.0,0.0,G,G,ALTISSIMA,0.0,0.0
CNPJ_002344,0.0,0.123,2,ACEITO_COM_CONDICAO,RGR_R03_DECIL2_3_CONDICIONAL,ACEITE_CONDICIONAL_DECIL_INTERMEDIARIO,Aceite Condicional Decil Intermediario (+7.5% premio).,7.5,False,10000.0,10750.0,750.0,0.0,F,G,ALTA,1.0,0.0
CNPJ_002345,0.0,0.1248,2,ACEITO_COM_CONDICAO,RGR_R03_DECIL2_3_CONDICIONAL,ACEITE_CONDICIONAL_DECIL_INTERMEDIARIO,Aceite Condicional Decil Intermediario (+7.5% premio).,7.5,False,10000.0,10750.0,750.0,0.0,C,E,ALTISSIMA,0.0,0.0
CNPJ_002346,0.0,0.1009,6,APROVADO,RGR_R04_DECIL4_10_APROVADO,APROVADO_AUTOMATICO_BAIXO_RISCO,Aprovacao Automatica: Risco dentro do apetite da seguradora.,0.0,False,10000.0,10000.0,0.0,0.0,C,G,BAIXISSIMA,0.0,1.0
CNPJ_002347,0.0,0.0919,8,APROVADO,RGR_R04_DECIL4_10_APROVADO,APROVADO_AUTOMATICO_BAIXO_RISCO,Aprovacao Automatica: Risco dentro do apetite da seguradora.,0.0,False,10000.0,10000.0,0.0,0.0,K,,ALTA,0.0,0.0
CNPJ_002348,0.0,0.2154,1,RECUSADO,RGR_R02_DECIL1_RECUSA_PADRAO,DECIL1_ALTO_RISCO_SEM_MITIGACAO,Recusa por Decil 1 de Risco sem criterios para resgate comercial.,0.0,False,10000.0,0.0,0.0,0.0,H,I,BAIXISSIMA,15.0,0.0
CNPJ_002349,0.0,0.1156,3,RECUSADO,RGR_K01_RISCO_LIDERANCA_AREA_CRITICA,K01_LIDERANCA_AREA_CRITICA,Recusa Sumaria: Risco de lideranca detectado em area de concentracao altissima de sinistro.,0.0,False,10000.0,0.0,0.0,0.0,N,F,ALTISSIMA,0.0,1.0
CNPJ_002350,0.0,0.097,7,APROVADO,RGR_R04_DECIL4_10_APROVADO,APROVADO_AUTOMATICO_BAIXO_RISCO,Aprovacao Automatica: Risco dentro do apetite da seguradora.,0.0,False,10000.0,10000.0,0.0,0.0,S,D,ALTISSIMA,0.0,0.0
CNPJ_002351,0.0,0.089,8,APROVADO,RGR_R04_DECIL4_10_APROVADO,APROVADO_AUTOMATICO_BAIXO_RISCO,Aprovacao Automatica: Risco dentro do apetite da seguradora.,0.0,False,10000.0,10000.0,0.0,0.0,G,F,BAIXISSIMA,0.0,0.0
CNPJ_002352,0.0,0.0897,8,APROVADO,RGR_R04_DECIL4_10_APROVADO,APROVADO_AUTOMATICO_BAIXO_RISCO,Aprovacao Automatica: Risco dentro do apetite da seguradora.,0.0,False,10000.0,10000.0,0.0,0.0,G,C,BAIXISSIMA,0.0,0.0
CNPJ_002353,0.0,0.1052,5,APROVADO,RGR_R04_DECIL4_10_APROVADO,APROVADO_AUTOMATICO_BAIXO_RISCO,Aprovacao Automatica: Risco dentro do apetite da seguradora.,0.0,False,10000.0,10000.0,0.0,0.0,C,F,BAIXISSIMA,0.0,0.0
CNPJ_002354,0.0,0.1149,3,ACEITO_COM_CONDICAO,RGR_R03_DECIL2_3_CONDICIONAL,ACEITE_CONDICIONAL_DECIL_INTERMEDIARIO,Aceite Condicional Decil Intermediario (+7.5% premio).,7.5,False,10000.0,10750.0,750.0,0.0,H,D,MEDIA,0.0,0.0
CNPJ_002355,0.0,0.0972,7,APROVADO,RGR_R04_DECIL4_10_APROVADO,APROVADO_AUTOMATICO_BAIXO_RISCO,Aprovacao Automatica: Risco dentro do apetite da seguradora.,0.0,False,10000.0,10000.0,0.0,0.0,G,D,ALTA,0.0,0.0
CNPJ_002356,0.0,0.0922,7,APROVADO,RGR_R04_DECIL4_10_APROVADO,APROVADO_AUTOMATICO_BAIXO_RISCO,Aprovacao Automatica: Risco dentro do apetite da seguradora.,0.0,False,10000.0,10000.0,0.0,0.0,C,E,BAIXISSIMA,0.0,1.0
CNPJ_002357,0.0,0.0815,9,APROVADO,RGR_R04_DECIL4_10_APROVADO,APROVADO_AUTOMATICO_BAIXO_RISCO,Aprovacao Automatica: Risco dentro do apetite da seguradora.,0.0,False,10000.0,10000.0,0.0,0.0,Q,,BAIXISSIMA,0.0,0.0
CNPJ_002358,0.0,0.0952,7,APROVADO,RGR_R04_DECIL4_10_APROVADO,APROVADO_AUTOMATICO_BAIXO_RISCO,Aprovacao Automatica: Risco dentro do apetite da seguradora.,0.0,False,10000.0,10000.0,0.0,0.0,G,C,BAIXISSIMA,1.0,1.0
CNPJ_002359,0.0,0.0866,8,APROVADO,RGR_R04_DECIL4_10_APROVADO,APROVADO_AUTOMATICO_BAIXO_RISCO,Aprovacao Automatica: Risco dentro do apetite da seguradora.,0.0,False,10000.0,10000.0,0.0,0.0,H,,BAIXISSIMA,0.0,0.0
CNPJ_002360,0.0,0.2792,1,ACEITO_COM_CONDICAO,RGR_R01_DECIL1_RESGATE_COM_RASTREADOR,RECUPERACAO_COMERCIAL_D1,"Aceite Condicional Decil 1: Perfil de score alto risco, porem mitigado por baixo passivo judicial e geografia favoravel.",15.0,True,10000.0,11500.0,1500.0,0.0,H,,BAIXISSIMA,0.0,0.0
CNPJ_002361,0.0,0.1,6,RECUSADO,RGR_K02_EXCESSO_PROCESSOS_JUDICIAIS,K02_JUDICIAL_EXTREMO,Recusa Sumaria: Elevado passivo judicial (> 100 processos como requerido).,0.0,False,10000.0,0.0,0.0,0.0,C,J,BAIXISSIMA,155.0,0.0
CNPJ_002362,0.0,0.0735,10,APROVADO,RGR_R04_DECIL4_10_APROVADO,APROVADO_AUTOMATICO_BAIXO_RISCO,Aprovacao Automatica: Risco dentro do apetite da seguradora.,0.0,False,10000.0,10000.0,0.0,0.0,J,,ALTISSIMA,0.0,
CNPJ_002363,0.0,0.1139,3,ACEITO_COM_CONDICAO,RGR_R03_DECIL2_3_CONDICIONAL,ACEITE_CONDICIONAL_DECIL_INTERMEDIARIO,Aceite Condicional Decil Intermediario (+7.5% premio).,7.5,False,10000.0,10750.0,750.0,0.0,F,H,ALTISSIMA,7.0,0.0
CNPJ_002364,0.0,0.1119,4,APROVADO,RGR_R04_DECIL4_10_APROVADO,APROVADO_AUTOMATICO_BAIXO_RISCO,Aprovacao Automatica: Risco dentro do apetite da seguradora.,0.0,False,10000.0,10000.0,0.0,0.0,H,E,ALTA,0.0,0.0
CNPJ_002365,0.0,0.0767,10,RECUSADO,RGR_K02_EXCESSO_PROCESSOS_JUDICIAIS,K02_JUDICIAL_EXTREMO,Recusa Sumaria: Elevado passivo judicial (> 100 processos como requerido).,0.0,False,10000.0,0.0,0.0,0.0,C,J,BAIXISSIMA,155.0,0.0
CNPJ_002366,0.0,0.1056,5,APROVADO,RGR_R04_DECIL4_10_APROVADO,APROVADO_AUTOMATICO_BAIXO_RISCO,Aprovacao Automatica: Risco dentro do apetite da seguradora.,0.0,False,10000.0,10000.0,0.0,0.0,G,F,MEDIA,0.0,0.0
CNPJ_002367,0.0,0.1069,5,APROVADO,RGR_R04_DECIL4_10_APROVADO,APROVADO_AUTOMATICO_BAIXO_RISCO,Aprovacao Automatica: Risco dentro do apetite da seguradora.,0.0,False,10000.0,10000.0,0.0,0.0,G,F,BAIXISSIMA,2.0,0.0
CNPJ_002368,0.0,0.1095,4,APROVADO,RGR_R04_DECIL4_10_APROVADO,APROVADO_AUTOMATICO_BAIXO_RISCO,Aprovacao Automatica: Risco dentro do apetite da seguradora.,0.0,False,10000.0,10000.0,0.0,0.0,C,D,ALTA,0.0,0.0
CNPJ_002369,0.0,0.1291,2,ACEITO_COM_CONDICAO,RGR_R03_DECIL2_3_CONDICIONAL,ACEITE_CONDICIONAL_DECIL_INTERMEDIARIO,Aceite Condicional Decil Intermediario (+7.5% premio).,7.5,False,10000.0,10750.0,750.0,0.0,G,J,BAIXISSIMA,0.0,0.0
CNPJ_002370,0.0,0.1099,4,APROVADO,RGR_R04_DECIL4_10_APROVADO,APROVADO_AUTOMATICO_BAIXO_RISCO,Aprovacao Automatica: Risco dentro do apetite da seguradora.,0.0,False,10000.0,10000.0,0.0,0.0,G,B,BAIXISSIMA,0.0,0.0
CNPJ_002371,0.0,0.1874,1,ACEITO_COM_CONDICAO,RGR_R01_DECIL1_RESGATE_COM_RASTREADOR,RECUPERACAO_COMERCIAL_D1,"Aceite Condicional Decil 1: Perfil de score alto risco, porem mitigado por baixo passivo judicial e geografia favoravel.",15.0,True,10000.0,11500.0,1500.0,0.0,H,C,BAIXISSIMA,0.0,0.0
CNPJ_002372,0.0,0.0959,7,APROVADO,RGR_R04_DECIL4_10_APROVADO,APROVADO_AUTOMATICO_BAIXO_RISCO,Aprovacao Automatica: Risco dentro do apetite da seguradora.,0.0,False,10000.0,10000.0,0.0,0.0,H,,ALTA,0.0,0.0
CNPJ_002373,0.0,0.0777,9,APROVADO,RGR_R04_DECIL4_10_APROVADO,APROVADO_AUTOMATICO_BAIXO_RISCO,Aprovacao Automatica: Risco dentro do apetite da seguradora.,0.0,False,10000.0,10000.0,0.0,0.0,L,,ALTA,0.0,0.0
CNPJ_002374,0.0,0.1048,5,APROVADO,RGR_R04_DECIL4_10_APROVADO,APROVADO_AUTOMATICO_BAIXO_RISCO,Aprovacao Automatica: Risco dentro do apetite da seguradora.,0.0,False,10000.0,10000.0,0.0,0.0,C,H,MEDIA,0.0,0.0
CNPJ_002375,0.0,0.0932,7,APROVADO,RGR_R04_DECIL4_10_APROVADO,APROVADO_AUTOMATICO_BAIXO_RISCO,Aprovacao Automatica: Risco dentro do apetite da seguradora.,0.0,False,10000.0,10000.0,0.0,0.0,G,A,ALTISSIMA,0.0,
CNPJ_002376,0.0,0.0876,8,APROVADO,RGR_R04_DECIL4_10_APROVADO,APROVADO_AUTOMATICO_BAIXO_RISCO,Aprovacao Automatica: Risco dentro do apetite da seguradora.,0.0,False,10000.0,10000.0,0.0,0.0,H,C,BAIXISSIMA,0.0,0.0
CNPJ_002377,0.0,0.1139,3,ACEITO_COM_CONDICAO,RGR_R03_DECIL2_3_CONDICIONAL,ACEITE_CONDICIONAL_DECIL_INTERMEDIARIO,Aceite Condicional Decil Intermediario (+7.5% premio).,7.5,False,10000.0,10750.0,750.0,0.0,C,G,BAIXISSIMA,2.0,0.0
CNPJ_002378,0.0,0.0818,9,APROVADO,RGR_R04_DECIL4_10_APROVADO,APROVADO_AUTOMATICO_BAIXO_RISCO,Aprovacao Automatica: Risco dentro do apetite da seguradora.,0.0,False,10000.0,10000.0,0.0,0.0,F,G,ALTA,7.0,0.0
CNPJ_002379,0.0,0.0927,7,APROVADO,RGR_R04_DECIL4_10_APROVADO,APROVADO_AUTOMATICO_BAIXO_RISCO,Aprovacao Automatica: Risco dentro do apetite da seguradora.,0.0,False,10000.0,10000.0,0.0,0.0,H,D,ALTISSIMA,1.0,0.0
CNPJ_002380,0.0,0.1092,4,APROVADO,RGR_R04_DECIL4_10_APROVADO,APROVADO_AUTOMATICO_BAIXO_RISCO,Aprovacao Automatica: Risco dentro do apetite da seguradora.,0.0,False,10000.0,10000.0,0.0,0.0,N,,ALTA,0.0,0.0
CNPJ_002381,0.0,0.0903,8,APROVADO,RGR_R04_DECIL4_10_APROVADO,APROVADO_AUTOMATICO_BAIXO_RISCO,Aprovacao Automatica: Risco dentro do apetite da seguradora.,0.0,False,10000.0,10000.0,0.0,0.0,G,G,BAIXISSIMA,0.0,1.0
CNPJ_002382,0.0,0.121,2,ACEITO_COM_CONDICAO,RGR_R03_DECIL2_3_CONDICIONAL,ACEITE_CONDICIONAL_DECIL_INTERMEDIARIO,Aceite Condicional Decil Intermediario (+7.5% premio).,7.5,False,10000.0,10750.0,750.0,0.0,C,C,ALTA,0.0,0.0
CNPJ_002383,0.0,0.1019,6,APROVADO,RGR_R04_DECIL4_10_APROVADO,APROVADO_AUTOMATICO_BAIXO_RISCO,Aprovacao Automatica: Risco dentro do apetite da seguradora.,0.0,False,10000.0,10000.0,0.0,0.0,H,,BAIXISSIMA,2.0,0.0
CNPJ_002384,0.0,0.0985,6,APROVADO,RGR_R04_DECIL4_10_APROVADO,APROVADO_AUTOMATICO_BAIXO_RISCO,Aprovacao Automatica: Risco dentro do apetite da seguradora.,0.0,False,10000.0,10000.0,0.0,0.0,C,G,ALTA,0.0,0.0
CNPJ_002385,0.0,0.1145,3,ACEITO_COM_CONDICAO,RGR_R03_DECIL2_3_CONDICIONAL,ACEITE_CONDICIONAL_DECIL_INTERMEDIARIO,Aceite Condicional Decil Intermediario (+7.5% premio).,7.5,False,10000.0,10750.0,750.0,0.0,H,F,BAIXISSIMA,2.0,0.0
CNPJ_002386,0.0,0.1278,2,ACEITO_COM_CONDICAO,RGR_R03_DECIL2_3_CONDICIONAL,ACEITE_CONDICIONAL_DECIL_INTERMEDIARIO,Aceite Condicional Decil Intermediario (+7.5% premio).,7.5,False,10000.0,10750.0,750.0,0.0,C,,ALTA,8.0,0.0
CNPJ_002387,0.0,0.1158,3,ACEITO_COM_CONDICAO,RGR_R03_DECIL2_3_CONDICIONAL,ACEITE_CONDICIONAL_DECIL_INTERMEDIARIO,Aceite Condicional Decil Intermediario (+7.5% premio).,7.5,False,10000.0,10750.0,750.0,0.0,Q,EMPRESA_ISENTA,ALTA,2.0,1.0
CNPJ_002388,0.0,0.0873,8,APROVADO,RGR_R04_DECIL4_10_APROVADO,APROVADO_AUTOMATICO_BAIXO_RISCO,Aprovacao Automatica: Risco dentro do apetite da seguradora.,0.0,False,10000.0,10000.0,0.0,0.0,C,I,BAIXISSIMA,13.0,0.0
CNPJ_002389,0.0,0.0746,10,APROVADO,RGR_R04_DECIL4_10_APROVADO,APROVADO_AUTOMATICO_BAIXO_RISCO,Aprovacao Automatica: Risco dentro do apetite da seguradora.,0.0,False,10000.0,10000.0,0.0,0.0,G,F,ALTA,2.0,0.0
CNPJ_002390,0.0,0.1059,5,APROVADO,RGR_R04_DECIL4_10_APROVADO,APROVADO_AUTOMATICO_BAIXO_RISCO,Aprovacao Automatica: Risco dentro do apetite da seguradora.,0.0,False,10000.0,10000.0,0.0,0.0,C,D,BAIXISSIMA,0.0,0.0
CNPJ_002391,0.0,0.0938,7,APROVADO,RGR_R04_DECIL4_10_APROVADO,APROVADO_AUTOMATICO_BAIXO_RISCO,Aprovacao Automatica: Risco dentro do apetite da seguradora.,0.0,False,10000.0,10000.0,0.0,0.0,F,J,BAIXISSIMA,20.0,0.0
CNPJ_002392,0.0,0.109,4,APROVADO,RGR_R04_DECIL4_10_APROVADO,APROVADO_AUTOMATICO_BAIXO_RISCO,Aprovacao Automatica: Risco dentro do apetite da seguradora.,0.0,False,10000.0,10000.0,0.0,0.0,G,I,BAIXISSIMA,12.0,0.0
CNPJ_002393,0.0,0.1473,1,ACEITO_COM_CONDICAO,RGR_R01_DECIL1_RESGATE_COM_RASTREADOR,RECUPERACAO_COMERCIAL_D1,"Aceite Condicional Decil 1: Perfil de score alto risco, porem mitigado por baixo passivo judicial e geografia favoravel.",15.0,True,10000.0,11500.0,1500.0,0.0,S,EMPRESA_ISENTA,BAIXISSIMA,0.0,0.0
CNPJ_002394,0.0,0.0761,10,APROVADO,RGR_R04_DECIL4_10_APROVADO,APROVADO_AUTOMATICO_BAIXO_RISCO,Aprovacao Automatica: Risco dentro do apetite da seguradora.,0.0,False,10000.0,10000.0,0.0,0.0,C,J,ALTA,80.0,1.0
CNPJ_002395,0.0,0.1159,3,ACEITO_COM_CONDICAO,RGR_R03_DECIL2_3_CONDICIONAL,ACEITE_CONDICIONAL_DECIL_INTERMEDIARIO,Aceite Condicional Decil Intermediario (+7.5% premio).,7.5,False,10000.0,10750.0,750.0,0.0,G,F,ALTA,0.0,0.0
CNPJ_002396,0.0,0.1119,4,APROVADO,RGR_R04_DECIL4_10_APROVADO,APROVADO_AUTOMATICO_BAIXO_RISCO,Aprovacao Automatica: Risco dentro do apetite da seguradora.,0.0,False,10000.0,10000.0,0.0,0.0,C,I,ALTA,2.0,0.0
CNPJ_002397,0.0,0.0657,10,APROVADO,RGR_R04_DECIL4_10_APROVADO,APROVADO_AUTOMATICO_BAIXO_RISCO,Aprovacao Automatica: Risco dentro do apetite da seguradora.,0.0,False,10000.0,10000.0,0.0,0.0,C,H,BAIXISSIMA,5.0,0.0
CNPJ_002398,0.0,0.0792,9,APROVADO,RGR_R04_DECIL4_10_APROVADO,APROVADO_AUTOMATICO_BAIXO_RISCO,Aprovacao Automatica: Risco dentro do apetite da seguradora.,0.0,False,10000.0,10000.0,0.0,0.0,G,H,ALTISSIMA,1.0,0.0
CNPJ_002399,0.0,0.0921,7,APROVADO,RGR_R04_DECIL4_10_APROVADO,APROVADO_AUTOMATICO_BAIXO_RISCO,Aprovacao Automatica: Risco dentro do apetite da seguradora.,0.0,False,10000.0,10000.0,0.0,0.0,G,E,ALTA,0.0,0.0
CNPJ_002400,0.0,0.2086,1,RECUSADO,RGR_R02_DECIL1_RECUSA_PADRAO,DECIL1_ALTO_RISCO_SEM_MITIGACAO,Recusa por Decil 1 de Risco sem criterios para resgate comercial.,0.0,False,10000.0,0.0,0.0,0.0,G,D,ALTISSIMA,1.0,0.0
CNPJ_002401,0.0,0.1031,5,APROVADO,RGR_R04_DECIL4_10_APROVADO,APROVADO_AUTOMATICO_BAIXO_RISCO,Aprovacao Automatica: Risco dentro do apetite da seguradora.,0.0,False,10000.0,10000.0,0.0,0.0,N,E,ALTISSIMA,0.0,0.0
CNPJ_002402,0.0,0.1267,2,ACEITO_COM_CONDICAO,RGR_R03_DECIL2_3_CONDICIONAL,ACEITE_CONDICIONAL_DECIL_INTERMEDIARIO,Aceite Condicional Decil Intermediario (+7.5% premio).,7.5,False,10000.0,10750.0,750.0,0.0,C,G,BAIXISSIMA,0.0,0.0
CNPJ_002403,0.0,0.0934,7,APROVADO,RGR_R04_DECIL4_10_APROVADO,APROVADO_AUTOMATICO_BAIXO_RISCO,Aprovacao Automatica: Risco dentro do apetite da seguradora.,0.0,False,10000.0,10000.0,0.0,0.0,H,E,BAIXISSIMA,0.0,0.0
CNPJ_002404,0.0,0.104,5,APROVADO,RGR_R04_DECIL4_10_APROVADO,APROVADO_AUTOMATICO_BAIXO_RISCO,Aprovacao Automatica: Risco dentro do apetite da seguradora.,0.0,False,10000.0,10000.0,0.0,0.0,G,D,ALTA,0.0,0.0
CNPJ_002405,0.0,0.1075,4,APROVADO,RGR_R04_DECIL4_10_APROVADO,APROVADO_AUTOMATICO_BAIXO_RISCO,Aprovacao Automatica: Risco dentro do apetite da seguradora.,0.0,False,10000.0,10000.0,0.0,0.0,F,E,ALTISSIMA,0.0,0.0
CNPJ_002406,0.0,0.1225,2,ACEITO_COM_CONDICAO,RGR_R03_DECIL2_3_CONDICIONAL,ACEITE_CONDICIONAL_DECIL_INTERMEDIARIO,Aceite Condicional Decil Intermediario (+7.5% premio).,7.5,False,10000.0,10750.0,750.0,0.0,N,C,ALTA,0.0,0.0
CNPJ_002407,0.0,0.0777,9,APROVADO,RGR_R04_DECIL4_10_APROVADO,APROVADO_AUTOMATICO_BAIXO_RISCO,Aprovacao Automatica: Risco dentro do apetite da seguradora.,0.0,False,10000.0,10000.0,0.0,0.0,M,J,ALTISSIMA,12.0,0.0
CNPJ_002408,0.0,0.0939,7,APROVADO,RGR_R04_DECIL4_10_APROVADO,APROVADO_AUTOMATICO_BAIXO_RISCO,Aprovacao Automatica: Risco dentro do apetite da seguradora.,0.0,False,10000.0,10000.0,0.0,0.0,G,H,ALTISSIMA,0.0,0.0
CNPJ_002409,0.0,0.1156,3,RECUSADO,RGR_K01_RISCO_LIDERANCA_AREA_CRITICA,K01_LIDERANCA_AREA_CRITICA,Recusa Sumaria: Risco de lideranca detectado em area de concentracao altissima de sinistro.,0.0,False,10000.0,0.0,0.0,0.0,N,F,ALTISSIMA,0.0,1.0
CNPJ_002410,0.0,0.1285,2,ACEITO_COM_CONDICAO,RGR_R03_DECIL2_3_CONDICIONAL,ACEITE_CONDICIONAL_DECIL_INTERMEDIARIO,Aceite Condicional Decil Intermediario (+7.5% premio).,7.5,False,10000.0,10750.0,750.0,0.0,N,C,BAIXISSIMA,0.0,0.0
CNPJ_002411,0.0,0.0904,8,RECUSADO,RGR_K01_RISCO_LIDERANCA_AREA_CRITICA,K01_LIDERANCA_AREA_CRITICA,Recusa Sumaria: Risco de lideranca detectado em area de concentracao altissima de sinistro.,0.0,False,10000.0,0.0,0.0,0.0,G,D,ALTISSIMA,1.0,1.0
CNPJ_002412,0.0,0.0946,7,APROVADO,RGR_R04_DECIL4_10_APROVADO,APROVADO_AUTOMATICO_BAIXO_RISCO,Aprovacao Automatica: Risco dentro do apetite da seguradora.,0.0,False,10000.0,10000.0,0.0,0.0,G,E,BAIXISSIMA,6.0,1.0
CNPJ_002413,0.0,0.1046,5,APROVADO,RGR_R04_DECIL4_10_APROVADO,APROVADO_AUTOMATICO_BAIXO_RISCO,Aprovacao Automatica: Risco dentro do apetite da seguradora.,0.0,False,10000.0,10000.0,0.0,0.0,G,D,ALTA,1.0,0.0
CNPJ_002414,0.0,0.0988,6,RECUSADO,RGR_K01_RISCO_LIDERANCA_AREA_CRITICA,K01_LIDERANCA_AREA_CRITICA,Recusa Sumaria: Risco de lideranca detectado em area de concentracao altissima de sinistro.,0.0,False,10000.0,0.0,0.0,0.0,F,A,ALTISSIMA,0.0,1.0
CNPJ_002415,0.0,0.1492,1,RECUSADO,RGR_R02_DECIL1_RECUSA_PADRAO,DECIL1_ALTO_RISCO_SEM_MITIGACAO,Recusa por Decil 1 de Risco sem criterios para resgate comercial.,0.0,False,10000.0,0.0,0.0,0.0,C,D,,0.0,0.0
CNPJ_002416,0.0,0.0961,7,APROVADO,RGR_R04_DECIL4_10_APROVADO,APROVADO_AUTOMATICO_BAIXO_RISCO,Aprovacao Automatica: Risco dentro do apetite da seguradora.,0.0,False,10000.0,10000.0,0.0,0.0,G,E,MEDIA,1.0,0.0
CNPJ_002417,0.0,0.0793,9,APROVADO,RGR_R04_DECIL4_10_APROVADO,APROVADO_AUTOMATICO_BAIXO_RISCO,Aprovacao Automatica: Risco dentro do apetite da seguradora.,0.0,False,10000.0,10000.0,0.0,0.0,H,B,ALTA,0.0,0.0
CNPJ_002418,0.0,0.0584,10,APROVADO,RGR_R04_DECIL4_10_APROVADO,APROVADO_AUTOMATICO_BAIXO_RISCO,Aprovacao Automatica: Risco dentro do apetite da seguradora.,0.0,False,10000.0,10000.0,0.0,0.0,A,,BAIXISSIMA,1.0,1.0
CNPJ_002419,0.0,0.1128,4,APROVADO,RGR_R04_DECIL4_10_APROVADO,APROVADO_AUTOMATICO_BAIXO_RISCO,Aprovacao Automatica: Risco dentro do apetite da seguradora.,0.0,False,10000.0,10000.0,0.0,0.0,S,EMPRESA_ISENTA,ALTA,0.0,
CNPJ_002420,0.0,0.1133,4,APROVADO,RGR_R04_DECIL4_10_APROVADO,APROVADO_AUTOMATICO_BAIXO_RISCO,Aprovacao Automatica: Risco dentro do apetite da seguradora.,0.0,False,10000.0,10000.0,0.0,0.0,G,,ALTA,0.0,0.0
CNPJ_002421,0.0,0.0957,7,APROVADO,RGR_R04_DECIL4_10_APROVADO,APROVADO_AUTOMATICO_BAIXO_RISCO,Aprovacao Automatica: Risco dentro do apetite da seguradora.,0.0,False,10000.0,10000.0,0.0,0.0,C,J,ALTA,92.0,0.0
CNPJ_002422,0.0,0.091,8,APROVADO,RGR_R04_DECIL4_10_APROVADO,APROVADO_AUTOMATICO_BAIXO_RISCO,Aprovacao Automatica: Risco dentro do apetite da seguradora.,0.0,False,10000.0,10000.0,0.0,0.0,L,F,ALTISSIMA,3.0,0.0
CNPJ_002423,0.0,0.0929,7,APROVADO,RGR_R04_DECIL4_10_APROVADO,APROVADO_AUTOMATICO_BAIXO_RISCO,Aprovacao Automatica: Risco dentro do apetite da seguradora.,0.0,False,10000.0,10000.0,0.0,0.0,C,J,ALTISSIMA,35.0,0.0
CNPJ_002424,0.0,0.1034,5,APROVADO,RGR_R04_DECIL4_10_APROVADO,APROVADO_AUTOMATICO_BAIXO_RISCO,Aprovacao Automatica: Risco dentro do apetite da seguradora.,0.0,False,10000.0,10000.0,0.0,0.0,H,A,ALTISSIMA,0.0,
CNPJ_002425,0.0,0.0713,10,APROVADO,RGR_R04_DECIL4_10_APROVADO,APROVADO_AUTOMATICO_BAIXO_RISCO,Aprovacao Automatica: Risco dentro do apetite da seguradora.,0.0,False,10000.0,10000.0,0.0,0.0,G,I,BAIXISSIMA,38.0,1.0
CNPJ_002426,0.0,0.0572,10,APROVADO,RGR_R04_DECIL4_10_APROVADO,APROVADO_AUTOMATICO_BAIXO_RISCO,Aprovacao Automatica: Risco dentro do apetite da seguradora.,0.0,False,10000.0,10000.0,0.0,0.0,H,F,ALTISSIMA,2.0,0.0
CNPJ_002427,0.0,0.0867,8,APROVADO,RGR_R04_DECIL4_10_APROVADO,APROVADO_AUTOMATICO_BAIXO_RISCO,Aprovacao Automatica: Risco dentro do apetite da seguradora.,0.0,False,10000.0,10000.0,0.0,0.0,H,A,ALTA,0.0,0.0
CNPJ_002428,0.0,0.0951,7,APROVADO,RGR_R04_DECIL4_10_APROVADO,APROVADO_AUTOMATICO_BAIXO_RISCO,Aprovacao Automatica: Risco dentro do apetite da seguradora.,0.0,False,10000.0,10000.0,0.0,0.0,N,F,ALTISSIMA,4.0,0.0
CNPJ_002429,0.0,0.0854,8,APROVADO,RGR_R04_DECIL4_10_APROVADO,APROVADO_AUTOMATICO_BAIXO_RISCO,Aprovacao Automatica: Risco dentro do apetite da seguradora.,0.0,False,10000.0,10000.0,0.0,0.0,M,I,ALTA,81.0,0.0
CNPJ_002430,0.0,0.1227,2,ACEITO_COM_CONDICAO,RGR_R03_DECIL2_3_CONDICIONAL,ACEITE_CONDICIONAL_DECIL_INTERMEDIARIO,Aceite Condicional Decil Intermediario (+7.5% premio).,7.5,False,10000.0,10750.0,750.0,0.0,S,EMPRESA_ISENTA,BAIXISSIMA,0.0,0.0
CNPJ_002431,0.0,0.0847,9,APROVADO,RGR_R04_DECIL4_10_APROVADO,APROVADO_AUTOMATICO_BAIXO_RISCO,Aprovacao Automatica: Risco dentro do apetite da seguradora.,0.0,False,10000.0,10000.0,0.0,0.0,G,G,ALTA,16.0,0.0
CNPJ_002432,0.0,0.1003,6,APROVADO,RGR_R04_DECIL4_10_APROVADO,APROVADO_AUTOMATICO_BAIXO_RISCO,Aprovacao Automatica: Risco dentro do apetite da seguradora.,0.0,False,10000.0,10000.0,0.0,0.0,C,D,BAIXISSIMA,0.0,0.0
CNPJ_002433,0.0,0.2142,1,RECUSADO,RGR_R02_DECIL1_RECUSA_PADRAO,DECIL1_ALTO_RISCO_SEM_MITIGACAO,Recusa por Decil 1 de Risco sem criterios para resgate comercial.,0.0,False,10000.0,0.0,0.0,0.0,H,E,ALTA,1.0,0.0
CNPJ_002434,0.0,0.1067,5,APROVADO,RGR_R04_DECIL4_10_APROVADO,APROVADO_AUTOMATICO_BAIXO_RISCO,Aprovacao Automatica: Risco dentro do apetite da seguradora.,0.0,False,10000.0,10000.0,0.0,0.0,G,,BAIXISSIMA,0.0,0.0
CNPJ_002435,0.0,0.102,6,APROVADO,RGR_R04_DECIL4_10_APROVADO,APROVADO_AUTOMATICO_BAIXO_RISCO,Aprovacao Automatica: Risco dentro do apetite da seguradora.,0.0,False,10000.0,10000.0,0.0,0.0,G,E,ALTA,0.0,0.0
CNPJ_002436,0.0,0.0804,9,APROVADO,RGR_R04_DECIL4_10_APROVADO,APROVADO_AUTOMATICO_BAIXO_RISCO,Aprovacao Automatica: Risco dentro do apetite da seguradora.,0.0,False,10000.0,10000.0,0.0,0.0,J,I,ALTISSIMA,2.0,0.0
CNPJ_002437,0.0,0.1109,4,APROVADO,RGR_R04_DECIL4_10_APROVADO,APROVADO_AUTOMATICO_BAIXO_RISCO,Aprovacao Automatica: Risco dentro do apetite da seguradora.,0.0,False,10000.0,10000.0,0.0,0.0,N,A,ALTA,0.0,0.0
CNPJ_002438,0.0,0.1152,3,ACEITO_COM_CONDICAO,RGR_R03_DECIL2_3_CONDICIONAL,ACEITE_CONDICIONAL_DECIL_INTERMEDIARIO,Aceite Condicional Decil Intermediario (+7.5% premio).,7.5,False,10000.0,10750.0,750.0,0.0,C,F,BAIXISSIMA,0.0,0.0
CNPJ_002439,0.0,0.1076,4,APROVADO,RGR_R04_DECIL4_10_APROVADO,APROVADO_AUTOMATICO_BAIXO_RISCO,Aprovacao Automatica: Risco dentro do apetite da seguradora.,0.0,False,10000.0,10000.0,0.0,0.0,G,E,ALTA,0.0,0.0
CNPJ_002440,0.0,0.089,8,APROVADO,RGR_R04_DECIL4_10_APROVADO,APROVADO_AUTOMATICO_BAIXO_RISCO,Aprovacao Automatica: Risco dentro do apetite da seguradora.,0.0,False,10000.0,10000.0,0.0,0.0,H,D,BAIXISSIMA,0.0,0.0
CNPJ_002441,0.0,0.1178,3,ACEITO_COM_CONDICAO,RGR_R03_DECIL2_3_CONDICIONAL,ACEITE_CONDICIONAL_DECIL_INTERMEDIARIO,Aceite Condicional Decil Intermediario (+7.5% premio).,7.5,False,10000.0,10750.0,750.0,0.0,C,J,ALTA,0.0,
CNPJ_002442,0.0,0.06,10,APROVADO,RGR_R04_DECIL4_10_APROVADO,APROVADO_AUTOMATICO_BAIXO_RISCO,Aprovacao Automatica: Risco dentro do apetite da seguradora.,0.0,False,10000.0,10000.0,0.0,0.0,H,F,ALTISSIMA,5.0,0.0
CNPJ_002443,0.0,0.0954,7,APROVADO,RGR_R04_DECIL4_10_APROVADO,APROVADO_AUTOMATICO_BAIXO_RISCO,Aprovacao Automatica: Risco dentro do apetite da seguradora.,0.0,False,10000.0,10000.0,0.0,0.0,G,A,BAIXISSIMA,0.0,0.0
CNPJ_002444,0.0,0.0886,8,APROVADO,RGR_R04_DECIL4_10_APROVADO,APROVADO_AUTOMATICO_BAIXO_RISCO,Aprovacao Automatica: Risco dentro do apetite da seguradora.,0.0,False,10000.0,10000.0,0.0,0.0,G,H,ALTA,3.0,0.0
CNPJ_002445,0.0,0.0755,10,APROVADO,RGR_R04_DECIL4_10_APROVADO,APROVADO_AUTOMATICO_BAIXO_RISCO,Aprovacao Automatica: Risco dentro do apetite da seguradora.,0.0,False,10000.0,10000.0,0.0,0.0,G,H,ALTA,4.0,0.0
CNPJ_002446,0.0,0.0688,10,RECUSADO,RGR_K02_EXCESSO_PROCESSOS_JUDICIAIS,K02_JUDICIAL_EXTREMO,Recusa Sumaria: Elevado passivo judicial (> 100 processos como requerido).,0.0,False,10000.0,0.0,0.0,0.0,C,J,ALTA,126.0,0.0
CNPJ_002447,0.0,0.1333,2,ACEITO_COM_CONDICAO,RGR_R03_DECIL2_3_CONDICIONAL,ACEITE_CONDICIONAL_DECIL_INTERMEDIARIO,Aceite Condicional Decil Intermediario (+7.5% premio).,7.5,False,10000.0,10750.0,750.0,0.0,G,D,ALTA,0.0,0.0
CNPJ_002448,0.0,0.1098,4,APROVADO,RGR_R04_DECIL4_10_APROVADO,APROVADO_AUTOMATICO_BAIXO_RISCO,Aprovacao Automatica: Risco dentro do apetite da seguradora.,0.0,False,10000.0,10000.0,0.0,0.0,C,,,0.0,0.0
CNPJ_002449,0.0,0.1149,3,ACEITO_COM_CONDICAO,RGR_R03_DECIL2_3_CONDICIONAL,ACEITE_CONDICIONAL_DECIL_INTERMEDIARIO,Aceite Condicional Decil Intermediario (+7.5% premio).,7.5,False,10000.0,10750.0,750.0,0.0,A,D,BAIXISSIMA,0.0,1.0
CNPJ_002450,0.0,0.073,10,RECUSADO,RGR_K01_RISCO_LIDERANCA_AREA_CRITICA,K01_LIDERANCA_AREA_CRITICA,Recusa Sumaria: Risco de lideranca detectado em area de concentracao altissima de sinistro.,0.0,False,10000.0,0.0,0.0,0.0,G,H,ALTISSIMA,84.0,1.0
CNPJ_002451,0.0,0.1014,6,APROVADO,RGR_R04_DECIL4_10_APROVADO,APROVADO_AUTOMATICO_BAIXO_RISCO,Aprovacao Automatica: Risco dentro do apetite da seguradora.,0.0,False,10000.0,10000.0,0.0,0.0,G,H,ALTA,8.0,0.0
CNPJ_002452,0.0,0.1107,4,APROVADO,RGR_R04_DECIL4_10_APROVADO,APROVADO_AUTOMATICO_BAIXO_RISCO,Aprovacao Automatica: Risco dentro do apetite da seguradora.,0.0,False,10000.0,10000.0,0.0,0.0,H,F,ALTISSIMA,0.0,0.0
CNPJ_002453,0.0,0.0957,7,APROVADO,RGR_R04_DECIL4_10_APROVADO,APROVADO_AUTOMATICO_BAIXO_RISCO,Aprovacao Automatica: Risco dentro do apetite da seguradora.,0.0,False,10000.0,10000.0,0.0,0.0,H,H,BAIXISSIMA,7.0,1.0
CNPJ_002454,0.0,0.0875,8,APROVADO,RGR_R04_DECIL4_10_APROVADO,APROVADO_AUTOMATICO_BAIXO_RISCO,Aprovacao Automatica: Risco dentro do apetite da seguradora.,0.0,False,10000.0,10000.0,0.0,0.0,N,B,MEDIA,0.0,0.0
CNPJ_002455,0.0,0.0856,8,APROVADO,RGR_R04_DECIL4_10_APROVADO,APROVADO_AUTOMATICO_BAIXO_RISCO,Aprovacao Automatica: Risco dentro do apetite da seguradora.,0.0,False,10000.0,10000.0,0.0,0.0,A,F,ALTA,0.0,1.0
CNPJ_002456,0.0,0.1132,4,APROVADO,RGR_R04_DECIL4_10_APROVADO,APROVADO_AUTOMATICO_BAIXO_RISCO,Aprovacao Automatica: Risco dentro do apetite da seguradora.,0.0,False,10000.0,10000.0,0.0,0.0,M,,ALTISSIMA,0.0,0.0
CNPJ_002457,0.0,0.1102,4,APROVADO,RGR_R04_DECIL4_10_APROVADO,APROVADO_AUTOMATICO_BAIXO_RISCO,Aprovacao Automatica: Risco dentro do apetite da seguradora.,0.0,False,10000.0,10000.0,0.0,0.0,L,,ALTA,1.0,1.0
CNPJ_002458,0.0,0.0952,7,APROVADO,RGR_R04_DECIL4_10_APROVADO,APROVADO_AUTOMATICO_BAIXO_RISCO,Aprovacao Automatica: Risco dentro do apetite da seguradora.,0.0,False,10000.0,10000.0,0.0,0.0,C,D,MEDIA,0.0,0.0
CNPJ_002459,0.0,0.0984,6,APROVADO,RGR_R04_DECIL4_10_APROVADO,APROVADO_AUTOMATICO_BAIXO_RISCO,Aprovacao Automatica: Risco dentro do apetite da seguradora.,0.0,False,10000.0,10000.0,0.0,0.0,C,E,ALTA,0.0,0.0
CNPJ_002460,0.0,0.1159,3,ACEITO_COM_CONDICAO,RGR_R03_DECIL2_3_CONDICIONAL,ACEITE_CONDICIONAL_DECIL_INTERMEDIARIO,Aceite Condicional Decil Intermediario (+7.5% premio).,7.5,False,10000.0,10750.0,750.0,0.0,J,D,BAIXISSIMA,0.0,0.0
CNPJ_002461,0.0,0.1038,5,APROVADO,RGR_R04_DECIL4_10_APROVADO,APROVADO_AUTOMATICO_BAIXO_RISCO,Aprovacao Automatica: Risco dentro do apetite da seguradora.,0.0,False,10000.0,10000.0,0.0,0.0,G,E,ALTA,0.0,0.0
CNPJ_002462,0.0,0.1109,4,APROVADO,RGR_R04_DECIL4_10_APROVADO,APROVADO_AUTOMATICO_BAIXO_RISCO,Aprovacao Automatica: Risco dentro do apetite da seguradora.,0.0,False,10000.0,10000.0,0.0,0.0,G,C,BAIXISSIMA,0.0,0.0
CNPJ_002463,0.0,0.1165,3,ACEITO_COM_CONDICAO,RGR_R03_DECIL2_3_CONDICIONAL,ACEITE_CONDICIONAL_DECIL_INTERMEDIARIO,Aceite Condicional Decil Intermediario (+7.5% premio).,7.5,False,10000.0,10750.0,750.0,0.0,H,,ALTA,0.0,0.0
CNPJ_002464,0.0,0.1003,6,APROVADO,RGR_R04_DECIL4_10_APROVADO,APROVADO_AUTOMATICO_BAIXO_RISCO,Aprovacao Automatica: Risco dentro do apetite da seguradora.,0.0,False,10000.0,10000.0,0.0,0.0,N,C,ALTA,0.0,
CNPJ_002465,0.0,0.0945,7,APROVADO,RGR_R04_DECIL4_10_APROVADO,APROVADO_AUTOMATICO_BAIXO_RISCO,Aprovacao Automatica: Risco dentro do apetite da seguradora.,0.0,False,10000.0,10000.0,0.0,0.0,G,B,BAIXISSIMA,0.0,0.0
CNPJ_002466,0.0,0.0924,7,APROVADO,RGR_R04_DECIL4_10_APROVADO,APROVADO_AUTOMATICO_BAIXO_RISCO,Aprovacao Automatica: Risco dentro do apetite da seguradora.,0.0,False,10000.0,10000.0,0.0,0.0,C,D,MEDIA,0.0,0.0
CNPJ_002467,0.0,0.1167,3,ACEITO_COM_CONDICAO,RGR_R03_DECIL2_3_CONDICIONAL,ACEITE_CONDICIONAL_DECIL_INTERMEDIARIO,Aceite Condicional Decil Intermediario (+7.5% premio).,7.5,False,10000.0,10750.0,750.0,0.0,G,D,ALTA,1.0,0.0
CNPJ_002468,0.0,0.1038,5,APROVADO,RGR_R04_DECIL4_10_APROVADO,APROVADO_AUTOMATICO_BAIXO_RISCO,Aprovacao Automatica: Risco dentro do apetite da seguradora.,0.0,False,10000.0,10000.0,0.0,0.0,G,C,ALTA,2.0,0.0
CNPJ_002469,0.0,0.1043,5,APROVADO,RGR_R04_DECIL4_10_APROVADO,APROVADO_AUTOMATICO_BAIXO_RISCO,Aprovacao Automatica: Risco dentro do apetite da seguradora.,0.0,False,10000.0,10000.0,0.0,0.0,H,G,BAIXISSIMA,18.0,0.0
CNPJ_002470,0.0,0.1109,4,APROVADO,RGR_R04_DECIL4_10_APROVADO,APROVADO_AUTOMATICO_BAIXO_RISCO,Aprovacao Automatica: Risco dentro do apetite da seguradora.,0.0,False,10000.0,10000.0,0.0,0.0,F,C,BAIXISSIMA,0.0,0.0
CNPJ_002471,0.0,0.1276,2,ACEITO_COM_CONDICAO,RGR_R03_DECIL2_3_CONDICIONAL,ACEITE_CONDICIONAL_DECIL_INTERMEDIARIO,Aceite Condicional Decil Intermediario (+7.5% premio).,7.5,False,10000.0,10750.0,750.0,0.0,H,J,ALTA,15.0,0.0
CNPJ_002472,0.0,0.1005,6,APROVADO,RGR_R04_DECIL4_10_APROVADO,APROVADO_AUTOMATICO_BAIXO_RISCO,Aprovacao Automatica: Risco dentro do apetite da seguradora.,0.0,False,10000.0,10000.0,0.0,0.0,N,,ALTISSIMA,0.0,0.0
CNPJ_002473,0.0,0.1157,3,ACEITO_COM_CONDICAO,RGR_R03_DECIL2_3_CONDICIONAL,ACEITE_CONDICIONAL_DECIL_INTERMEDIARIO,Aceite Condicional Decil Intermediario (+7.5% premio).,7.5,False,10000.0,10750.0,750.0,0.0,G,,ALTA,0.0,0.0
CNPJ_002474,0.0,0.14,1,ACEITO_COM_CONDICAO,RGR_R01_DECIL1_RESGATE_COM_RASTREADOR,RECUPERACAO_COMERCIAL_D1,"Aceite Condicional Decil 1: Perfil de score alto risco, porem mitigado por baixo passivo judicial e geografia favoravel.",15.0,True,10000.0,11500.0,1500.0,0.0,H,D,BAIXISSIMA,0.0,0.0
CNPJ_002475,0.0,0.0942,7,APROVADO,RGR_R04_DECIL4_10_APROVADO,APROVADO_AUTOMATICO_BAIXO_RISCO,Aprovacao Automatica: Risco dentro do apetite da seguradora.,0.0,False,10000.0,10000.0,0.0,0.0,G,D,ALTISSIMA,3.0,0.0
CNPJ_002476,0.0,0.112,4,APROVADO,RGR_R04_DECIL4_10_APROVADO,APROVADO_AUTOMATICO_BAIXO_RISCO,Aprovacao Automatica: Risco dentro do apetite da seguradora.,0.0,False,10000.0,10000.0,0.0,0.0,K,,ALTISSIMA,0.0,0.0
CNPJ_002477,0.0,0.0981,6,APROVADO,RGR_R04_DECIL4_10_APROVADO,APROVADO_AUTOMATICO_BAIXO_RISCO,Aprovacao Automatica: Risco dentro do apetite da seguradora.,0.0,False,10000.0,10000.0,0.0,0.0,H,B,BAIXISSIMA,0.0,0.0
CNPJ_002478,0.0,0.0759,10,RECUSADO,RGR_K02_EXCESSO_PROCESSOS_JUDICIAIS,K02_JUDICIAL_EXTREMO,Recusa Sumaria: Elevado passivo judicial (> 100 processos como requerido).,0.0,False,10000.0,0.0,0.0,0.0,C,J,BAIXISSIMA,203.0,0.0
CNPJ_002479,0.0,0.107,5,APROVADO,RGR_R04_DECIL4_10_APROVADO,APROVADO_AUTOMATICO_BAIXO_RISCO,Aprovacao Automatica: Risco dentro do apetite da seguradora.,0.0,False,10000.0,10000.0,0.0,0.0,C,G,BAIXISSIMA,3.0,0.0
CNPJ_002480,0.0,0.078,9,APROVADO,RGR_R04_DECIL4_10_APROVADO,APROVADO_AUTOMATICO_BAIXO_RISCO,Aprovacao Automatica: Risco dentro do apetite da seguradora.,0.0,False,10000.0,10000.0,0.0,0.0,K,,ALTA,0.0,0.0
CNPJ_002481,0.0,0.1148,3,ACEITO_COM_CONDICAO,RGR_R03_DECIL2_3_CONDICIONAL,ACEITE_CONDICIONAL_DECIL_INTERMEDIARIO,Aceite Condicional Decil Intermediario (+7.5% premio).,7.5,False,10000.0,10750.0,750.0,0.0,C,J,ALTA,7.0,0.0
CNPJ_002482,0.0,0.0767,10,APROVADO,RGR_R04_DECIL4_10_APROVADO,APROVADO_AUTOMATICO_BAIXO_RISCO,Aprovacao Automatica: Risco dentro do apetite da seguradora.,0.0,False,10000.0,10000.0,0.0,0.0,C,J,ALTA,34.0,0.0
CNPJ_002483,0.0,0.1418,1,RECUSADO,RGR_R02_DECIL1_RECUSA_PADRAO,DECIL1_ALTO_RISCO_SEM_MITIGACAO,Recusa por Decil 1 de Risco sem criterios para resgate comercial.,0.0,False,10000.0,0.0,0.0,0.0,G,E,ALTA,0.0,0.0
CNPJ_002484,0.0,0.1229,2,ACEITO_COM_CONDICAO,RGR_R03_DECIL2_3_CONDICIONAL,ACEITE_CONDICIONAL_DECIL_INTERMEDIARIO,Aceite Condicional Decil Intermediario (+7.5% premio).,7.5,False,10000.0,10750.0,750.0,0.0,G,,MEDIA,0.0,1.0
CNPJ_002485,0.0,0.0949,7,APROVADO,RGR_R04_DECIL4_10_APROVADO,APROVADO_AUTOMATICO_BAIXO_RISCO,Aprovacao Automatica: Risco dentro do apetite da seguradora.,0.0,False,10000.0,10000.0,0.0,0.0,P,EMPRESA_ISENTA,MEDIA,0.0,0.0
CNPJ_002486,0.0,0.0764,10,APROVADO,RGR_R04_DECIL4_10_APROVADO,APROVADO_AUTOMATICO_BAIXO_RISCO,Aprovacao Automatica: Risco dentro do apetite da seguradora.,0.0,False,10000.0,10000.0,0.0,0.0,H,I,BAIXISSIMA,15.0,0.0
CNPJ_002487,0.0,0.2099,1,ACEITO_COM_CONDICAO,RGR_R01_DECIL1_RESGATE_COM_RASTREADOR,RECUPERACAO_COMERCIAL_D1,"Aceite Condicional Decil 1: Perfil de score alto risco, porem mitigado por baixo passivo judicial e geografia favoravel.",15.0,True,10000.0,11500.0,1500.0,0.0,G,D,BAIXISSIMA,0.0,0.0
CNPJ_002488,0.0,0.0899,8,APROVADO,RGR_R04_DECIL4_10_APROVADO,APROVADO_AUTOMATICO_BAIXO_RISCO,Aprovacao Automatica: Risco dentro do apetite da seguradora.,0.0,False,10000.0,10000.0,0.0,0.0,N,C,ALTISSIMA,2.0,0.0
CNPJ_002489,0.0,0.1245,2,ACEITO_COM_CONDICAO,RGR_R03_DECIL2_3_CONDICIONAL,ACEITE_CONDICIONAL_DECIL_INTERMEDIARIO,Aceite Condicional Decil Intermediario (+7.5% premio).,7.5,False,10000.0,10750.0,750.0,0.0,E,D,,1.0,0.0
CNPJ_002490,0.0,0.0628,10,APROVADO,RGR_R04_DECIL4_10_APROVADO,APROVADO_AUTOMATICO_BAIXO_RISCO,Aprovacao Automatica: Risco dentro do apetite da seguradora.,0.0,False,10000.0,10000.0,0.0,0.0,H,C,BAIXISSIMA,0.0,0.0
CNPJ_002491,0.0,0.1115,4,APROVADO,RGR_R04_DECIL4_10_APROVADO,APROVADO_AUTOMATICO_BAIXO_RISCO,Aprovacao Automatica: Risco dentro do apetite da seguradora.,0.0,False,10000.0,10000.0,0.0,0.0,A,E,BAIXISSIMA,0.0,0.0
CNPJ_002492,0.0,0.1188,3,ACEITO_COM_CONDICAO,RGR_R03_DECIL2_3_CONDICIONAL,ACEITE_CONDICIONAL_DECIL_INTERMEDIARIO,Aceite Condicional Decil Intermediario (+7.5% premio).,7.5,False,10000.0,10750.0,750.0,0.0,G,E,ALTA,0.0,0.0
CNPJ_002493,0.0,0.1242,2,RECUSADO,RGR_K02_EXCESSO_PROCESSOS_JUDICIAIS,K02_JUDICIAL_EXTREMO,Recusa Sumaria: Elevado passivo judicial (> 100 processos como requerido).,0.0,False,10000.0,0.0,0.0,0.0,G,J,ALTA,212.0,0.0
CNPJ_002494,0.0,0.0863,8,APROVADO,RGR_R04_DECIL4_10_APROVADO,APROVADO_AUTOMATICO_BAIXO_RISCO,Aprovacao Automatica: Risco dentro do apetite da seguradora.,0.0,False,10000.0,10000.0,0.0,0.0,N,C,ALTISSIMA,2.0,0.0
CNPJ_002495,0.0,0.1136,3,ACEITO_COM_CONDICAO,RGR_R03_DECIL2_3_CONDICIONAL,ACEITE_CONDICIONAL_DECIL_INTERMEDIARIO,Aceite Condicional Decil Intermediario (+7.5% premio).,7.5,False,10000.0,10750.0,750.0,0.0,G,D,ALTA,0.0,0.0
CNPJ_002496,0.0,0.0963,7,APROVADO,RGR_R04_DECIL4_10_APROVADO,APROVADO_AUTOMATICO_BAIXO_RISCO,Aprovacao Automatica: Risco dentro do apetite da seguradora.,0.0,False,10000.0,10000.0,0.0,0.0,K,I,BAIXISSIMA,29.0,0.0
CNPJ_002497,0.0,0.0844,9,APROVADO,RGR_R04_DECIL4_10_APROVADO,APROVADO_AUTOMATICO_BAIXO_RISCO,Aprovacao Automatica: Risco dentro do apetite da seguradora.,0.0,False,10000.0,10000.0,0.0,0.0,H,C,ALTISSIMA,0.0,0.0
CNPJ_002498,0.0,0.106,5,APROVADO,RGR_R04_DECIL4_10_APROVADO,APROVADO_AUTOMATICO_BAIXO_RISCO,Aprovacao Automatica: Risco dentro do apetite da seguradora.,0.0,False,10000.0,10000.0,0.0,0.0,J,E,ALTA,0.0,0.0
CNPJ_002499,0.0,0.0928,7,APROVADO,RGR_R04_DECIL4_10_APROVADO,APROVADO_AUTOMATICO_BAIXO_RISCO,Aprovacao Automatica: Risco dentro do apetite da seguradora.,0.0,False,10000.0,10000.0,0.0,0.0,M,G,MEDIA,9.0,0.0
CNPJ_002500,0.0,0.0709,10,APROVADO,RGR_R04_DECIL4_10_APROVADO,APROVADO_AUTOMATICO_BAIXO_RISCO,Aprovacao Automatica: Risco dentro do apetite da seguradora.,0.0,False,10000.0,10000.0,0.0,0.0,,,,,
CNPJ_002501,0.0,0.1044,5,APROVADO,RGR_R04_DECIL4_10_APROVADO,APROVADO_AUTOMATICO_BAIXO_RISCO,Aprovacao Automatica: Risco dentro do apetite da seguradora.,0.0,False,10000.0,10000.0,0.0,0.0,A,,BAIXISSIMA,0.0,0.0
CNPJ_002502,0.0,0.0806,9,APROVADO,RGR_R04_DECIL4_10_APROVADO,APROVADO_AUTOMATICO_BAIXO_RISCO,Aprovacao Automatica: Risco dentro do apetite da seguradora.,0.0,False,10000.0,10000.0,0.0,0.0,K,H,BAIXISSIMA,45.0,0.0
CNPJ_002503,0.0,0.0887,8,APROVADO,RGR_R04_DECIL4_10_APROVADO,APROVADO_AUTOMATICO_BAIXO_RISCO,Aprovacao Automatica: Risco dentro do apetite da seguradora.,0.0,False,10000.0,10000.0,0.0,0.0,N,D,ALTISSIMA,0.0,0.0
CNPJ_002504,0.0,0.1046,5,APROVADO,RGR_R04_DECIL4_10_APROVADO,APROVADO_AUTOMATICO_BAIXO_RISCO,Aprovacao Automatica: Risco dentro do apetite da seguradora.,0.0,False,10000.0,10000.0,0.0,0.0,N,C,BAIXISSIMA,0.0,0.0
CNPJ_002505,0.0,0.0665,10,RECUSADO,RGR_K02_EXCESSO_PROCESSOS_JUDICIAIS,K02_JUDICIAL_EXTREMO,Recusa Sumaria: Elevado passivo judicial (> 100 processos como requerido).,0.0,False,10000.0,0.0,0.0,0.0,F,J,ALTISSIMA,338.0,0.0
CNPJ_002506,0.0,0.1279,2,ACEITO_COM_CONDICAO,RGR_R03_DECIL2_3_CONDICIONAL,ACEITE_CONDICIONAL_DECIL_INTERMEDIARIO,Aceite Condicional Decil Intermediario (+7.5% premio).,7.5,False,10000.0,10750.0,750.0,0.0,C,I,,10.0,0.0
CNPJ_002507,0.0,0.0846,9,APROVADO,RGR_R04_DECIL4_10_APROVADO,APROVADO_AUTOMATICO_BAIXO_RISCO,Aprovacao Automatica: Risco dentro do apetite da seguradora.,0.0,False,10000.0,10000.0,0.0,0.0,G,,BAIXISSIMA,0.0,0.0
CNPJ_002508,0.0,0.072,10,APROVADO,RGR_R04_DECIL4_10_APROVADO,APROVADO_AUTOMATICO_BAIXO_RISCO,Aprovacao Automatica: Risco dentro do apetite da seguradora.,0.0,False,10000.0,10000.0,0.0,0.0,G,J,ALTA,45.0,0.0
CNPJ_002509,0.0,0.1026,5,APROVADO,RGR_R04_DECIL4_10_APROVADO,APROVADO_AUTOMATICO_BAIXO_RISCO,Aprovacao Automatica: Risco dentro do apetite da seguradora.,0.0,False,10000.0,10000.0,0.0,0.0,Q,B,BAIXISSIMA,0.0,0.0
CNPJ_002510,0.0,0.1051,5,APROVADO,RGR_R04_DECIL4_10_APROVADO,APROVADO_AUTOMATICO_BAIXO_RISCO,Aprovacao Automatica: Risco dentro do apetite da seguradora.,0.0,False,10000.0,10000.0,0.0,0.0,C,H,ALTA,3.0,0.0
CNPJ_002511,0.0,0.0563,10,RECUSADO,RGR_K02_EXCESSO_PROCESSOS_JUDICIAIS,K02_JUDICIAL_EXTREMO,Recusa Sumaria: Elevado passivo judicial (> 100 processos como requerido).,0.0,False,10000.0,0.0,0.0,0.0,C,J,BAIXISSIMA,561.0,0.0
CNPJ_002512,0.0,0.1032,5,APROVADO,RGR_R04_DECIL4_10_APROVADO,APROVADO_AUTOMATICO_BAIXO_RISCO,Aprovacao Automatica: Risco dentro do apetite da seguradora.,0.0,False,10000.0,10000.0,0.0,0.0,N,I,ALTA,78.0,1.0
CNPJ_002513,0.0,0.1163,3,ACEITO_COM_CONDICAO,RGR_R03_DECIL2_3_CONDICIONAL,ACEITE_CONDICIONAL_DECIL_INTERMEDIARIO,Aceite Condicional Decil Intermediario (+7.5% premio).,7.5,False,10000.0,10750.0,750.0,0.0,G,I,ALTA,3.0,0.0
CNPJ_002514,0.0,0.1157,3,ACEITO_COM_CONDICAO,RGR_R03_DECIL2_3_CONDICIONAL,ACEITE_CONDICIONAL_DECIL_INTERMEDIARIO,Aceite Condicional Decil Intermediario (+7.5% premio).,7.5,False,10000.0,10750.0,750.0,0.0,M,F,ALTA,0.0,0.0
CNPJ_002515,0.0,0.1041,5,APROVADO,RGR_R04_DECIL4_10_APROVADO,APROVADO_AUTOMATICO_BAIXO_RISCO,Aprovacao Automatica: Risco dentro do apetite da seguradora.,0.0,False,10000.0,10000.0,0.0,0.0,C,G,BAIXISSIMA,3.0,0.0
CNPJ_002516,0.0,0.1258,2,ACEITO_COM_CONDICAO,RGR_R03_DECIL2_3_CONDICIONAL,ACEITE_CONDICIONAL_DECIL_INTERMEDIARIO,Aceite Condicional Decil Intermediario (+7.5% premio).,7.5,False,10000.0,10750.0,750.0,0.0,F,J,ALTISSIMA,64.0,0.0
CNPJ_002517,0.0,0.0981,6,APROVADO,RGR_R04_DECIL4_10_APROVADO,APROVADO_AUTOMATICO_BAIXO_RISCO,Aprovacao Automatica: Risco dentro do apetite da seguradora.,0.0,False,10000.0,10000.0,0.0,0.0,N,,ALTA,0.0,0.0
CNPJ_002518,0.0,0.0932,7,APROVADO,RGR_R04_DECIL4_10_APROVADO,APROVADO_AUTOMATICO_BAIXO_RISCO,Aprovacao Automatica: Risco dentro do apetite da seguradora.,0.0,False,10000.0,10000.0,0.0,0.0,N,F,ALTA,2.0,0.0
CNPJ_002519,0.0,0.1288,2,ACEITO_COM_CONDICAO,RGR_R03_DECIL2_3_CONDICIONAL,ACEITE_CONDICIONAL_DECIL_INTERMEDIARIO,Aceite Condicional Decil Intermediario (+7.5% premio).,7.5,False,10000.0,10750.0,750.0,0.0,S,EMPRESA_ISENTA,BAIXISSIMA,0.0,0.0
CNPJ_002520,0.0,0.0766,10,APROVADO,RGR_R04_DECIL4_10_APROVADO,APROVADO_AUTOMATICO_BAIXO_RISCO,Aprovacao Automatica: Risco dentro do apetite da seguradora.,0.0,False,10000.0,10000.0,0.0,0.0,G,H,BAIXISSIMA,0.0,
CNPJ_002521,0.0,0.0674,10,APROVADO,RGR_R04_DECIL4_10_APROVADO,APROVADO_AUTOMATICO_BAIXO_RISCO,Aprovacao Automatica: Risco dentro do apetite da seguradora.,0.0,False,10000.0,10000.0,0.0,0.0,C,H,BAIXISSIMA,5.0,0.0
CNPJ_002522,0.0,0.0865,8,RECUSADO,RGR_K02_EXCESSO_PROCESSOS_JUDICIAIS,K02_JUDICIAL_EXTREMO,Recusa Sumaria: Elevado passivo judicial (> 100 processos como requerido).,0.0,False,10000.0,0.0,0.0,0.0,N,J,ALTA,106.0,
CNPJ_002523,0.0,0.0903,8,APROVADO,RGR_R04_DECIL4_10_APROVADO,APROVADO_AUTOMATICO_BAIXO_RISCO,Aprovacao Automatica: Risco dentro do apetite da seguradora.,0.0,False,10000.0,10000.0,0.0,0.0,G,C,ALTA,5.0,0.0
CNPJ_002524,0.0,0.1157,3,ACEITO_COM_CONDICAO,RGR_R03_DECIL2_3_CONDICIONAL,ACEITE_CONDICIONAL_DECIL_INTERMEDIARIO,Aceite Condicional Decil Intermediario (+7.5% premio).,7.5,False,10000.0,10750.0,750.0,0.0,G,D,BAIXISSIMA,2.0,0.0
CNPJ_002525,0.0,0.0706,10,RECUSADO,RGR_K02_EXCESSO_PROCESSOS_JUDICIAIS,K02_JUDICIAL_EXTREMO,Recusa Sumaria: Elevado passivo judicial (> 100 processos como requerido).,0.0,False,10000.0,0.0,0.0,0.0,F,J,MEDIA,196.0,1.0
CNPJ_002526,0.0,0.1027,5,APROVADO,RGR_R04_DECIL4_10_APROVADO,APROVADO_AUTOMATICO_BAIXO_RISCO,Aprovacao Automatica: Risco dentro do apetite da seguradora.,0.0,False,10000.0,10000.0,0.0,0.0,N,,ALTA,0.0,
CNPJ_002527,0.0,0.1032,5,APROVADO,RGR_R04_DECIL4_10_APROVADO,APROVADO_AUTOMATICO_BAIXO_RISCO,Aprovacao Automatica: Risco dentro do apetite da seguradora.,0.0,False,10000.0,10000.0,0.0,0.0,N,A,ALTA,0.0,0.0
CNPJ_002528,0.0,0.0993,6,APROVADO,RGR_R04_DECIL4_10_APROVADO,APROVADO_AUTOMATICO_BAIXO_RISCO,Aprovacao Automatica: Risco dentro do apetite da seguradora.,0.0,False,10000.0,10000.0,0.0,0.0,Q,EMPRESA_ISENTA,ALTA,0.0,
CNPJ_002529,0.0,0.0884,8,APROVADO,RGR_R04_DECIL4_10_APROVADO,APROVADO_AUTOMATICO_BAIXO_RISCO,Aprovacao Automatica: Risco dentro do apetite da seguradora.,0.0,False,10000.0,10000.0,0.0,0.0,N,G,ALTISSIMA,13.0,0.0
CNPJ_002530,0.0,0.0962,7,APROVADO,RGR_R04_DECIL4_10_APROVADO,APROVADO_AUTOMATICO_BAIXO_RISCO,Aprovacao Automatica: Risco dentro do apetite da seguradora.,0.0,False,10000.0,10000.0,0.0,0.0,C,G,BAIXISSIMA,2.0,0.0
CNPJ_002531,0.0,0.1145,3,RECUSADO,RGR_K01_RISCO_LIDERANCA_AREA_CRITICA,K01_LIDERANCA_AREA_CRITICA,Recusa Sumaria: Risco de lideranca detectado em area de concentracao altissima de sinistro.,0.0,False,10000.0,0.0,0.0,0.0,Q,EMPRESA_ISENTA,ALTISSIMA,0.0,1.0
CNPJ_002532,0.0,0.102,6,RECUSADO,RGR_K02_EXCESSO_PROCESSOS_JUDICIAIS,K02_JUDICIAL_EXTREMO,Recusa Sumaria: Elevado passivo judicial (> 100 processos como requerido).,0.0,False,10000.0,0.0,0.0,0.0,C,J,BAIXISSIMA,139.0,1.0
CNPJ_002533,0.0,0.1137,3,ACEITO_COM_CONDICAO,RGR_R03_DECIL2_3_CONDICIONAL,ACEITE_CONDICIONAL_DECIL_INTERMEDIARIO,Aceite Condicional Decil Intermediario (+7.5% premio).,7.5,False,10000.0,10750.0,750.0,0.0,C,,BAIXISSIMA,0.0,0.0
CNPJ_002534,0.0,0.0953,7,RECUSADO,RGR_K02_EXCESSO_PROCESSOS_JUDICIAIS,K02_JUDICIAL_EXTREMO,Recusa Sumaria: Elevado passivo judicial (> 100 processos como requerido).,0.0,False,10000.0,0.0,0.0,0.0,N,J,ALTISSIMA,510.0,0.0
CNPJ_002535,0.0,0.0721,10,APROVADO,RGR_R04_DECIL4_10_APROVADO,APROVADO_AUTOMATICO_BAIXO_RISCO,Aprovacao Automatica: Risco dentro do apetite da seguradora.,0.0,False,10000.0,10000.0,0.0,0.0,G,H,ALTA,0.0,0.0
CNPJ_002536,0.0,0.1234,2,ACEITO_COM_CONDICAO,RGR_R03_DECIL2_3_CONDICIONAL,ACEITE_CONDICIONAL_DECIL_INTERMEDIARIO,Aceite Condicional Decil Intermediario (+7.5% premio).,7.5,False,10000.0,10750.0,750.0,0.0,K,B,ALTA,0.0,0.0
CNPJ_002537,0.0,0.1225,2,ACEITO_COM_CONDICAO,RGR_R03_DECIL2_3_CONDICIONAL,ACEITE_CONDICIONAL_DECIL_INTERMEDIARIO,Aceite Condicional Decil Intermediario (+7.5% premio).,7.5,False,10000.0,10750.0,750.0,0.0,G,C,ALTA,0.0,0.0
CNPJ_002538,0.0,0.1357,2,RECUSADO,RGR_K02_EXCESSO_PROCESSOS_JUDICIAIS,K02_JUDICIAL_EXTREMO,Recusa Sumaria: Elevado passivo judicial (> 100 processos como requerido).,0.0,False,10000.0,0.0,0.0,0.0,G,J,BAIXISSIMA,212.0,0.0
CNPJ_002539,0.0,0.1183,3,ACEITO_COM_CONDICAO,RGR_R03_DECIL2_3_CONDICIONAL,ACEITE_CONDICIONAL_DECIL_INTERMEDIARIO,Aceite Condicional Decil Intermediario (+7.5% premio).,7.5,False,10000.0,10750.0,750.0,0.0,G,,ALTA,0.0,0.0
CNPJ_002540,0.0,0.0779,9,APROVADO,RGR_R04_DECIL4_10_APROVADO,APROVADO_AUTOMATICO_BAIXO_RISCO,Aprovacao Automatica: Risco dentro do apetite da seguradora.,0.0,False,10000.0,10000.0,0.0,0.0,N,F,ALTISSIMA,17.0,0.0
CNPJ_002541,0.0,0.094,7,APROVADO,RGR_R04_DECIL4_10_APROVADO,APROVADO_AUTOMATICO_BAIXO_RISCO,Aprovacao Automatica: Risco dentro do apetite da seguradora.,0.0,False,10000.0,10000.0,0.0,0.0,C,,ALTISSIMA,0.0,0.0
CNPJ_002542,0.0,0.1424,1,RECUSADO,RGR_K01_RISCO_LIDERANCA_AREA_CRITICA,K01_LIDERANCA_AREA_CRITICA,Recusa Sumaria: Risco de lideranca detectado em area de concentracao altissima de sinistro.,0.0,False,10000.0,0.0,0.0,0.0,C,J,ALTISSIMA,17.0,1.0
CNPJ_002543,0.0,0.0899,8,APROVADO,RGR_R04_DECIL4_10_APROVADO,APROVADO_AUTOMATICO_BAIXO_RISCO,Aprovacao Automatica: Risco dentro do apetite da seguradora.,0.0,False,10000.0,10000.0,0.0,0.0,K,C,ALTA,0.0,0.0
CNPJ_002544,0.0,0.1239,2,ACEITO_COM_CONDICAO,RGR_R03_DECIL2_3_CONDICIONAL,ACEITE_CONDICIONAL_DECIL_INTERMEDIARIO,Aceite Condicional Decil Intermediario (+7.5% premio).,7.5,False,10000.0,10750.0,750.0,0.0,C,B,ALTISSIMA,0.0,0.0
CNPJ_002545,0.0,0.1141,3,ACEITO_COM_CONDICAO,RGR_R03_DECIL2_3_CONDICIONAL,ACEITE_CONDICIONAL_DECIL_INTERMEDIARIO,Aceite Condicional Decil Intermediario (+7.5% premio).,7.5,False,10000.0,10750.0,750.0,0.0,G,E,ALTA,1.0,0.0
CNPJ_002546,0.0,0.1063,5,APROVADO,RGR_R04_DECIL4_10_APROVADO,APROVADO_AUTOMATICO_BAIXO_RISCO,Aprovacao Automatica: Risco dentro do apetite da seguradora.,0.0,False,10000.0,10000.0,0.0,0.0,G,E,MEDIA,0.0,0.0
CNPJ_002547,0.0,0.1216,2,ACEITO_COM_CONDICAO,RGR_R03_DECIL2_3_CONDICIONAL,ACEITE_CONDICIONAL_DECIL_INTERMEDIARIO,Aceite Condicional Decil Intermediario (+7.5% premio).,7.5,False,10000.0,10750.0,750.0,0.0,G,F,ALTA,2.0,0.0
CNPJ_002548,0.0,0.099,6,APROVADO,RGR_R04_DECIL4_10_APROVADO,APROVADO_AUTOMATICO_BAIXO_RISCO,Aprovacao Automatica: Risco dentro do apetite da seguradora.,0.0,False,10000.0,10000.0,0.0,0.0,G,,BAIXISSIMA,0.0,0.0
CNPJ_002549,0.0,0.0812,9,APROVADO,RGR_R04_DECIL4_10_APROVADO,APROVADO_AUTOMATICO_BAIXO_RISCO,Aprovacao Automatica: Risco dentro do apetite da seguradora.,0.0,False,10000.0,10000.0,0.0,0.0,C,J,BAIXISSIMA,26.0,0.0
CNPJ_002550,0.0,0.1156,3,ACEITO_COM_CONDICAO,RGR_R03_DECIL2_3_CONDICIONAL,ACEITE_CONDICIONAL_DECIL_INTERMEDIARIO,Aceite Condicional Decil Intermediario (+7.5% premio).,7.5,False,10000.0,10750.0,750.0,0.0,J,B,ALTA,0.0,0.0
CNPJ_002551,0.0,0.0996,6,APROVADO,RGR_R04_DECIL4_10_APROVADO,APROVADO_AUTOMATICO_BAIXO_RISCO,Aprovacao Automatica: Risco dentro do apetite da seguradora.,0.0,False,10000.0,10000.0,0.0,0.0,G,G,MEDIA,0.0,0.0
CNPJ_002552,0.0,0.1155,3,ACEITO_COM_CONDICAO,RGR_R03_DECIL2_3_CONDICIONAL,ACEITE_CONDICIONAL_DECIL_INTERMEDIARIO,Aceite Condicional Decil Intermediario (+7.5% premio).,7.5,False,10000.0,10750.0,750.0,0.0,G,,BAIXISSIMA,0.0,0.0
CNPJ_002553,0.0,0.1157,3,ACEITO_COM_CONDICAO,RGR_R03_DECIL2_3_CONDICIONAL,ACEITE_CONDICIONAL_DECIL_INTERMEDIARIO,Aceite Condicional Decil Intermediario (+7.5% premio).,7.5,False,10000.0,10750.0,750.0,0.0,C,G,ALTA,1.0,0.0
CNPJ_002554,0.0,0.0902,8,APROVADO,RGR_R04_DECIL4_10_APROVADO,APROVADO_AUTOMATICO_BAIXO_RISCO,Aprovacao Automatica: Risco dentro do apetite da seguradora.,0.0,False,10000.0,10000.0,0.0,0.0,N,,ALTISSIMA,2.0,0.0
CNPJ_002555,0.0,0.118,3,ACEITO_COM_CONDICAO,RGR_R03_DECIL2_3_CONDICIONAL,ACEITE_CONDICIONAL_DECIL_INTERMEDIARIO,Aceite Condicional Decil Intermediario (+7.5% premio).,7.5,False,10000.0,10750.0,750.0,0.0,F,F,ALTA,1.0,0.0
CNPJ_002556,0.0,0.121,2,ACEITO_COM_CONDICAO,RGR_R03_DECIL2_3_CONDICIONAL,ACEITE_CONDICIONAL_DECIL_INTERMEDIARIO,Aceite Condicional Decil Intermediario (+7.5% premio).,7.5,False,10000.0,10750.0,750.0,0.0,G,D,ALTISSIMA,1.0,0.0
CNPJ_002557,0.0,0.0839,9,APROVADO,RGR_R04_DECIL4_10_APROVADO,APROVADO_AUTOMATICO_BAIXO_RISCO,Aprovacao Automatica: Risco dentro do apetite da seguradora.,0.0,False,10000.0,10000.0,0.0,0.0,G,D,BAIXISSIMA,0.0,0.0
CNPJ_002558,0.0,0.1314,2,ACEITO_COM_CONDICAO,RGR_R03_DECIL2_3_CONDICIONAL,ACEITE_CONDICIONAL_DECIL_INTERMEDIARIO,Aceite Condicional Decil Intermediario (+7.5% premio).,7.5,False,10000.0,10750.0,750.0,0.0,C,H,ALTA,13.0,1.0
CNPJ_002559,0.0,0.0789,9,APROVADO,RGR_R04_DECIL4_10_APROVADO,APROVADO_AUTOMATICO_BAIXO_RISCO,Aprovacao Automatica: Risco dentro do apetite da seguradora.,0.0,False,10000.0,10000.0,0.0,0.0,C,I,ALTA,2.0,0.0
CNPJ_002560,0.0,0.0812,9,APROVADO,RGR_R04_DECIL4_10_APROVADO,APROVADO_AUTOMATICO_BAIXO_RISCO,Aprovacao Automatica: Risco dentro do apetite da seguradora.,0.0,False,10000.0,10000.0,0.0,0.0,C,J,BAIXISSIMA,45.0,1.0
CNPJ_002561,0.0,0.1031,5,APROVADO,RGR_R04_DECIL4_10_APROVADO,APROVADO_AUTOMATICO_BAIXO_RISCO,Aprovacao Automatica: Risco dentro do apetite da seguradora.,0.0,False,10000.0,10000.0,0.0,0.0,G,D,ALTISSIMA,0.0,0.0
CNPJ_002562,0.0,0.0915,8,APROVADO,RGR_R04_DECIL4_10_APROVADO,APROVADO_AUTOMATICO_BAIXO_RISCO,Aprovacao Automatica: Risco dentro do apetite da seguradora.,0.0,False,10000.0,10000.0,0.0,0.0,N,J,ALTISSIMA,3.0,0.0
CNPJ_002563,0.0,0.1056,5,APROVADO,RGR_R04_DECIL4_10_APROVADO,APROVADO_AUTOMATICO_BAIXO_RISCO,Aprovacao Automatica: Risco dentro do apetite da seguradora.,0.0,False,10000.0,10000.0,0.0,0.0,G,A,ALTA,1.0,
CNPJ_002564,0.0,0.0948,7,APROVADO,RGR_R04_DECIL4_10_APROVADO,APROVADO_AUTOMATICO_BAIXO_RISCO,Aprovacao Automatica: Risco dentro do apetite da seguradora.,0.0,False,10000.0,10000.0,0.0,0.0,N,E,ALTISSIMA,9.0,0.0
CNPJ_002565,0.0,0.103,5,APROVADO,RGR_R04_DECIL4_10_APROVADO,APROVADO_AUTOMATICO_BAIXO_RISCO,Aprovacao Automatica: Risco dentro do apetite da seguradora.,0.0,False,10000.0,10000.0,0.0,0.0,M,A,ALTA,0.0,0.0
CNPJ_002566,0.0,0.0747,10,RECUSADO,RGR_K01_RISCO_LIDERANCA_AREA_CRITICA,K01_LIDERANCA_AREA_CRITICA,Recusa Sumaria: Risco de lideranca detectado em area de concentracao altissima de sinistro.,0.0,False,10000.0,0.0,0.0,0.0,G,J,ALTISSIMA,2823.0,1.0
CNPJ_002567,0.0,0.1079,4,APROVADO,RGR_R04_DECIL4_10_APROVADO,APROVADO_AUTOMATICO_BAIXO_RISCO,Aprovacao Automatica: Risco dentro do apetite da seguradora.,0.0,False,10000.0,10000.0,0.0,0.0,N,,ALTA,1.0,0.0
CNPJ_002568,0.0,0.0736,10,APROVADO,RGR_R04_DECIL4_10_APROVADO,APROVADO_AUTOMATICO_BAIXO_RISCO,Aprovacao Automatica: Risco dentro do apetite da seguradora.,0.0,False,10000.0,10000.0,0.0,0.0,F,F,ALTA,4.0,0.0
CNPJ_002569,0.0,0.1097,4,APROVADO,RGR_R04_DECIL4_10_APROVADO,APROVADO_AUTOMATICO_BAIXO_RISCO,Aprovacao Automatica: Risco dentro do apetite da seguradora.,0.0,False,10000.0,10000.0,0.0,0.0,G,F,ALTA,1.0,0.0
CNPJ_002570,0.0,0.1836,1,RECUSADO,RGR_R02_DECIL1_RECUSA_PADRAO,DECIL1_ALTO_RISCO_SEM_MITIGACAO,Recusa por Decil 1 de Risco sem criterios para resgate comercial.,0.0,False,10000.0,0.0,0.0,0.0,G,A,ALTA,0.0,0.0
CNPJ_002571,0.0,0.1113,4,APROVADO,RGR_R04_DECIL4_10_APROVADO,APROVADO_AUTOMATICO_BAIXO_RISCO,Aprovacao Automatica: Risco dentro do apetite da seguradora.,0.0,False,10000.0,10000.0,0.0,0.0,C,G,BAIXISSIMA,0.0,0.0
CNPJ_002572,0.0,0.1129,4,APROVADO,RGR_R04_DECIL4_10_APROVADO,APROVADO_AUTOMATICO_BAIXO_RISCO,Aprovacao Automatica: Risco dentro do apetite da seguradora.,0.0,False,10000.0,10000.0,0.0,0.0,Q,G,MEDIA,2.0,0.0
CNPJ_002573,0.0,0.1106,4,APROVADO,RGR_R04_DECIL4_10_APROVADO,APROVADO_AUTOMATICO_BAIXO_RISCO,Aprovacao Automatica: Risco dentro do apetite da seguradora.,0.0,False,10000.0,10000.0,0.0,0.0,N,C,ALTA,0.0,0.0
CNPJ_002574,0.0,0.1182,3,ACEITO_COM_CONDICAO,RGR_R03_DECIL2_3_CONDICIONAL,ACEITE_CONDICIONAL_DECIL_INTERMEDIARIO,Aceite Condicional Decil Intermediario (+7.5% premio).,7.5,False,10000.0,10750.0,750.0,0.0,N,,ALTA,0.0,0.0
CNPJ_002575,0.0,0.1037,5,APROVADO,RGR_R04_DECIL4_10_APROVADO,APROVADO_AUTOMATICO_BAIXO_RISCO,Aprovacao Automatica: Risco dentro do apetite da seguradora.,0.0,False,10000.0,10000.0,0.0,0.0,C,,BAIXISSIMA,1.0,0.0
CNPJ_002576,0.0,0.1113,4,APROVADO,RGR_R04_DECIL4_10_APROVADO,APROVADO_AUTOMATICO_BAIXO_RISCO,Aprovacao Automatica: Risco dentro do apetite da seguradora.,0.0,False,10000.0,10000.0,0.0,0.0,K,C,ALTA,0.0,0.0
CNPJ_002577,0.0,0.1386,2,ACEITO_COM_CONDICAO,RGR_R03_DECIL2_3_CONDICIONAL,ACEITE_CONDICIONAL_DECIL_INTERMEDIARIO,Aceite Condicional Decil Intermediario (+7.5% premio).,7.5,False,10000.0,10750.0,750.0,0.0,G,H,ALTA,3.0,0.0
CNPJ_002578,0.0,0.0936,7,APROVADO,RGR_R04_DECIL4_10_APROVADO,APROVADO_AUTOMATICO_BAIXO_RISCO,Aprovacao Automatica: Risco dentro do apetite da seguradora.,0.0,False,10000.0,10000.0,0.0,0.0,F,G,BAIXISSIMA,2.0,0.0
CNPJ_002579,0.0,0.1079,4,APROVADO,RGR_R04_DECIL4_10_APROVADO,APROVADO_AUTOMATICO_BAIXO_RISCO,Aprovacao Automatica: Risco dentro do apetite da seguradora.,0.0,False,10000.0,10000.0,0.0,0.0,N,D,ALTA,3.0,1.0
CNPJ_002580,0.0,0.1102,4,APROVADO,RGR_R04_DECIL4_10_APROVADO,APROVADO_AUTOMATICO_BAIXO_RISCO,Aprovacao Automatica: Risco dentro do apetite da seguradora.,0.0,False,10000.0,10000.0,0.0,0.0,S,EMPRESA_ISENTA,BAIXISSIMA,0.0,0.0
CNPJ_002581,0.0,0.1018,6,RECUSADO,RGR_K01_RISCO_LIDERANCA_AREA_CRITICA,K01_LIDERANCA_AREA_CRITICA,Recusa Sumaria: Risco de lideranca detectado em area de concentracao altissima de sinistro.,0.0,False,10000.0,0.0,0.0,0.0,H,C,ALTISSIMA,0.0,1.0
CNPJ_002582,0.0,0.112,4,APROVADO,RGR_R04_DECIL4_10_APROVADO,APROVADO_AUTOMATICO_BAIXO_RISCO,Aprovacao Automatica: Risco dentro do apetite da seguradora.,0.0,False,10000.0,10000.0,0.0,0.0,F,,ALTISSIMA,0.0,0.0
CNPJ_002583,0.0,0.1031,5,APROVADO,RGR_R04_DECIL4_10_APROVADO,APROVADO_AUTOMATICO_BAIXO_RISCO,Aprovacao Automatica: Risco dentro do apetite da seguradora.,0.0,False,10000.0,10000.0,0.0,0.0,G,F,MEDIA,0.0,1.0
CNPJ_002584,0.0,0.1023,5,APROVADO,RGR_R04_DECIL4_10_APROVADO,APROVADO_AUTOMATICO_BAIXO_RISCO,Aprovacao Automatica: Risco dentro do apetite da seguradora.,0.0,False,10000.0,10000.0,0.0,0.0,G,A,ALTA,0.0,0.0
CNPJ_002585,0.0,0.1115,4,APROVADO,RGR_R04_DECIL4_10_APROVADO,APROVADO_AUTOMATICO_BAIXO_RISCO,Aprovacao Automatica: Risco dentro do apetite da seguradora.,0.0,False,10000.0,10000.0,0.0,0.0,G,I,BAIXISSIMA,55.0,0.0
CNPJ_002586,0.0,0.1144,3,ACEITO_COM_CONDICAO,RGR_R03_DECIL2_3_CONDICIONAL,ACEITE_CONDICIONAL_DECIL_INTERMEDIARIO,Aceite Condicional Decil Intermediario (+7.5% premio).,7.5,False,10000.0,10750.0,750.0,0.0,G,,ALTISSIMA,0.0,0.0
CNPJ_002587,0.0,0.1047,5,APROVADO,RGR_R04_DECIL4_10_APROVADO,APROVADO_AUTOMATICO_BAIXO_RISCO,Aprovacao Automatica: Risco dentro do apetite da seguradora.,0.0,False,10000.0,10000.0,0.0,0.0,F,H,ALTA,3.0,0.0
CNPJ_002588,0.0,0.1329,2,RECUSADO,RGR_K02_EXCESSO_PROCESSOS_JUDICIAIS,K02_JUDICIAL_EXTREMO,Recusa Sumaria: Elevado passivo judicial (> 100 processos como requerido).,0.0,False,10000.0,0.0,0.0,0.0,C,J,ALTA,382.0,0.0
CNPJ_002589,0.0,0.0879,8,APROVADO,RGR_R04_DECIL4_10_APROVADO,APROVADO_AUTOMATICO_BAIXO_RISCO,Aprovacao Automatica: Risco dentro do apetite da seguradora.,0.0,False,10000.0,10000.0,0.0,0.0,G,F,ALTA,0.0,0.0
CNPJ_002590,0.0,0.1099,4,APROVADO,RGR_R04_DECIL4_10_APROVADO,APROVADO_AUTOMATICO_BAIXO_RISCO,Aprovacao Automatica: Risco dentro do apetite da seguradora.,0.0,False,10000.0,10000.0,0.0,0.0,N,C,ALTA,0.0,0.0
CNPJ_002591,0.0,0.0776,9,APROVADO,RGR_R04_DECIL4_10_APROVADO,APROVADO_AUTOMATICO_BAIXO_RISCO,Aprovacao Automatica: Risco dentro do apetite da seguradora.,0.0,False,10000.0,10000.0,0.0,0.0,F,I,ALTISSIMA,28.0,0.0
CNPJ_002592,0.0,0.1041,5,APROVADO,RGR_R04_DECIL4_10_APROVADO,APROVADO_AUTOMATICO_BAIXO_RISCO,Aprovacao Automatica: Risco dentro do apetite da seguradora.,0.0,False,10000.0,10000.0,0.0,0.0,Q,G,ALTISSIMA,3.0,0.0
CNPJ_002593,0.0,0.1076,4,APROVADO,RGR_R04_DECIL4_10_APROVADO,APROVADO_AUTOMATICO_BAIXO_RISCO,Aprovacao Automatica: Risco dentro do apetite da seguradora.,0.0,False,10000.0,10000.0,0.0,0.0,C,E,ALTA,0.0,0.0
CNPJ_002594,0.0,0.0688,10,RECUSADO,RGR_K02_EXCESSO_PROCESSOS_JUDICIAIS,K02_JUDICIAL_EXTREMO,Recusa Sumaria: Elevado passivo judicial (> 100 processos como requerido).,0.0,False,10000.0,0.0,0.0,0.0,C,J,ALTA,126.0,0.0
CNPJ_002595,0.0,0.1146,3,ACEITO_COM_CONDICAO,RGR_R03_DECIL2_3_CONDICIONAL,ACEITE_CONDICIONAL_DECIL_INTERMEDIARIO,Aceite Condicional Decil Intermediario (+7.5% premio).,7.5,False,10000.0,10750.0,750.0,0.0,H,B,ALTA,0.0,0.0
CNPJ_002596,0.0,0.1048,5,APROVADO,RGR_R04_DECIL4_10_APROVADO,APROVADO_AUTOMATICO_BAIXO_RISCO,Aprovacao Automatica: Risco dentro do apetite da seguradora.,0.0,False,10000.0,10000.0,0.0,0.0,G,E,MEDIA,0.0,0.0
CNPJ_002597,0.0,0.0987,6,APROVADO,RGR_R04_DECIL4_10_APROVADO,APROVADO_AUTOMATICO_BAIXO_RISCO,Aprovacao Automatica: Risco dentro do apetite da seguradora.,0.0,False,10000.0,10000.0,0.0,0.0,M,G,BAIXISSIMA,0.0,0.0
CNPJ_002598,0.0,0.0947,7,APROVADO,RGR_R04_DECIL4_10_APROVADO,APROVADO_AUTOMATICO_BAIXO_RISCO,Aprovacao Automatica: Risco dentro do apetite da seguradora.,0.0,False,10000.0,10000.0,0.0,0.0,G,F,ALTA,0.0,0.0
CNPJ_002599,0.0,0.1022,6,APROVADO,RGR_R04_DECIL4_10_APROVADO,APROVADO_AUTOMATICO_BAIXO_RISCO,Aprovacao Automatica: Risco dentro do apetite da seguradora.,0.0,False,10000.0,10000.0,0.0,0.0,C,C,BAIXISSIMA,0.0,0.0
CNPJ_002600,0.0,0.1137,3,ACEITO_COM_CONDICAO,RGR_R03_DECIL2_3_CONDICIONAL,ACEITE_CONDICIONAL_DECIL_INTERMEDIARIO,Aceite Condicional Decil Intermediario (+7.5% premio).,7.5,False,10000.0,10750.0,750.0,0.0,G,D,BAIXISSIMA,2.0,0.0
CNPJ_002601,0.0,0.0889,8,APROVADO,RGR_R04_DECIL4_10_APROVADO,APROVADO_AUTOMATICO_BAIXO_RISCO,Aprovacao Automatica: Risco dentro do apetite da seguradora.,0.0,False,10000.0,10000.0,0.0,0.0,E,H,ALTA,5.0,0.0
CNPJ_002602,0.0,0.0827,9,APROVADO,RGR_R04_DECIL4_10_APROVADO,APROVADO_AUTOMATICO_BAIXO_RISCO,Aprovacao Automatica: Risco dentro do apetite da seguradora.,0.0,False,10000.0,10000.0,0.0,0.0,F,F,BAIXISSIMA,0.0,0.0
CNPJ_002603,0.0,0.1103,4,APROVADO,RGR_R04_DECIL4_10_APROVADO,APROVADO_AUTOMATICO_BAIXO_RISCO,Aprovacao Automatica: Risco dentro do apetite da seguradora.,0.0,False,10000.0,10000.0,0.0,0.0,C,,ALTA,0.0,0.0
CNPJ_002604,0.0,0.0709,10,APROVADO,RGR_R04_DECIL4_10_APROVADO,APROVADO_AUTOMATICO_BAIXO_RISCO,Aprovacao Automatica: Risco dentro do apetite da seguradora.,0.0,False,10000.0,10000.0,0.0,0.0,,,,,
CNPJ_002605,0.0,0.1132,4,APROVADO,RGR_R04_DECIL4_10_APROVADO,APROVADO_AUTOMATICO_BAIXO_RISCO,Aprovacao Automatica: Risco dentro do apetite da seguradora.,0.0,False,10000.0,10000.0,0.0,0.0,G,E,BAIXISSIMA,0.0,0.0
CNPJ_002606,0.0,0.1145,3,ACEITO_COM_CONDICAO,RGR_R03_DECIL2_3_CONDICIONAL,ACEITE_CONDICIONAL_DECIL_INTERMEDIARIO,Aceite Condicional Decil Intermediario (+7.5% premio).,7.5,False,10000.0,10750.0,750.0,0.0,S,EMPRESA_ISENTA,BAIXISSIMA,0.0,
CNPJ_002607,0.0,0.103,5,APROVADO,RGR_R04_DECIL4_10_APROVADO,APROVADO_AUTOMATICO_BAIXO_RISCO,Aprovacao Automatica: Risco dentro do apetite da seguradora.,0.0,False,10000.0,10000.0,0.0,0.0,G,A,BAIXISSIMA,0.0,1.0
CNPJ_002608,0.0,0.1188,3,ACEITO_COM_CONDICAO,RGR_R03_DECIL2_3_CONDICIONAL,ACEITE_CONDICIONAL_DECIL_INTERMEDIARIO,Aceite Condicional Decil Intermediario (+7.5% premio).,7.5,False,10000.0,10750.0,750.0,0.0,N,,ALTA,0.0,0.0
CNPJ_002609,0.0,0.0959,7,APROVADO,RGR_R04_DECIL4_10_APROVADO,APROVADO_AUTOMATICO_BAIXO_RISCO,Aprovacao Automatica: Risco dentro do apetite da seguradora.,0.0,False,10000.0,10000.0,0.0,0.0,M,G,ALTISSIMA,4.0,0.0
CNPJ_002610,0.0,0.1198,3,ACEITO_COM_CONDICAO,RGR_R03_DECIL2_3_CONDICIONAL,ACEITE_CONDICIONAL_DECIL_INTERMEDIARIO,Aceite Condicional Decil Intermediario (+7.5% premio).,7.5,False,10000.0,10750.0,750.0,0.0,M,E,BAIXISSIMA,0.0,0.0
CNPJ_002611,0.0,0.0971,7,APROVADO,RGR_R04_DECIL4_10_APROVADO,APROVADO_AUTOMATICO_BAIXO_RISCO,Aprovacao Automatica: Risco dentro do apetite da seguradora.,0.0,False,10000.0,10000.0,0.0,0.0,G,D,BAIXISSIMA,1.0,0.0
CNPJ_002612,0.0,0.1044,5,APROVADO,RGR_R04_DECIL4_10_APROVADO,APROVADO_AUTOMATICO_BAIXO_RISCO,Aprovacao Automatica: Risco dentro do apetite da seguradora.,0.0,False,10000.0,10000.0,0.0,0.0,H,D,ALTISSIMA,30.0,0.0
CNPJ_002613,0.0,0.1033,5,APROVADO,RGR_R04_DECIL4_10_APROVADO,APROVADO_AUTOMATICO_BAIXO_RISCO,Aprovacao Automatica: Risco dentro do apetite da seguradora.,0.0,False,10000.0,10000.0,0.0,0.0,G,B,ALTISSIMA,0.0,0.0
CNPJ_002614,0.0,0.1117,4,APROVADO,RGR_R04_DECIL4_10_APROVADO,APROVADO_AUTOMATICO_BAIXO_RISCO,Aprovacao Automatica: Risco dentro do apetite da seguradora.,0.0,False,10000.0,10000.0,0.0,0.0,C,J,BAIXISSIMA,9.0,0.0
CNPJ_002615,0.0,0.0936,7,APROVADO,RGR_R04_DECIL4_10_APROVADO,APROVADO_AUTOMATICO_BAIXO_RISCO,Aprovacao Automatica: Risco dentro do apetite da seguradora.,0.0,False,10000.0,10000.0,0.0,0.0,C,D,BAIXISSIMA,0.0,0.0
CNPJ_002616,0.0,0.0873,8,APROVADO,RGR_R04_DECIL4_10_APROVADO,APROVADO_AUTOMATICO_BAIXO_RISCO,Aprovacao Automatica: Risco dentro do apetite da seguradora.,0.0,False,10000.0,10000.0,0.0,0.0,G,B,BAIXISSIMA,0.0,0.0
CNPJ_002617,0.0,0.1102,4,APROVADO,RGR_R04_DECIL4_10_APROVADO,APROVADO_AUTOMATICO_BAIXO_RISCO,Aprovacao Automatica: Risco dentro do apetite da seguradora.,0.0,False,10000.0,10000.0,0.0,0.0,C,D,BAIXISSIMA,0.0,0.0
CNPJ_002618,0.0,0.1044,5,APROVADO,RGR_R04_DECIL4_10_APROVADO,APROVADO_AUTOMATICO_BAIXO_RISCO,Aprovacao Automatica: Risco dentro do apetite da seguradora.,0.0,False,10000.0,10000.0,0.0,0.0,G,,BAIXISSIMA,1.0,0.0
CNPJ_002619,0.0,0.0813,9,APROVADO,RGR_R04_DECIL4_10_APROVADO,APROVADO_AUTOMATICO_BAIXO_RISCO,Aprovacao Automatica: Risco dentro do apetite da seguradora.,0.0,False,10000.0,10000.0,0.0,0.0,H,,BAIXISSIMA,0.0,
CNPJ_002620,0.0,0.1158,3,ACEITO_COM_CONDICAO,RGR_R03_DECIL2_3_CONDICIONAL,ACEITE_CONDICIONAL_DECIL_INTERMEDIARIO,Aceite Condicional Decil Intermediario (+7.5% premio).,7.5,False,10000.0,10750.0,750.0,0.0,G,F,ALTISSIMA,3.0,0.0
CNPJ_002621,0.0,0.0862,8,APROVADO,RGR_R04_DECIL4_10_APROVADO,APROVADO_AUTOMATICO_BAIXO_RISCO,Aprovacao Automatica: Risco dentro do apetite da seguradora.,0.0,False,10000.0,10000.0,0.0,0.0,F,G,ALTISSIMA,1.0,0.0
CNPJ_002622,0.0,0.1079,4,APROVADO,RGR_R04_DECIL4_10_APROVADO,APROVADO_AUTOMATICO_BAIXO_RISCO,Aprovacao Automatica: Risco dentro do apetite da seguradora.,0.0,False,10000.0,10000.0,0.0,0.0,G,,ALTA,0.0,
CNPJ_002623,0.0,0.1081,4,APROVADO,RGR_R04_DECIL4_10_APROVADO,APROVADO_AUTOMATICO_BAIXO_RISCO,Aprovacao Automatica: Risco dentro do apetite da seguradora.,0.0,False,10000.0,10000.0,0.0,0.0,M,,BAIXISSIMA,0.0,0.0
CNPJ_002624,0.0,0.0947,7,APROVADO,RGR_R04_DECIL4_10_APROVADO,APROVADO_AUTOMATICO_BAIXO_RISCO,Aprovacao Automatica: Risco dentro do apetite da seguradora.,0.0,False,10000.0,10000.0,0.0,0.0,C,I,ALTA,10.0,0.0
CNPJ_002625,0.0,0.0882,8,APROVADO,RGR_R04_DECIL4_10_APROVADO,APROVADO_AUTOMATICO_BAIXO_RISCO,Aprovacao Automatica: Risco dentro do apetite da seguradora.,0.0,False,10000.0,10000.0,0.0,0.0,H,,ALTISSIMA,0.0,0.0
CNPJ_002626,0.0,0.1165,3,ACEITO_COM_CONDICAO,RGR_R03_DECIL2_3_CONDICIONAL,ACEITE_CONDICIONAL_DECIL_INTERMEDIARIO,Aceite Condicional Decil Intermediario (+7.5% premio).,7.5,False,10000.0,10750.0,750.0,0.0,G,E,ALTA,1.0,1.0
CNPJ_002627,0.0,0.1044,5,APROVADO,RGR_R04_DECIL4_10_APROVADO,APROVADO_AUTOMATICO_BAIXO_RISCO,Aprovacao Automatica: Risco dentro do apetite da seguradora.,0.0,False,10000.0,10000.0,0.0,0.0,H,G,BAIXISSIMA,2.0,0.0
CNPJ_002628,0.0,0.0731,10,APROVADO,RGR_R04_DECIL4_10_APROVADO,APROVADO_AUTOMATICO_BAIXO_RISCO,Aprovacao Automatica: Risco dentro do apetite da seguradora.,0.0,False,10000.0,10000.0,0.0,0.0,N,F,ALTA,30.0,
CNPJ_002629,0.0,0.0975,6,APROVADO,RGR_R04_DECIL4_10_APROVADO,APROVADO_AUTOMATICO_BAIXO_RISCO,Aprovacao Automatica: Risco dentro do apetite da seguradora.,0.0,False,10000.0,10000.0,0.0,0.0,M,A,ALTISSIMA,0.0,0.0
CNPJ_002630,0.0,0.0881,8,APROVADO,RGR_R04_DECIL4_10_APROVADO,APROVADO_AUTOMATICO_BAIXO_RISCO,Aprovacao Automatica: Risco dentro do apetite da seguradora.,0.0,False,10000.0,10000.0,0.0,0.0,G,D,BAIXISSIMA,0.0,0.0
CNPJ_002631,0.0,0.0878,8,APROVADO,RGR_R04_DECIL4_10_APROVADO,APROVADO_AUTOMATICO_BAIXO_RISCO,Aprovacao Automatica: Risco dentro do apetite da seguradora.,0.0,False,10000.0,10000.0,0.0,0.0,G,I,ALTA,3.0,0.0
CNPJ_002632,0.0,0.1448,1,ACEITO_COM_CONDICAO,RGR_R01_DECIL1_RESGATE_COM_RASTREADOR,RECUPERACAO_COMERCIAL_D1,"Aceite Condicional Decil 1: Perfil de score alto risco, porem mitigado por baixo passivo judicial e geografia favoravel.",15.0,True,10000.0,11500.0,1500.0,0.0,G,J,BAIXISSIMA,1.0,0.0
CNPJ_002633,0.0,0.0964,7,APROVADO,RGR_R04_DECIL4_10_APROVADO,APROVADO_AUTOMATICO_BAIXO_RISCO,Aprovacao Automatica: Risco dentro do apetite da seguradora.,0.0,False,10000.0,10000.0,0.0,0.0,A,F,BAIXISSIMA,0.0,0.0
CNPJ_002634,0.0,0.0852,9,APROVADO,RGR_R04_DECIL4_10_APROVADO,APROVADO_AUTOMATICO_BAIXO_RISCO,Aprovacao Automatica: Risco dentro do apetite da seguradora.,0.0,False,10000.0,10000.0,0.0,0.0,C,J,ALTISSIMA,10.0,0.0
CNPJ_002635,0.0,0.1633,1,ACEITO_COM_CONDICAO,RGR_R01_DECIL1_RESGATE_COM_RASTREADOR,RECUPERACAO_COMERCIAL_D1,"Aceite Condicional Decil 1: Perfil de score alto risco, porem mitigado por baixo passivo judicial e geografia favoravel.",15.0,True,10000.0,11500.0,1500.0,0.0,H,B,BAIXISSIMA,4.0,0.0
CNPJ_002636,0.0,0.0938,7,APROVADO,RGR_R04_DECIL4_10_APROVADO,APROVADO_AUTOMATICO_BAIXO_RISCO,Aprovacao Automatica: Risco dentro do apetite da seguradora.,0.0,False,10000.0,10000.0,0.0,0.0,N,,ALTISSIMA,0.0,
CNPJ_002637,0.0,0.1235,2,ACEITO_COM_CONDICAO,RGR_R03_DECIL2_3_CONDICIONAL,ACEITE_CONDICIONAL_DECIL_INTERMEDIARIO,Aceite Condicional Decil Intermediario (+7.5% premio).,7.5,False,10000.0,10750.0,750.0,0.0,M,H,ALTA,4.0,0.0
CNPJ_002638,0.0,0.1006,6,APROVADO,RGR_R04_DECIL4_10_APROVADO,APROVADO_AUTOMATICO_BAIXO_RISCO,Aprovacao Automatica: Risco dentro do apetite da seguradora.,0.0,False,10000.0,10000.0,0.0,0.0,G,D,BAIXISSIMA,0.0,0.0
CNPJ_002639,0.0,0.0966,7,APROVADO,RGR_R04_DECIL4_10_APROVADO,APROVADO_AUTOMATICO_BAIXO_RISCO,Aprovacao Automatica: Risco dentro do apetite da seguradora.,0.0,False,10000.0,10000.0,0.0,0.0,C,E,ALTA,0.0,0.0
CNPJ_002640,0.0,0.0581,10,APROVADO,RGR_R04_DECIL4_10_APROVADO,APROVADO_AUTOMATICO_BAIXO_RISCO,Aprovacao Automatica: Risco dentro do apetite da seguradora.,0.0,False,10000.0,10000.0,0.0,0.0,H,H,ALTISSIMA,11.0,0.0
CNPJ_002641,0.0,0.0936,7,APROVADO,RGR_R04_DECIL4_10_APROVADO,APROVADO_AUTOMATICO_BAIXO_RISCO,Aprovacao Automatica: Risco dentro do apetite da seguradora.,0.0,False,10000.0,10000.0,0.0,0.0,A,A,BAIXISSIMA,0.0,0.0
CNPJ_002642,0.0,0.0929,7,APROVADO,RGR_R04_DECIL4_10_APROVADO,APROVADO_AUTOMATICO_BAIXO_RISCO,Aprovacao Automatica: Risco dentro do apetite da seguradora.,0.0,False,10000.0,10000.0,0.0,0.0,G,B,BAIXISSIMA,0.0,0.0
CNPJ_002643,0.0,0.0759,10,APROVADO,RGR_R04_DECIL4_10_APROVADO,APROVADO_AUTOMATICO_BAIXO_RISCO,Aprovacao Automatica: Risco dentro do apetite da seguradora.,0.0,False,10000.0,10000.0,0.0,0.0,G,I,ALTA,34.0,0.0
CNPJ_002644,0.0,0.1017,6,APROVADO,RGR_R04_DECIL4_10_APROVADO,APROVADO_AUTOMATICO_BAIXO_RISCO,Aprovacao Automatica: Risco dentro do apetite da seguradora.,0.0,False,10000.0,10000.0,0.0,0.0,G,G,ALTA,1.0,0.0
CNPJ_002645,0.0,0.0919,8,APROVADO,RGR_R04_DECIL4_10_APROVADO,APROVADO_AUTOMATICO_BAIXO_RISCO,Aprovacao Automatica: Risco dentro do apetite da seguradora.,0.0,False,10000.0,10000.0,0.0,0.0,G,A,ALTISSIMA,0.0,0.0
CNPJ_002646,0.0,0.1239,2,ACEITO_COM_CONDICAO,RGR_R03_DECIL2_3_CONDICIONAL,ACEITE_CONDICIONAL_DECIL_INTERMEDIARIO,Aceite Condicional Decil Intermediario (+7.5% premio).,7.5,False,10000.0,10750.0,750.0,0.0,C,,ALTISSIMA,0.0,0.0
CNPJ_002647,0.0,0.1159,3,ACEITO_COM_CONDICAO,RGR_R03_DECIL2_3_CONDICIONAL,ACEITE_CONDICIONAL_DECIL_INTERMEDIARIO,Aceite Condicional Decil Intermediario (+7.5% premio).,7.5,False,10000.0,10750.0,750.0,0.0,G,H,BAIXISSIMA,5.0,0.0
CNPJ_002648,0.0,0.0826,9,APROVADO,RGR_R04_DECIL4_10_APROVADO,APROVADO_AUTOMATICO_BAIXO_RISCO,Aprovacao Automatica: Risco dentro do apetite da seguradora.,0.0,False,10000.0,10000.0,0.0,0.0,G,G,BAIXISSIMA,1.0,0.0
CNPJ_002649,0.0,0.0702,10,APROVADO,RGR_R04_DECIL4_10_APROVADO,APROVADO_AUTOMATICO_BAIXO_RISCO,Aprovacao Automatica: Risco dentro do apetite da seguradora.,0.0,False,10000.0,10000.0,0.0,0.0,N,A,BAIXISSIMA,0.0,0.0
CNPJ_002650,0.0,0.0956,7,APROVADO,RGR_R04_DECIL4_10_APROVADO,APROVADO_AUTOMATICO_BAIXO_RISCO,Aprovacao Automatica: Risco dentro do apetite da seguradora.,0.0,False,10000.0,10000.0,0.0,0.0,C,I,BAIXISSIMA,6.0,0.0
CNPJ_002651,0.0,0.0889,8,RECUSADO,RGR_K01_RISCO_LIDERANCA_AREA_CRITICA,K01_LIDERANCA_AREA_CRITICA,Recusa Sumaria: Risco de lideranca detectado em area de concentracao altissima de sinistro.,0.0,False,10000.0,0.0,0.0,0.0,G,F,ALTISSIMA,2.0,1.0
CNPJ_002652,0.0,0.0624,10,APROVADO,RGR_R04_DECIL4_10_APROVADO,APROVADO_AUTOMATICO_BAIXO_RISCO,Aprovacao Automatica: Risco dentro do apetite da seguradora.,0.0,False,10000.0,10000.0,0.0,0.0,H,I,ALTA,7.0,0.0
CNPJ_002653,0.0,0.1046,5,APROVADO,RGR_R04_DECIL4_10_APROVADO,APROVADO_AUTOMATICO_BAIXO_RISCO,Aprovacao Automatica: Risco dentro do apetite da seguradora.,0.0,False,10000.0,10000.0,0.0,0.0,F,A,BAIXISSIMA,0.0,0.0
CNPJ_002654,0.0,0.1084,4,APROVADO,RGR_R04_DECIL4_10_APROVADO,APROVADO_AUTOMATICO_BAIXO_RISCO,Aprovacao Automatica: Risco dentro do apetite da seguradora.,0.0,False,10000.0,10000.0,0.0,0.0,N,C,ALTA,0.0,0.0
CNPJ_002655,0.0,0.1069,5,APROVADO,RGR_R04_DECIL4_10_APROVADO,APROVADO_AUTOMATICO_BAIXO_RISCO,Aprovacao Automatica: Risco dentro do apetite da seguradora.,0.0,False,10000.0,10000.0,0.0,0.0,C,E,ALTA,4.0,0.0
CNPJ_002656,0.0,0.0934,7,APROVADO,RGR_R04_DECIL4_10_APROVADO,APROVADO_AUTOMATICO_BAIXO_RISCO,Aprovacao Automatica: Risco dentro do apetite da seguradora.,0.0,False,10000.0,10000.0,0.0,0.0,C,C,MEDIA,0.0,0.0
CNPJ_002657,0.0,0.0693,10,RECUSADO,RGR_K02_EXCESSO_PROCESSOS_JUDICIAIS,K02_JUDICIAL_EXTREMO,Recusa Sumaria: Elevado passivo judicial (> 100 processos como requerido).,0.0,False,10000.0,0.0,0.0,0.0,H,J,ALTISSIMA,373.0,0.0
CNPJ_002658,0.0,0.1215,2,ACEITO_COM_CONDICAO,RGR_R03_DECIL2_3_CONDICIONAL,ACEITE_CONDICIONAL_DECIL_INTERMEDIARIO,Aceite Condicional Decil Intermediario (+7.5% premio).,7.5,False,10000.0,10750.0,750.0,0.0,Q,,BAIXISSIMA,0.0,0.0
CNPJ_002659,0.0,0.1198,3,ACEITO_COM_CONDICAO,RGR_R03_DECIL2_3_CONDICIONAL,ACEITE_CONDICIONAL_DECIL_INTERMEDIARIO,Aceite Condicional Decil Intermediario (+7.5% premio).,7.5,False,10000.0,10750.0,750.0,0.0,N,,ALTISSIMA,0.0,0.0
CNPJ_002660,0.0,0.0926,7,APROVADO,RGR_R04_DECIL4_10_APROVADO,APROVADO_AUTOMATICO_BAIXO_RISCO,Aprovacao Automatica: Risco dentro do apetite da seguradora.,0.0,False,10000.0,10000.0,0.0,0.0,G,D,ALTISSIMA,0.0,0.0
CNPJ_002661,0.0,0.1152,3,ACEITO_COM_CONDICAO,RGR_R03_DECIL2_3_CONDICIONAL,ACEITE_CONDICIONAL_DECIL_INTERMEDIARIO,Aceite Condicional Decil Intermediario (+7.5% premio).,7.5,False,10000.0,10750.0,750.0,0.0,Q,A,ALTA,0.0,0.0
CNPJ_002662,0.0,0.0903,8,APROVADO,RGR_R04_DECIL4_10_APROVADO,APROVADO_AUTOMATICO_BAIXO_RISCO,Aprovacao Automatica: Risco dentro do apetite da seguradora.,0.0,False,10000.0,10000.0,0.0,0.0,C,B,ALTISSIMA,2.0,0.0
CNPJ_002663,0.0,0.0557,10,RECUSADO,RGR_K02_EXCESSO_PROCESSOS_JUDICIAIS,K02_JUDICIAL_EXTREMO,Recusa Sumaria: Elevado passivo judicial (> 100 processos como requerido).,0.0,False,10000.0,0.0,0.0,0.0,H,J,ALTISSIMA,116.0,0.0
CNPJ_002664,0.0,0.1208,2,ACEITO_COM_CONDICAO,RGR_R03_DECIL2_3_CONDICIONAL,ACEITE_CONDICIONAL_DECIL_INTERMEDIARIO,Aceite Condicional Decil Intermediario (+7.5% premio).,7.5,False,10000.0,10750.0,750.0,0.0,F,,MEDIA,0.0,0.0
CNPJ_002665,0.0,0.1005,6,APROVADO,RGR_R04_DECIL4_10_APROVADO,APROVADO_AUTOMATICO_BAIXO_RISCO,Aprovacao Automatica: Risco dentro do apetite da seguradora.,0.0,False,10000.0,10000.0,0.0,0.0,F,A,BAIXISSIMA,0.0,0.0
CNPJ_002666,0.0,0.0991,6,APROVADO,RGR_R04_DECIL4_10_APROVADO,APROVADO_AUTOMATICO_BAIXO_RISCO,Aprovacao Automatica: Risco dentro do apetite da seguradora.,0.0,False,10000.0,10000.0,0.0,0.0,N,,ALTA,0.0,0.0
CNPJ_002667,0.0,0.0717,10,APROVADO,RGR_R04_DECIL4_10_APROVADO,APROVADO_AUTOMATICO_BAIXO_RISCO,Aprovacao Automatica: Risco dentro do apetite da seguradora.,0.0,False,10000.0,10000.0,0.0,0.0,H,I,BAIXISSIMA,15.0,1.0
CNPJ_002668,0.0,0.3812,1,ACEITO_COM_CONDICAO,RGR_R01_DECIL1_RESGATE_COM_RASTREADOR,RECUPERACAO_COMERCIAL_D1,"Aceite Condicional Decil 1: Perfil de score alto risco, porem mitigado por baixo passivo judicial e geografia favoravel.",15.0,True,10000.0,11500.0,1500.0,0.0,G,,BAIXISSIMA,0.0,0.0
CNPJ_002669,0.0,0.0813,9,APROVADO,RGR_R04_DECIL4_10_APROVADO,APROVADO_AUTOMATICO_BAIXO_RISCO,Aprovacao Automatica: Risco dentro do apetite da seguradora.,0.0,False,10000.0,10000.0,0.0,0.0,G,E,MEDIA,0.0,0.0
CNPJ_002670,0.0,0.0936,7,APROVADO,RGR_R04_DECIL4_10_APROVADO,APROVADO_AUTOMATICO_BAIXO_RISCO,Aprovacao Automatica: Risco dentro do apetite da seguradora.,0.0,False,10000.0,10000.0,0.0,0.0,J,E,ALTA,2.0,0.0
CNPJ_002671,0.0,0.1269,2,RECUSADO,RGR_K01_RISCO_LIDERANCA_AREA_CRITICA,K01_LIDERANCA_AREA_CRITICA,Recusa Sumaria: Risco de lideranca detectado em area de concentracao altissima de sinistro.,0.0,False,10000.0,0.0,0.0,0.0,I,,ALTISSIMA,0.0,1.0
CNPJ_002672,0.0,0.0826,9,APROVADO,RGR_R04_DECIL4_10_APROVADO,APROVADO_AUTOMATICO_BAIXO_RISCO,Aprovacao Automatica: Risco dentro do apetite da seguradora.,0.0,False,10000.0,10000.0,0.0,0.0,C,,BAIXISSIMA,0.0,0.0
CNPJ_002673,0.0,0.089,8,APROVADO,RGR_R04_DECIL4_10_APROVADO,APROVADO_AUTOMATICO_BAIXO_RISCO,Aprovacao Automatica: Risco dentro do apetite da seguradora.,0.0,False,10000.0,10000.0,0.0,0.0,G,A,ALTISSIMA,1.0,0.0
CNPJ_002674,0.0,0.1214,2,ACEITO_COM_CONDICAO,RGR_R03_DECIL2_3_CONDICIONAL,ACEITE_CONDICIONAL_DECIL_INTERMEDIARIO,Aceite Condicional Decil Intermediario (+7.5% premio).,7.5,False,10000.0,10750.0,750.0,0.0,N,,BAIXISSIMA,0.0,0.0
CNPJ_002675,0.0,0.0913,8,APROVADO,RGR_R04_DECIL4_10_APROVADO,APROVADO_AUTOMATICO_BAIXO_RISCO,Aprovacao Automatica: Risco dentro do apetite da seguradora.,0.0,False,10000.0,10000.0,0.0,0.0,G,E,ALTISSIMA,1.0,0.0
CNPJ_002676,0.0,0.1358,2,ACEITO_COM_CONDICAO,RGR_R03_DECIL2_3_CONDICIONAL,ACEITE_CONDICIONAL_DECIL_INTERMEDIARIO,Aceite Condicional Decil Intermediario (+7.5% premio).,7.5,False,10000.0,10750.0,750.0,0.0,H,I,BAIXISSIMA,1.0,0.0
CNPJ_002677,0.0,0.0913,8,APROVADO,RGR_R04_DECIL4_10_APROVADO,APROVADO_AUTOMATICO_BAIXO_RISCO,Aprovacao Automatica: Risco dentro do apetite da seguradora.,0.0,False,10000.0,10000.0,0.0,0.0,G,E,ALTISSIMA,1.0,0.0
CNPJ_002678,0.0,0.1048,5,APROVADO,RGR_R04_DECIL4_10_APROVADO,APROVADO_AUTOMATICO_BAIXO_RISCO,Aprovacao Automatica: Risco dentro do apetite da seguradora.,0.0,False,10000.0,10000.0,0.0,0.0,C,F,ALTA,0.0,0.0
CNPJ_002679,0.0,0.0963,7,APROVADO,RGR_R04_DECIL4_10_APROVADO,APROVADO_AUTOMATICO_BAIXO_RISCO,Aprovacao Automatica: Risco dentro do apetite da seguradora.,0.0,False,10000.0,10000.0,0.0,0.0,G,E,MEDIA,1.0,0.0
CNPJ_002680,0.0,0.1023,5,RECUSADO,RGR_K02_EXCESSO_PROCESSOS_JUDICIAIS,K02_JUDICIAL_EXTREMO,Recusa Sumaria: Elevado passivo judicial (> 100 processos como requerido).,0.0,False,10000.0,0.0,0.0,0.0,G,J,BAIXISSIMA,212.0,0.0
CNPJ_002681,0.0,0.1,6,APROVADO,RGR_R04_DECIL4_10_APROVADO,APROVADO_AUTOMATICO_BAIXO_RISCO,Aprovacao Automatica: Risco dentro do apetite da seguradora.,0.0,False,10000.0,10000.0,0.0,0.0,C,D,ALTISSIMA,1.0,0.0
CNPJ_002682,0.0,0.0805,9,APROVADO,RGR_R04_DECIL4_10_APROVADO,APROVADO_AUTOMATICO_BAIXO_RISCO,Aprovacao Automatica: Risco dentro do apetite da seguradora.,0.0,False,10000.0,10000.0,0.0,0.0,G,I,ALTISSIMA,16.0,0.0
CNPJ_002683,0.0,0.0943,7,APROVADO,RGR_R04_DECIL4_10_APROVADO,APROVADO_AUTOMATICO_BAIXO_RISCO,Aprovacao Automatica: Risco dentro do apetite da seguradora.,0.0,False,10000.0,10000.0,0.0,0.0,G,C,ALTISSIMA,0.0,0.0
CNPJ_002684,0.0,0.1057,5,APROVADO,RGR_R04_DECIL4_10_APROVADO,APROVADO_AUTOMATICO_BAIXO_RISCO,Aprovacao Automatica: Risco dentro do apetite da seguradora.,0.0,False,10000.0,10000.0,0.0,0.0,G,D,ALTA,10.0,0.0
CNPJ_002685,0.0,0.0718,10,APROVADO,RGR_R04_DECIL4_10_APROVADO,APROVADO_AUTOMATICO_BAIXO_RISCO,Aprovacao Automatica: Risco dentro do apetite da seguradora.,0.0,False,10000.0,10000.0,0.0,0.0,H,I,ALTA,7.0,0.0
CNPJ_002686,0.0,0.122,2,ACEITO_COM_CONDICAO,RGR_R03_DECIL2_3_CONDICIONAL,ACEITE_CONDICIONAL_DECIL_INTERMEDIARIO,Aceite Condicional Decil Intermediario (+7.5% premio).,7.5,False,10000.0,10750.0,750.0,0.0,M,C,BAIXISSIMA,0.0,0.0
CNPJ_002687,0.0,0.1158,3,ACEITO_COM_CONDICAO,RGR_R03_DECIL2_3_CONDICIONAL,ACEITE_CONDICIONAL_DECIL_INTERMEDIARIO,Aceite Condicional Decil Intermediario (+7.5% premio).,7.5,False,10000.0,10750.0,750.0,0.0,C,E,ALTA,4.0,0.0
CNPJ_002688,0.0,0.1005,6,APROVADO,RGR_R04_DECIL4_10_APROVADO,APROVADO_AUTOMATICO_BAIXO_RISCO,Aprovacao Automatica: Risco dentro do apetite da seguradora.,0.0,False,10000.0,10000.0,0.0,0.0,B,F,BAIXISSIMA,1.0,0.0
CNPJ_002689,0.0,0.1311,2,ACEITO_COM_CONDICAO,RGR_R03_DECIL2_3_CONDICIONAL,ACEITE_CONDICIONAL_DECIL_INTERMEDIARIO,Aceite Condicional Decil Intermediario (+7.5% premio).,7.5,False,10000.0,10750.0,750.0,0.0,C,F,ALTISSIMA,1.0,0.0
CNPJ_002690,0.0,0.0983,6,APROVADO,RGR_R04_DECIL4_10_APROVADO,APROVADO_AUTOMATICO_BAIXO_RISCO,Aprovacao Automatica: Risco dentro do apetite da seguradora.,0.0,False,10000.0,10000.0,0.0,0.0,N,G,ALTISSIMA,1.0,0.0
CNPJ_002691,0.0,0.1148,3,ACEITO_COM_CONDICAO,RGR_R03_DECIL2_3_CONDICIONAL,ACEITE_CONDICIONAL_DECIL_INTERMEDIARIO,Aceite Condicional Decil Intermediario (+7.5% premio).,7.5,False,10000.0,10750.0,750.0,0.0,G,,BAIXISSIMA,3.0,0.0
CNPJ_002692,0.0,0.1289,2,ACEITO_COM_CONDICAO,RGR_R03_DECIL2_3_CONDICIONAL,ACEITE_CONDICIONAL_DECIL_INTERMEDIARIO,Aceite Condicional Decil Intermediario (+7.5% premio).,7.5,False,10000.0,10750.0,750.0,0.0,C,D,ALTISSIMA,0.0,0.0
CNPJ_002693,0.0,0.0856,8,APROVADO,RGR_R04_DECIL4_10_APROVADO,APROVADO_AUTOMATICO_BAIXO_RISCO,Aprovacao Automatica: Risco dentro do apetite da seguradora.,0.0,False,10000.0,10000.0,0.0,0.0,O,EMPRESA_ISENTA,BAIXISSIMA,1.0,
CNPJ_002694,0.0,0.097,7,APROVADO,RGR_R04_DECIL4_10_APROVADO,APROVADO_AUTOMATICO_BAIXO_RISCO,Aprovacao Automatica: Risco dentro do apetite da seguradora.,0.0,False,10000.0,10000.0,0.0,0.0,G,D,BAIXISSIMA,0.0,0.0
CNPJ_002695,0.0,0.1184,3,ACEITO_COM_CONDICAO,RGR_R03_DECIL2_3_CONDICIONAL,ACEITE_CONDICIONAL_DECIL_INTERMEDIARIO,Aceite Condicional Decil Intermediario (+7.5% premio).,7.5,False,10000.0,10750.0,750.0,0.0,C,J,BAIXISSIMA,0.0,1.0
CNPJ_002696,0.0,0.1079,4,APROVADO,RGR_R04_DECIL4_10_APROVADO,APROVADO_AUTOMATICO_BAIXO_RISCO,Aprovacao Automatica: Risco dentro do apetite da seguradora.,0.0,False,10000.0,10000.0,0.0,0.0,G,A,ALTA,0.0,0.0
CNPJ_002697,0.0,0.1312,2,ACEITO_COM_CONDICAO,RGR_R03_DECIL2_3_CONDICIONAL,ACEITE_CONDICIONAL_DECIL_INTERMEDIARIO,Aceite Condicional Decil Intermediario (+7.5% premio).,7.5,False,10000.0,10750.0,750.0,0.0,F,E,ALTA,0.0,0.0
CNPJ_002698,0.0,0.0942,7,APROVADO,RGR_R04_DECIL4_10_APROVADO,APROVADO_AUTOMATICO_BAIXO_RISCO,Aprovacao Automatica: Risco dentro do apetite da seguradora.,0.0,False,10000.0,10000.0,0.0,0.0,C,F,ALTA,1.0,0.0
CNPJ_002699,0.0,0.0845,9,APROVADO,RGR_R04_DECIL4_10_APROVADO,APROVADO_AUTOMATICO_BAIXO_RISCO,Aprovacao Automatica: Risco dentro do apetite da seguradora.,0.0,False,10000.0,10000.0,0.0,0.0,J,C,BAIXISSIMA,0.0,0.0
CNPJ_002700,0.0,0.0861,8,APROVADO,RGR_R04_DECIL4_10_APROVADO,APROVADO_AUTOMATICO_BAIXO_RISCO,Aprovacao Automatica: Risco dentro do apetite da seguradora.,0.0,False,10000.0,10000.0,0.0,0.0,N,A,BAIXISSIMA,0.0,0.0
CNPJ_002701,0.0,0.095,7,APROVADO,RGR_R04_DECIL4_10_APROVADO,APROVADO_AUTOMATICO_BAIXO_RISCO,Aprovacao Automatica: Risco dentro do apetite da seguradora.,0.0,False,10000.0,10000.0,0.0,0.0,F,J,ALTISSIMA,46.0,0.0
CNPJ_002702,0.0,0.1101,4,APROVADO,RGR_R04_DECIL4_10_APROVADO,APROVADO_AUTOMATICO_BAIXO_RISCO,Aprovacao Automatica: Risco dentro do apetite da seguradora.,0.0,False,10000.0,10000.0,0.0,0.0,H,E,BAIXISSIMA,2.0,0.0
CNPJ_002703,0.0,0.0982,6,APROVADO,RGR_R04_DECIL4_10_APROVADO,APROVADO_AUTOMATICO_BAIXO_RISCO,Aprovacao Automatica: Risco dentro do apetite da seguradora.,0.0,False,10000.0,10000.0,0.0,0.0,G,D,ALTISSIMA,0.0,0.0
CNPJ_002704,0.0,0.1059,5,APROVADO,RGR_R04_DECIL4_10_APROVADO,APROVADO_AUTOMATICO_BAIXO_RISCO,Aprovacao Automatica: Risco dentro do apetite da seguradora.,0.0,False,10000.0,10000.0,0.0,0.0,G,D,ALTISSIMA,1.0,0.0
CNPJ_002705,0.0,0.1041,5,APROVADO,RGR_R04_DECIL4_10_APROVADO,APROVADO_AUTOMATICO_BAIXO_RISCO,Aprovacao Automatica: Risco dentro do apetite da seguradora.,0.0,False,10000.0,10000.0,0.0,0.0,A,,ALTA,0.0,0.0
CNPJ_002706,0.0,0.0833,9,APROVADO,RGR_R04_DECIL4_10_APROVADO,APROVADO_AUTOMATICO_BAIXO_RISCO,Aprovacao Automatica: Risco dentro do apetite da seguradora.,0.0,False,10000.0,10000.0,0.0,0.0,E,D,ALTA,2.0,0.0
CNPJ_002707,0.0,0.0928,7,APROVADO,RGR_R04_DECIL4_10_APROVADO,APROVADO_AUTOMATICO_BAIXO_RISCO,Aprovacao Automatica: Risco dentro do apetite da seguradora.,0.0,False,10000.0,10000.0,0.0,0.0,G,C,ALTA,0.0,0.0
CNPJ_002708,0.0,0.0823,9,APROVADO,RGR_R04_DECIL4_10_APROVADO,APROVADO_AUTOMATICO_BAIXO_RISCO,Aprovacao Automatica: Risco dentro do apetite da seguradora.,0.0,False,10000.0,10000.0,0.0,0.0,L,F,BAIXISSIMA,4.0,0.0
CNPJ_002709,0.0,0.108,4,APROVADO,RGR_R04_DECIL4_10_APROVADO,APROVADO_AUTOMATICO_BAIXO_RISCO,Aprovacao Automatica: Risco dentro do apetite da seguradora.,0.0,False,10000.0,10000.0,0.0,0.0,G,G,BAIXISSIMA,0.0,0.0
CNPJ_002710,0.0,0.1198,3,ACEITO_COM_CONDICAO,RGR_R03_DECIL2_3_CONDICIONAL,ACEITE_CONDICIONAL_DECIL_INTERMEDIARIO,Aceite Condicional Decil Intermediario (+7.5% premio).,7.5,False,10000.0,10750.0,750.0,0.0,C,E,ALTISSIMA,0.0,0.0
CNPJ_002711,0.0,0.1075,4,APROVADO,RGR_R04_DECIL4_10_APROVADO,APROVADO_AUTOMATICO_BAIXO_RISCO,Aprovacao Automatica: Risco dentro do apetite da seguradora.,0.0,False,10000.0,10000.0,0.0,0.0,C,J,MEDIA,8.0,0.0
CNPJ_002712,0.0,0.1421,1,RECUSADO,RGR_R02_DECIL1_RECUSA_PADRAO,DECIL1_ALTO_RISCO_SEM_MITIGACAO,Recusa por Decil 1 de Risco sem criterios para resgate comercial.,0.0,False,10000.0,0.0,0.0,0.0,G,H,ALTA,5.0,0.0
CNPJ_002713,0.0,0.0942,7,APROVADO,RGR_R04_DECIL4_10_APROVADO,APROVADO_AUTOMATICO_BAIXO_RISCO,Aprovacao Automatica: Risco dentro do apetite da seguradora.,0.0,False,10000.0,10000.0,0.0,0.0,C,J,BAIXISSIMA,2.0,0.0
CNPJ_002714,0.0,0.0953,7,APROVADO,RGR_R04_DECIL4_10_APROVADO,APROVADO_AUTOMATICO_BAIXO_RISCO,Aprovacao Automatica: Risco dentro do apetite da seguradora.,0.0,False,10000.0,10000.0,0.0,0.0,G,J,BAIXISSIMA,11.0,0.0
CNPJ_002715,0.0,0.0755,10,APROVADO,RGR_R04_DECIL4_10_APROVADO,APROVADO_AUTOMATICO_BAIXO_RISCO,Aprovacao Automatica: Risco dentro do apetite da seguradora.,0.0,False,10000.0,10000.0,0.0,0.0,G,G,ALTISSIMA,2.0,0.0
CNPJ_002716,0.0,0.0939,7,APROVADO,RGR_R04_DECIL4_10_APROVADO,APROVADO_AUTOMATICO_BAIXO_RISCO,Aprovacao Automatica: Risco dentro do apetite da seguradora.,0.0,False,10000.0,10000.0,0.0,0.0,N,,ALTISSIMA,0.0,0.0
CNPJ_002717,0.0,0.0946,7,RECUSADO,RGR_K01_RISCO_LIDERANCA_AREA_CRITICA,K01_LIDERANCA_AREA_CRITICA,Recusa Sumaria: Risco de lideranca detectado em area de concentracao altissima de sinistro.,0.0,False,10000.0,0.0,0.0,0.0,C,E,ALTISSIMA,0.0,1.0
CNPJ_002718,0.0,0.0963,7,APROVADO,RGR_R04_DECIL4_10_APROVADO,APROVADO_AUTOMATICO_BAIXO_RISCO,Aprovacao Automatica: Risco dentro do apetite da seguradora.,0.0,False,10000.0,10000.0,0.0,0.0,G,A,ALTA,0.0,0.0
CNPJ_002719,0.0,0.0909,8,APROVADO,RGR_R04_DECIL4_10_APROVADO,APROVADO_AUTOMATICO_BAIXO_RISCO,Aprovacao Automatica: Risco dentro do apetite da seguradora.,0.0,False,10000.0,10000.0,0.0,0.0,N,C,ALTA,2.0,0.0
CNPJ_002720,0.0,0.1186,3,ACEITO_COM_CONDICAO,RGR_R03_DECIL2_3_CONDICIONAL,ACEITE_CONDICIONAL_DECIL_INTERMEDIARIO,Aceite Condicional Decil Intermediario (+7.5% premio).,7.5,False,10000.0,10750.0,750.0,0.0,C,D,ALTISSIMA,0.0,0.0
CNPJ_002721,0.0,0.1149,3,ACEITO_COM_CONDICAO,RGR_R03_DECIL2_3_CONDICIONAL,ACEITE_CONDICIONAL_DECIL_INTERMEDIARIO,Aceite Condicional Decil Intermediario (+7.5% premio).,7.5,False,10000.0,10750.0,750.0,0.0,C,D,BAIXISSIMA,0.0,0.0
CNPJ_002722,0.0,0.2238,1,RECUSADO,RGR_R02_DECIL1_RECUSA_PADRAO,DECIL1_ALTO_RISCO_SEM_MITIGACAO,Recusa por Decil 1 de Risco sem criterios para resgate comercial.,0.0,False,10000.0,0.0,0.0,0.0,H,I,ALTA,1.0,0.0
CNPJ_002723,0.0,0.0924,7,APROVADO,RGR_R04_DECIL4_10_APROVADO,APROVADO_AUTOMATICO_BAIXO_RISCO,Aprovacao Automatica: Risco dentro do apetite da seguradora.,0.0,False,10000.0,10000.0,0.0,0.0,G,B,ALTA,2.0,0.0
CNPJ_002724,0.0,0.1737,1,ACEITO_COM_CONDICAO,RGR_R01_DECIL1_RESGATE_COM_RASTREADOR,RECUPERACAO_COMERCIAL_D1,"Aceite Condicional Decil 1: Perfil de score alto risco, porem mitigado por baixo passivo judicial e geografia favoravel.",15.0,True,10000.0,11500.0,1500.0,0.0,C,G,BAIXISSIMA,0.0,0.0
CNPJ_002725,0.0,0.0961,7,APROVADO,RGR_R04_DECIL4_10_APROVADO,APROVADO_AUTOMATICO_BAIXO_RISCO,Aprovacao Automatica: Risco dentro do apetite da seguradora.,0.0,False,10000.0,10000.0,0.0,0.0,G,B,BAIXISSIMA,0.0,0.0
CNPJ_002726,0.0,0.1218,2,ACEITO_COM_CONDICAO,RGR_R03_DECIL2_3_CONDICIONAL,ACEITE_CONDICIONAL_DECIL_INTERMEDIARIO,Aceite Condicional Decil Intermediario (+7.5% premio).,7.5,False,10000.0,10750.0,750.0,0.0,H,G,BAIXISSIMA,5.0,0.0
CNPJ_002727,0.0,0.0878,8,APROVADO,RGR_R04_DECIL4_10_APROVADO,APROVADO_AUTOMATICO_BAIXO_RISCO,Aprovacao Automatica: Risco dentro do apetite da seguradora.,0.0,False,10000.0,10000.0,0.0,0.0,H,E,BAIXISSIMA,0.0,0.0
CNPJ_002728,0.0,0.1059,5,APROVADO,RGR_R04_DECIL4_10_APROVADO,APROVADO_AUTOMATICO_BAIXO_RISCO,Aprovacao Automatica: Risco dentro do apetite da seguradora.,0.0,False,10000.0,10000.0,0.0,0.0,G,A,MEDIA,0.0,0.0
CNPJ_002729,0.0,0.0651,10,APROVADO,RGR_R04_DECIL4_10_APROVADO,APROVADO_AUTOMATICO_BAIXO_RISCO,Aprovacao Automatica: Risco dentro do apetite da seguradora.,0.0,False,10000.0,10000.0,0.0,0.0,H,E,ALTISSIMA,0.0,0.0
CNPJ_002730,0.0,0.1062,5,APROVADO,RGR_R04_DECIL4_10_APROVADO,APROVADO_AUTOMATICO_BAIXO_RISCO,Aprovacao Automatica: Risco dentro do apetite da seguradora.,0.0,False,10000.0,10000.0,0.0,0.0,G,B,BAIXISSIMA,0.0,1.0
CNPJ_002731,0.0,0.1045,5,APROVADO,RGR_R04_DECIL4_10_APROVADO,APROVADO_AUTOMATICO_BAIXO_RISCO,Aprovacao Automatica: Risco dentro do apetite da seguradora.,0.0,False,10000.0,10000.0,0.0,0.0,G,C,ALTISSIMA,0.0,0.0
CNPJ_002732,0.0,0.0961,7,APROVADO,RGR_R04_DECIL4_10_APROVADO,APROVADO_AUTOMATICO_BAIXO_RISCO,Aprovacao Automatica: Risco dentro do apetite da seguradora.,0.0,False,10000.0,10000.0,0.0,0.0,H,J,BAIXISSIMA,20.0,0.0
CNPJ_002733,0.0,0.0956,7,APROVADO,RGR_R04_DECIL4_10_APROVADO,APROVADO_AUTOMATICO_BAIXO_RISCO,Aprovacao Automatica: Risco dentro do apetite da seguradora.,0.0,False,10000.0,10000.0,0.0,0.0,M,C,BAIXISSIMA,0.0,0.0
CNPJ_002734,0.0,0.0777,9,APROVADO,RGR_R04_DECIL4_10_APROVADO,APROVADO_AUTOMATICO_BAIXO_RISCO,Aprovacao Automatica: Risco dentro do apetite da seguradora.,0.0,False,10000.0,10000.0,0.0,0.0,K,J,BAIXISSIMA,27.0,0.0
CNPJ_002735,0.0,0.1012,6,APROVADO,RGR_R04_DECIL4_10_APROVADO,APROVADO_AUTOMATICO_BAIXO_RISCO,Aprovacao Automatica: Risco dentro do apetite da seguradora.,0.0,False,10000.0,10000.0,0.0,0.0,N,C,ALTISSIMA,0.0,0.0
CNPJ_002736,0.0,0.0911,8,APROVADO,RGR_R04_DECIL4_10_APROVADO,APROVADO_AUTOMATICO_BAIXO_RISCO,Aprovacao Automatica: Risco dentro do apetite da seguradora.,0.0,False,10000.0,10000.0,0.0,0.0,G,J,ALTA,25.0,0.0
CNPJ_002737,0.0,0.0709,10,APROVADO,RGR_R04_DECIL4_10_APROVADO,APROVADO_AUTOMATICO_BAIXO_RISCO,Aprovacao Automatica: Risco dentro do apetite da seguradora.,0.0,False,10000.0,10000.0,0.0,0.0,,,,,
CNPJ_002738,0.0,0.0734,10,APROVADO,RGR_R04_DECIL4_10_APROVADO,APROVADO_AUTOMATICO_BAIXO_RISCO,Aprovacao Automatica: Risco dentro do apetite da seguradora.,0.0,False,10000.0,10000.0,0.0,0.0,H,C,ALTA,0.0,0.0
CNPJ_002739,0.0,0.105,5,APROVADO,RGR_R04_DECIL4_10_APROVADO,APROVADO_AUTOMATICO_BAIXO_RISCO,Aprovacao Automatica: Risco dentro do apetite da seguradora.,0.0,False,10000.0,10000.0,0.0,0.0,E,F,ALTISSIMA,3.0,0.0
CNPJ_002740,0.0,0.0717,10,APROVADO,RGR_R04_DECIL4_10_APROVADO,APROVADO_AUTOMATICO_BAIXO_RISCO,Aprovacao Automatica: Risco dentro do apetite da seguradora.,0.0,False,10000.0,10000.0,0.0,0.0,H,I,BAIXISSIMA,15.0,1.0
CNPJ_002741,0.0,0.0978,6,APROVADO,RGR_R04_DECIL4_10_APROVADO,APROVADO_AUTOMATICO_BAIXO_RISCO,Aprovacao Automatica: Risco dentro do apetite da seguradora.,0.0,False,10000.0,10000.0,0.0,0.0,G,,BAIXISSIMA,3.0,1.0
CNPJ_002742,0.0,0.0999,6,RECUSADO,RGR_K01_RISCO_LIDERANCA_AREA_CRITICA,K01_LIDERANCA_AREA_CRITICA,Recusa Sumaria: Risco de lideranca detectado em area de concentracao altissima de sinistro.,0.0,False,10000.0,0.0,0.0,0.0,G,B,ALTISSIMA,0.0,1.0
CNPJ_002743,0.0,0.1009,6,RECUSADO,RGR_K01_RISCO_LIDERANCA_AREA_CRITICA,K01_LIDERANCA_AREA_CRITICA,Recusa Sumaria: Risco de lideranca detectado em area de concentracao altissima de sinistro.,0.0,False,10000.0,0.0,0.0,0.0,H,E,ALTISSIMA,2.0,1.0
CNPJ_002744,0.0,0.0808,9,APROVADO,RGR_R04_DECIL4_10_APROVADO,APROVADO_AUTOMATICO_BAIXO_RISCO,Aprovacao Automatica: Risco dentro do apetite da seguradora.,0.0,False,10000.0,10000.0,0.0,0.0,G,J,ALTA,25.0,0.0
CNPJ_002745,0.0,0.0931,7,APROVADO,RGR_R04_DECIL4_10_APROVADO,APROVADO_AUTOMATICO_BAIXO_RISCO,Aprovacao Automatica: Risco dentro do apetite da seguradora.,0.0,False,10000.0,10000.0,0.0,0.0,G,,ALTA,0.0,0.0
CNPJ_002746,0.0,0.0927,7,RECUSADO,RGR_K01_RISCO_LIDERANCA_AREA_CRITICA,K01_LIDERANCA_AREA_CRITICA,Recusa Sumaria: Risco de lideranca detectado em area de concentracao altissima de sinistro.,0.0,False,10000.0,0.0,0.0,0.0,G,C,ALTISSIMA,0.0,1.0
CNPJ_002747,0.0,0.1258,2,ACEITO_COM_CONDICAO,RGR_R03_DECIL2_3_CONDICIONAL,ACEITE_CONDICIONAL_DECIL_INTERMEDIARIO,Aceite Condicional Decil Intermediario (+7.5% premio).,7.5,False,10000.0,10750.0,750.0,0.0,G,E,ALTA,0.0,0.0
CNPJ_002748,0.0,0.073,10,APROVADO,RGR_R04_DECIL4_10_APROVADO,APROVADO_AUTOMATICO_BAIXO_RISCO,Aprovacao Automatica: Risco dentro do apetite da seguradora.,0.0,False,10000.0,10000.0,0.0,0.0,G,F,BAIXISSIMA,0.0,0.0
CNPJ_002749,0.0,0.0515,10,APROVADO,RGR_R04_DECIL4_10_APROVADO,APROVADO_AUTOMATICO_BAIXO_RISCO,Aprovacao Automatica: Risco dentro do apetite da seguradora.,0.0,False,10000.0,10000.0,0.0,0.0,H,J,ALTA,4.0,1.0
CNPJ_002750,0.0,0.1218,2,ACEITO_COM_CONDICAO,RGR_R03_DECIL2_3_CONDICIONAL,ACEITE_CONDICIONAL_DECIL_INTERMEDIARIO,Aceite Condicional Decil Intermediario (+7.5% premio).,7.5,False,10000.0,10750.0,750.0,0.0,C,F,ALTISSIMA,0.0,0.0
CNPJ_002751,0.0,0.1097,4,APROVADO,RGR_R04_DECIL4_10_APROVADO,APROVADO_AUTOMATICO_BAIXO_RISCO,Aprovacao Automatica: Risco dentro do apetite da seguradora.,0.0,False,10000.0,10000.0,0.0,0.0,G,,BAIXISSIMA,0.0,1.0
CNPJ_002752,0.0,0.0855,8,APROVADO,RGR_R04_DECIL4_10_APROVADO,APROVADO_AUTOMATICO_BAIXO_RISCO,Aprovacao Automatica: Risco dentro do apetite da seguradora.,0.0,False,10000.0,10000.0,0.0,0.0,H,D,ALTA,0.0,0.0
CNPJ_002753,0.0,0.2876,1,RECUSADO,RGR_R02_DECIL1_RECUSA_PADRAO,DECIL1_ALTO_RISCO_SEM_MITIGACAO,Recusa por Decil 1 de Risco sem criterios para resgate comercial.,0.0,False,10000.0,0.0,0.0,0.0,M,,ALTISSIMA,0.0,
CNPJ_002754,0.0,0.0977,6,APROVADO,RGR_R04_DECIL4_10_APROVADO,APROVADO_AUTOMATICO_BAIXO_RISCO,Aprovacao Automatica: Risco dentro do apetite da seguradora.,0.0,False,10000.0,10000.0,0.0,0.0,G,A,BAIXISSIMA,0.0,0.0
CNPJ_002755,0.0,0.0891,8,APROVADO,RGR_R04_DECIL4_10_APROVADO,APROVADO_AUTOMATICO_BAIXO_RISCO,Aprovacao Automatica: Risco dentro do apetite da seguradora.,0.0,False,10000.0,10000.0,0.0,0.0,G,D,BAIXISSIMA,0.0,0.0
CNPJ_002756,0.0,0.0941,7,APROVADO,RGR_R04_DECIL4_10_APROVADO,APROVADO_AUTOMATICO_BAIXO_RISCO,Aprovacao Automatica: Risco dentro do apetite da seguradora.,0.0,False,10000.0,10000.0,0.0,0.0,G,G,ALTA,2.0,0.0
CNPJ_002757,0.0,0.0778,9,APROVADO,RGR_R04_DECIL4_10_APROVADO,APROVADO_AUTOMATICO_BAIXO_RISCO,Aprovacao Automatica: Risco dentro do apetite da seguradora.,0.0,False,10000.0,10000.0,0.0,0.0,C,E,BAIXISSIMA,0.0,0.0
CNPJ_002758,0.0,0.111,4,APROVADO,RGR_R04_DECIL4_10_APROVADO,APROVADO_AUTOMATICO_BAIXO_RISCO,Aprovacao Automatica: Risco dentro do apetite da seguradora.,0.0,False,10000.0,10000.0,0.0,0.0,H,C,ALTA,0.0,0.0
CNPJ_002759,0.0,0.1263,2,ACEITO_COM_CONDICAO,RGR_R03_DECIL2_3_CONDICIONAL,ACEITE_CONDICIONAL_DECIL_INTERMEDIARIO,Aceite Condicional Decil Intermediario (+7.5% premio).,7.5,False,10000.0,10750.0,750.0,0.0,C,F,BAIXISSIMA,0.0,0.0
CNPJ_002760,0.0,0.126,2,ACEITO_COM_CONDICAO,RGR_R03_DECIL2_3_CONDICIONAL,ACEITE_CONDICIONAL_DECIL_INTERMEDIARIO,Aceite Condicional Decil Intermediario (+7.5% premio).,7.5,False,10000.0,10750.0,750.0,0.0,H,F,BAIXISSIMA,2.0,1.0
CNPJ_002761,0.0,0.3356,1,RECUSADO,RGR_R02_DECIL1_RECUSA_PADRAO,DECIL1_ALTO_RISCO_SEM_MITIGACAO,Recusa por Decil 1 de Risco sem criterios para resgate comercial.,0.0,False,10000.0,0.0,0.0,0.0,H,,ALTISSIMA,0.0,0.0
CNPJ_002762,0.0,0.096,7,APROVADO,RGR_R04_DECIL4_10_APROVADO,APROVADO_AUTOMATICO_BAIXO_RISCO,Aprovacao Automatica: Risco dentro do apetite da seguradora.,0.0,False,10000.0,10000.0,0.0,0.0,N,F,ALTISSIMA,1.0,0.0
CNPJ_002763,0.0,0.0978,6,APROVADO,RGR_R04_DECIL4_10_APROVADO,APROVADO_AUTOMATICO_BAIXO_RISCO,Aprovacao Automatica: Risco dentro do apetite da seguradora.,0.0,False,10000.0,10000.0,0.0,0.0,G,G,BAIXISSIMA,3.0,0.0
CNPJ_002764,0.0,0.0921,7,APROVADO,RGR_R04_DECIL4_10_APROVADO,APROVADO_AUTOMATICO_BAIXO_RISCO,Aprovacao Automatica: Risco dentro do apetite da seguradora.,0.0,False,10000.0,10000.0,0.0,0.0,G,D,MEDIA,7.0,0.0
CNPJ_002765,0.0,0.1129,4,APROVADO,RGR_R04_DECIL4_10_APROVADO,APROVADO_AUTOMATICO_BAIXO_RISCO,Aprovacao Automatica: Risco dentro do apetite da seguradora.,0.0,False,10000.0,10000.0,0.0,0.0,C,F,BAIXISSIMA,1.0,0.0
CNPJ_002766,0.0,0.0951,7,APROVADO,RGR_R04_DECIL4_10_APROVADO,APROVADO_AUTOMATICO_BAIXO_RISCO,Aprovacao Automatica: Risco dentro do apetite da seguradora.,0.0,False,10000.0,10000.0,0.0,0.0,C,D,ALTISSIMA,0.0,0.0
CNPJ_002767,0.0,0.0656,10,APROVADO,RGR_R04_DECIL4_10_APROVADO,APROVADO_AUTOMATICO_BAIXO_RISCO,Aprovacao Automatica: Risco dentro do apetite da seguradora.,0.0,False,10000.0,10000.0,0.0,0.0,F,J,MEDIA,34.0,0.0
CNPJ_002768,0.0,0.1057,5,RECUSADO,RGR_K01_RISCO_LIDERANCA_AREA_CRITICA,K01_LIDERANCA_AREA_CRITICA,Recusa Sumaria: Risco de lideranca detectado em area de concentracao altissima de sinistro.,0.0,False,10000.0,0.0,0.0,0.0,H,I,ALTISSIMA,0.0,1.0
CNPJ_002769,0.0,0.0964,7,APROVADO,RGR_R04_DECIL4_10_APROVADO,APROVADO_AUTOMATICO_BAIXO_RISCO,Aprovacao Automatica: Risco dentro do apetite da seguradora.,0.0,False,10000.0,10000.0,0.0,0.0,N,F,ALTA,1.0,1.0
CNPJ_002770,0.0,0.0817,9,APROVADO,RGR_R04_DECIL4_10_APROVADO,APROVADO_AUTOMATICO_BAIXO_RISCO,Aprovacao Automatica: Risco dentro do apetite da seguradora.,0.0,False,10000.0,10000.0,0.0,0.0,J,,BAIXISSIMA,0.0,0.0
CNPJ_002771,0.0,0.0752,10,APROVADO,RGR_R04_DECIL4_10_APROVADO,APROVADO_AUTOMATICO_BAIXO_RISCO,Aprovacao Automatica: Risco dentro do apetite da seguradora.,0.0,False,10000.0,10000.0,0.0,0.0,M,,ALTA,3.0,0.0
CNPJ_002772,0.0,0.1004,6,APROVADO,RGR_R04_DECIL4_10_APROVADO,APROVADO_AUTOMATICO_BAIXO_RISCO,Aprovacao Automatica: Risco dentro do apetite da seguradora.,0.0,False,10000.0,10000.0,0.0,0.0,F,C,ALTA,44.0,0.0
CNPJ_002773,0.0,0.1024,5,APROVADO,RGR_R04_DECIL4_10_APROVADO,APROVADO_AUTOMATICO_BAIXO_RISCO,Aprovacao Automatica: Risco dentro do apetite da seguradora.,0.0,False,10000.0,10000.0,0.0,0.0,A,J,BAIXISSIMA,5.0,0.0
CNPJ_002774,0.0,0.1501,1,RECUSADO,RGR_R02_DECIL1_RECUSA_PADRAO,DECIL1_ALTO_RISCO_SEM_MITIGACAO,Recusa por Decil 1 de Risco sem criterios para resgate comercial.,0.0,False,10000.0,0.0,0.0,0.0,B,G,MEDIA,19.0,0.0
CNPJ_002775,0.0,0.1048,5,APROVADO,RGR_R04_DECIL4_10_APROVADO,APROVADO_AUTOMATICO_BAIXO_RISCO,Aprovacao Automatica: Risco dentro do apetite da seguradora.,0.0,False,10000.0,10000.0,0.0,0.0,H,A,ALTISSIMA,0.0,0.0
CNPJ_002776,0.0,0.106,5,APROVADO,RGR_R04_DECIL4_10_APROVADO,APROVADO_AUTOMATICO_BAIXO_RISCO,Aprovacao Automatica: Risco dentro do apetite da seguradora.,0.0,False,10000.0,10000.0,0.0,0.0,C,I,ALTA,1.0,0.0
CNPJ_002777,0.0,0.083,9,APROVADO,RGR_R04_DECIL4_10_APROVADO,APROVADO_AUTOMATICO_BAIXO_RISCO,Aprovacao Automatica: Risco dentro do apetite da seguradora.,0.0,False,10000.0,10000.0,0.0,0.0,G,F,MEDIA,2.0,0.0
CNPJ_002778,0.0,0.1186,3,ACEITO_COM_CONDICAO,RGR_R03_DECIL2_3_CONDICIONAL,ACEITE_CONDICIONAL_DECIL_INTERMEDIARIO,Aceite Condicional Decil Intermediario (+7.5% premio).,7.5,False,10000.0,10750.0,750.0,0.0,N,I,BAIXISSIMA,0.0,0.0
CNPJ_002779,0.0,0.1354,2,ACEITO_COM_CONDICAO,RGR_R03_DECIL2_3_CONDICIONAL,ACEITE_CONDICIONAL_DECIL_INTERMEDIARIO,Aceite Condicional Decil Intermediario (+7.5% premio).,7.5,False,10000.0,10750.0,750.0,0.0,F,E,ALTA,0.0,0.0
CNPJ_002780,0.0,0.1022,6,APROVADO,RGR_R04_DECIL4_10_APROVADO,APROVADO_AUTOMATICO_BAIXO_RISCO,Aprovacao Automatica: Risco dentro do apetite da seguradora.,0.0,False,10000.0,10000.0,0.0,0.0,N,C,ALTA,0.0,0.0
CNPJ_002781,0.0,0.0961,7,APROVADO,RGR_R04_DECIL4_10_APROVADO,APROVADO_AUTOMATICO_BAIXO_RISCO,Aprovacao Automatica: Risco dentro do apetite da seguradora.,0.0,False,10000.0,10000.0,0.0,0.0,G,A,ALTA,0.0,0.0
CNPJ_002782,0.0,0.0814,9,APROVADO,RGR_R04_DECIL4_10_APROVADO,APROVADO_AUTOMATICO_BAIXO_RISCO,Aprovacao Automatica: Risco dentro do apetite da seguradora.,0.0,False,10000.0,10000.0,0.0,0.0,J,C,BAIXISSIMA,0.0,0.0
CNPJ_002783,0.0,0.0714,10,APROVADO,RGR_R04_DECIL4_10_APROVADO,APROVADO_AUTOMATICO_BAIXO_RISCO,Aprovacao Automatica: Risco dentro do apetite da seguradora.,0.0,False,10000.0,10000.0,0.0,0.0,G,H,ALTISSIMA,3.0,0.0
CNPJ_002784,0.0,0.1076,4,RECUSADO,RGR_K02_EXCESSO_PROCESSOS_JUDICIAIS,K02_JUDICIAL_EXTREMO,Recusa Sumaria: Elevado passivo judicial (> 100 processos como requerido).,0.0,False,10000.0,0.0,0.0,0.0,P,EMPRESA_ISENTA,ALTISSIMA,857.0,0.0
CNPJ_002785,0.0,0.0912,8,APROVADO,RGR_R04_DECIL4_10_APROVADO,APROVADO_AUTOMATICO_BAIXO_RISCO,Aprovacao Automatica: Risco dentro do apetite da seguradora.,0.0,False,10000.0,10000.0,0.0,0.0,F,J,BAIXISSIMA,63.0,0.0
CNPJ_002786,0.0,0.1157,3,ACEITO_COM_CONDICAO,RGR_R03_DECIL2_3_CONDICIONAL,ACEITE_CONDICIONAL_DECIL_INTERMEDIARIO,Aceite Condicional Decil Intermediario (+7.5% premio).,7.5,False,10000.0,10750.0,750.0,0.0,G,J,,14.0,
CNPJ_002787,0.0,0.0994,6,APROVADO,RGR_R04_DECIL4_10_APROVADO,APROVADO_AUTOMATICO_BAIXO_RISCO,Aprovacao Automatica: Risco dentro do apetite da seguradora.,0.0,False,10000.0,10000.0,0.0,0.0,N,F,ALTISSIMA,1.0,0.0
CNPJ_002788,0.0,0.1133,4,APROVADO,RGR_R04_DECIL4_10_APROVADO,APROVADO_AUTOMATICO_BAIXO_RISCO,Aprovacao Automatica: Risco dentro do apetite da seguradora.,0.0,False,10000.0,10000.0,0.0,0.0,G,,MEDIA,0.0,0.0
CNPJ_002789,0.0,0.1051,5,APROVADO,RGR_R04_DECIL4_10_APROVADO,APROVADO_AUTOMATICO_BAIXO_RISCO,Aprovacao Automatica: Risco dentro do apetite da seguradora.,0.0,False,10000.0,10000.0,0.0,0.0,G,E,BAIXISSIMA,0.0,0.0
CNPJ_002790,0.0,0.0873,8,APROVADO,RGR_R04_DECIL4_10_APROVADO,APROVADO_AUTOMATICO_BAIXO_RISCO,Aprovacao Automatica: Risco dentro do apetite da seguradora.,0.0,False,10000.0,10000.0,0.0,0.0,S,EMPRESA_ISENTA,ALTISSIMA,42.0,
CNPJ_002791,0.0,0.1183,3,ACEITO_COM_CONDICAO,RGR_R03_DECIL2_3_CONDICIONAL,ACEITE_CONDICIONAL_DECIL_INTERMEDIARIO,Aceite Condicional Decil Intermediario (+7.5% premio).,7.5,False,10000.0,10750.0,750.0,0.0,C,D,ALTISSIMA,1.0,0.0
CNPJ_002792,0.0,0.1287,2,RECUSADO,RGR_K02_EXCESSO_PROCESSOS_JUDICIAIS,K02_JUDICIAL_EXTREMO,Recusa Sumaria: Elevado passivo judicial (> 100 processos como requerido).,0.0,False,10000.0,0.0,0.0,0.0,H,J,ALTA,111.0,0.0
CNPJ_002793,0.0,0.1159,3,ACEITO_COM_CONDICAO,RGR_R03_DECIL2_3_CONDICIONAL,ACEITE_CONDICIONAL_DECIL_INTERMEDIARIO,Aceite Condicional Decil Intermediario (+7.5% premio).,7.5,False,10000.0,10750.0,750.0,0.0,Q,J,ALTA,12.0,0.0
CNPJ_002794,0.0,0.0699,10,APROVADO,RGR_R04_DECIL4_10_APROVADO,APROVADO_AUTOMATICO_BAIXO_RISCO,Aprovacao Automatica: Risco dentro do apetite da seguradora.,0.0,False,10000.0,10000.0,0.0,0.0,C,I,BAIXISSIMA,72.0,0.0
CNPJ_002795,0.0,0.0785,9,APROVADO,RGR_R04_DECIL4_10_APROVADO,APROVADO_AUTOMATICO_BAIXO_RISCO,Aprovacao Automatica: Risco dentro do apetite da seguradora.,0.0,False,10000.0,10000.0,0.0,0.0,C,J,ALTA,80.0,0.0
CNPJ_002796,0.0,0.0917,8,APROVADO,RGR_R04_DECIL4_10_APROVADO,APROVADO_AUTOMATICO_BAIXO_RISCO,Aprovacao Automatica: Risco dentro do apetite da seguradora.,0.0,False,10000.0,10000.0,0.0,0.0,G,E,,0.0,0.0
CNPJ_002797,0.0,0.0914,8,APROVADO,RGR_R04_DECIL4_10_APROVADO,APROVADO_AUTOMATICO_BAIXO_RISCO,Aprovacao Automatica: Risco dentro do apetite da seguradora.,0.0,False,10000.0,10000.0,0.0,0.0,F,G,ALTA,1.0,0.0
CNPJ_002798,0.0,0.112,4,APROVADO,RGR_R04_DECIL4_10_APROVADO,APROVADO_AUTOMATICO_BAIXO_RISCO,Aprovacao Automatica: Risco dentro do apetite da seguradora.,0.0,False,10000.0,10000.0,0.0,0.0,H,E,ALTA,0.0,0.0
CNPJ_002799,0.0,0.0995,6,APROVADO,RGR_R04_DECIL4_10_APROVADO,APROVADO_AUTOMATICO_BAIXO_RISCO,Aprovacao Automatica: Risco dentro do apetite da seguradora.,0.0,False,10000.0,10000.0,0.0,0.0,H,F,BAIXISSIMA,1.0,0.0
CNPJ_002800,0.0,0.0886,8,APROVADO,RGR_R04_DECIL4_10_APROVADO,APROVADO_AUTOMATICO_BAIXO_RISCO,Aprovacao Automatica: Risco dentro do apetite da seguradora.,0.0,False,10000.0,10000.0,0.0,0.0,G,E,ALTISSIMA,3.0,0.0
CNPJ_002801,0.0,0.1093,4,APROVADO,RGR_R04_DECIL4_10_APROVADO,APROVADO_AUTOMATICO_BAIXO_RISCO,Aprovacao Automatica: Risco dentro do apetite da seguradora.,0.0,False,10000.0,10000.0,0.0,0.0,N,,ALTISSIMA,0.0,0.0
CNPJ_002802,0.0,0.0638,10,APROVADO,RGR_R04_DECIL4_10_APROVADO,APROVADO_AUTOMATICO_BAIXO_RISCO,Aprovacao Automatica: Risco dentro do apetite da seguradora.,0.0,False,10000.0,10000.0,0.0,0.0,A,,MEDIA,6.0,1.0
CNPJ_002803,0.0,0.1164,3,ACEITO_COM_CONDICAO,RGR_R03_DECIL2_3_CONDICIONAL,ACEITE_CONDICIONAL_DECIL_INTERMEDIARIO,Aceite Condicional Decil Intermediario (+7.5% premio).,7.5,False,10000.0,10750.0,750.0,0.0,G,A,BAIXISSIMA,0.0,0.0
CNPJ_002804,0.0,0.0825,9,APROVADO,RGR_R04_DECIL4_10_APROVADO,APROVADO_AUTOMATICO_BAIXO_RISCO,Aprovacao Automatica: Risco dentro do apetite da seguradora.,0.0,False,10000.0,10000.0,0.0,0.0,J,D,BAIXISSIMA,0.0,0.0
CNPJ_002805,0.0,0.1024,5,APROVADO,RGR_R04_DECIL4_10_APROVADO,APROVADO_AUTOMATICO_BAIXO_RISCO,Aprovacao Automatica: Risco dentro do apetite da seguradora.,0.0,False,10000.0,10000.0,0.0,0.0,N,A,MEDIA,0.0,
CNPJ_002806,0.0,0.1031,5,APROVADO,RGR_R04_DECIL4_10_APROVADO,APROVADO_AUTOMATICO_BAIXO_RISCO,Aprovacao Automatica: Risco dentro do apetite da seguradora.,0.0,False,10000.0,10000.0,0.0,0.0,N,F,ALTISSIMA,1.0,0.0
CNPJ_002807,0.0,0.09,8,APROVADO,RGR_R04_DECIL4_10_APROVADO,APROVADO_AUTOMATICO_BAIXO_RISCO,Aprovacao Automatica: Risco dentro do apetite da seguradora.,0.0,False,10000.0,10000.0,0.0,0.0,G,H,BAIXISSIMA,5.0,0.0
CNPJ_002808,0.0,0.1003,6,APROVADO,RGR_R04_DECIL4_10_APROVADO,APROVADO_AUTOMATICO_BAIXO_RISCO,Aprovacao Automatica: Risco dentro do apetite da seguradora.,0.0,False,10000.0,10000.0,0.0,0.0,H,D,BAIXISSIMA,0.0,0.0
CNPJ_002809,0.0,0.0933,7,APROVADO,RGR_R04_DECIL4_10_APROVADO,APROVADO_AUTOMATICO_BAIXO_RISCO,Aprovacao Automatica: Risco dentro do apetite da seguradora.,0.0,False,10000.0,10000.0,0.0,0.0,G,I,ALTISSIMA,10.0,0.0
CNPJ_002810,0.0,0.0907,8,APROVADO,RGR_R04_DECIL4_10_APROVADO,APROVADO_AUTOMATICO_BAIXO_RISCO,Aprovacao Automatica: Risco dentro do apetite da seguradora.,0.0,False,10000.0,10000.0,0.0,0.0,N,,BAIXISSIMA,0.0,0.0
CNPJ_002811,0.0,0.1036,5,APROVADO,RGR_R04_DECIL4_10_APROVADO,APROVADO_AUTOMATICO_BAIXO_RISCO,Aprovacao Automatica: Risco dentro do apetite da seguradora.,0.0,False,10000.0,10000.0,0.0,0.0,M,A,ALTA,0.0,0.0
CNPJ_002812,0.0,0.0969,7,APROVADO,RGR_R04_DECIL4_10_APROVADO,APROVADO_AUTOMATICO_BAIXO_RISCO,Aprovacao Automatica: Risco dentro do apetite da seguradora.,0.0,False,10000.0,10000.0,0.0,0.0,G,D,BAIXISSIMA,1.0,0.0
CNPJ_002813,0.0,0.0795,9,APROVADO,RGR_R04_DECIL4_10_APROVADO,APROVADO_AUTOMATICO_BAIXO_RISCO,Aprovacao Automatica: Risco dentro do apetite da seguradora.,0.0,False,10000.0,10000.0,0.0,0.0,G,G,ALTA,2.0,1.0
CNPJ_002814,0.0,0.0869,8,APROVADO,RGR_R04_DECIL4_10_APROVADO,APROVADO_AUTOMATICO_BAIXO_RISCO,Aprovacao Automatica: Risco dentro do apetite da seguradora.,0.0,False,10000.0,10000.0,0.0,0.0,G,G,ALTA,1.0,0.0
CNPJ_002815,0.0,0.0756,10,RECUSADO,RGR_K02_EXCESSO_PROCESSOS_JUDICIAIS,K02_JUDICIAL_EXTREMO,Recusa Sumaria: Elevado passivo judicial (> 100 processos como requerido).,0.0,False,10000.0,0.0,0.0,0.0,H,J,BAIXISSIMA,123.0,
CNPJ_002816,0.0,0.0851,9,APROVADO,RGR_R04_DECIL4_10_APROVADO,APROVADO_AUTOMATICO_BAIXO_RISCO,Aprovacao Automatica: Risco dentro do apetite da seguradora.,0.0,False,10000.0,10000.0,0.0,0.0,G,J,BAIXISSIMA,21.0,0.0
CNPJ_002817,0.0,0.113,4,APROVADO,RGR_R04_DECIL4_10_APROVADO,APROVADO_AUTOMATICO_BAIXO_RISCO,Aprovacao Automatica: Risco dentro do apetite da seguradora.,0.0,False,10000.0,10000.0,0.0,0.0,G,E,BAIXISSIMA,0.0,1.0
CNPJ_002818,0.0,0.1077,4,APROVADO,RGR_R04_DECIL4_10_APROVADO,APROVADO_AUTOMATICO_BAIXO_RISCO,Aprovacao Automatica: Risco dentro do apetite da seguradora.,0.0,False,10000.0,10000.0,0.0,0.0,C,G,ALTISSIMA,2.0,0.0
CNPJ_002819,0.0,0.0929,7,APROVADO,RGR_R04_DECIL4_10_APROVADO,APROVADO_AUTOMATICO_BAIXO_RISCO,Aprovacao Automatica: Risco dentro do apetite da seguradora.,0.0,False,10000.0,10000.0,0.0,0.0,G,E,BAIXISSIMA,1.0,0.0
CNPJ_002820,0.0,0.1152,3,ACEITO_COM_CONDICAO,RGR_R03_DECIL2_3_CONDICIONAL,ACEITE_CONDICIONAL_DECIL_INTERMEDIARIO,Aceite Condicional Decil Intermediario (+7.5% premio).,7.5,False,10000.0,10750.0,750.0,0.0,G,A,ALTA,0.0,0.0
CNPJ_002821,0.0,0.0812,9,APROVADO,RGR_R04_DECIL4_10_APROVADO,APROVADO_AUTOMATICO_BAIXO_RISCO,Aprovacao Automatica: Risco dentro do apetite da seguradora.,0.0,False,10000.0,10000.0,0.0,0.0,C,J,ALTA,35.0,0.0
CNPJ_002822,0.0,0.1142,3,ACEITO_COM_CONDICAO,RGR_R03_DECIL2_3_CONDICIONAL,ACEITE_CONDICIONAL_DECIL_INTERMEDIARIO,Aceite Condicional Decil Intermediario (+7.5% premio).,7.5,False,10000.0,10750.0,750.0,0.0,G,B,BAIXISSIMA,0.0,0.0
CNPJ_002823,0.0,0.1191,3,ACEITO_COM_CONDICAO,RGR_R03_DECIL2_3_CONDICIONAL,ACEITE_CONDICIONAL_DECIL_INTERMEDIARIO,Aceite Condicional Decil Intermediario (+7.5% premio).,7.5,False,10000.0,10750.0,750.0,0.0,M,,BAIXISSIMA,0.0,0.0
CNPJ_002824,0.0,0.1594,1,RECUSADO,RGR_R02_DECIL1_RECUSA_PADRAO,DECIL1_ALTO_RISCO_SEM_MITIGACAO,Recusa por Decil 1 de Risco sem criterios para resgate comercial.,0.0,False,10000.0,0.0,0.0,0.0,C,J,ALTISSIMA,13.0,0.0
CNPJ_002825,0.0,0.0961,7,APROVADO,RGR_R04_DECIL4_10_APROVADO,APROVADO_AUTOMATICO_BAIXO_RISCO,Aprovacao Automatica: Risco dentro do apetite da seguradora.,0.0,False,10000.0,10000.0,0.0,0.0,H,G,BAIXISSIMA,0.0,0.0
CNPJ_002826,0.0,0.2169,1,RECUSADO,RGR_R02_DECIL1_RECUSA_PADRAO,DECIL1_ALTO_RISCO_SEM_MITIGACAO,Recusa por Decil 1 de Risco sem criterios para resgate comercial.,0.0,False,10000.0,0.0,0.0,0.0,H,H,BAIXISSIMA,20.0,0.0
CNPJ_002827,0.0,0.1252,2,ACEITO_COM_CONDICAO,RGR_R03_DECIL2_3_CONDICIONAL,ACEITE_CONDICIONAL_DECIL_INTERMEDIARIO,Aceite Condicional Decil Intermediario (+7.5% premio).,7.5,False,10000.0,10750.0,750.0,0.0,C,C,BAIXISSIMA,0.0,0.0
CNPJ_002828,0.0,0.1194,3,ACEITO_COM_CONDICAO,RGR_R03_DECIL2_3_CONDICIONAL,ACEITE_CONDICIONAL_DECIL_INTERMEDIARIO,Aceite Condicional Decil Intermediario (+7.5% premio).,7.5,False,10000.0,10750.0,750.0,0.0,G,E,ALTA,1.0,0.0
CNPJ_002829,0.0,0.1073,5,APROVADO,RGR_R04_DECIL4_10_APROVADO,APROVADO_AUTOMATICO_BAIXO_RISCO,Aprovacao Automatica: Risco dentro do apetite da seguradora.,0.0,False,10000.0,10000.0,0.0,0.0,C,F,BAIXISSIMA,1.0,0.0
CNPJ_002830,0.0,0.0965,7,APROVADO,RGR_R04_DECIL4_10_APROVADO,APROVADO_AUTOMATICO_BAIXO_RISCO,Aprovacao Automatica: Risco dentro do apetite da seguradora.,0.0,False,10000.0,10000.0,0.0,0.0,H,D,BAIXISSIMA,0.0,0.0
CNPJ_002831,0.0,0.1025,5,APROVADO,RGR_R04_DECIL4_10_APROVADO,APROVADO_AUTOMATICO_BAIXO_RISCO,Aprovacao Automatica: Risco dentro do apetite da seguradora.,0.0,False,10000.0,10000.0,0.0,0.0,G,D,BAIXISSIMA,2.0,0.0
CNPJ_002832,0.0,0.1049,5,APROVADO,RGR_R04_DECIL4_10_APROVADO,APROVADO_AUTOMATICO_BAIXO_RISCO,Aprovacao Automatica: Risco dentro do apetite da seguradora.,0.0,False,10000.0,10000.0,0.0,0.0,N,D,BAIXISSIMA,0.0,0.0
CNPJ_002833,0.0,0.0823,9,APROVADO,RGR_R04_DECIL4_10_APROVADO,APROVADO_AUTOMATICO_BAIXO_RISCO,Aprovacao Automatica: Risco dentro do apetite da seguradora.,0.0,False,10000.0,10000.0,0.0,0.0,N,G,,1.0,0.0
CNPJ_002834,0.0,0.0792,9,APROVADO,RGR_R04_DECIL4_10_APROVADO,APROVADO_AUTOMATICO_BAIXO_RISCO,Aprovacao Automatica: Risco dentro do apetite da seguradora.,0.0,False,10000.0,10000.0,0.0,0.0,M,F,ALTISSIMA,0.0,0.0
CNPJ_002835,0.0,0.0709,10,APROVADO,RGR_R04_DECIL4_10_APROVADO,APROVADO_AUTOMATICO_BAIXO_RISCO,Aprovacao Automatica: Risco dentro do apetite da seguradora.,0.0,False,10000.0,10000.0,0.0,0.0,,,,,
CNPJ_002836,0.0,0.2235,1,RECUSADO,RGR_R02_DECIL1_RECUSA_PADRAO,DECIL1_ALTO_RISCO_SEM_MITIGACAO,Recusa por Decil 1 de Risco sem criterios para resgate comercial.,0.0,False,10000.0,0.0,0.0,0.0,H,J,ALTA,0.0,0.0
CNPJ_002837,0.0,0.1193,3,ACEITO_COM_CONDICAO,RGR_R03_DECIL2_3_CONDICIONAL,ACEITE_CONDICIONAL_DECIL_INTERMEDIARIO,Aceite Condicional Decil Intermediario (+7.5% premio).,7.5,False,10000.0,10750.0,750.0,0.0,N,,ALTA,0.0,0.0
CNPJ_002838,0.0,0.1118,4,APROVADO,RGR_R04_DECIL4_10_APROVADO,APROVADO_AUTOMATICO_BAIXO_RISCO,Aprovacao Automatica: Risco dentro do apetite da seguradora.,0.0,False,10000.0,10000.0,0.0,0.0,C,E,ALTA,0.0,0.0
CNPJ_002839,0.0,0.1088,4,RECUSADO,RGR_K02_EXCESSO_PROCESSOS_JUDICIAIS,K02_JUDICIAL_EXTREMO,Recusa Sumaria: Elevado passivo judicial (> 100 processos como requerido).,0.0,False,10000.0,0.0,0.0,0.0,H,J,BAIXISSIMA,111.0,0.0
CNPJ_002840,0.0,0.1026,5,APROVADO,RGR_R04_DECIL4_10_APROVADO,APROVADO_AUTOMATICO_BAIXO_RISCO,Aprovacao Automatica: Risco dentro do apetite da seguradora.,0.0,False,10000.0,10000.0,0.0,0.0,F,E,BAIXISSIMA,1.0,0.0
CNPJ_002841,0.0,0.125,2,ACEITO_COM_CONDICAO,RGR_R03_DECIL2_3_CONDICIONAL,ACEITE_CONDICIONAL_DECIL_INTERMEDIARIO,Aceite Condicional Decil Intermediario (+7.5% premio).,7.5,False,10000.0,10750.0,750.0,0.0,G,D,ALTA,0.0,0.0
CNPJ_002842,0.0,0.0913,8,APROVADO,RGR_R04_DECIL4_10_APROVADO,APROVADO_AUTOMATICO_BAIXO_RISCO,Aprovacao Automatica: Risco dentro do apetite da seguradora.,0.0,False,10000.0,10000.0,0.0,0.0,N,,BAIXISSIMA,0.0,0.0
CNPJ_002843,0.0,0.0987,6,APROVADO,RGR_R04_DECIL4_10_APROVADO,APROVADO_AUTOMATICO_BAIXO_RISCO,Aprovacao Automatica: Risco dentro do apetite da seguradora.,0.0,False,10000.0,10000.0,0.0,0.0,J,E,BAIXISSIMA,9.0,0.0
CNPJ_002844,0.0,0.1479,1,ACEITO_COM_CONDICAO,RGR_R01_DECIL1_RESGATE_COM_RASTREADOR,RECUPERACAO_COMERCIAL_D1,"Aceite Condicional Decil 1: Perfil de score alto risco, porem mitigado por baixo passivo judicial e geografia favoravel.",15.0,True,10000.0,11500.0,1500.0,0.0,C,G,BAIXISSIMA,0.0,0.0
CNPJ_002845,0.0,0.1116,4,APROVADO,RGR_R04_DECIL4_10_APROVADO,APROVADO_AUTOMATICO_BAIXO_RISCO,Aprovacao Automatica: Risco dentro do apetite da seguradora.,0.0,False,10000.0,10000.0,0.0,0.0,F,J,ALTISSIMA,47.0,0.0
CNPJ_002846,0.0,0.1215,2,ACEITO_COM_CONDICAO,RGR_R03_DECIL2_3_CONDICIONAL,ACEITE_CONDICIONAL_DECIL_INTERMEDIARIO,Aceite Condicional Decil Intermediario (+7.5% premio).,7.5,False,10000.0,10750.0,750.0,0.0,G,H,ALTISSIMA,2.0,0.0
CNPJ_002847,0.0,0.0629,10,APROVADO,RGR_R04_DECIL4_10_APROVADO,APROVADO_AUTOMATICO_BAIXO_RISCO,Aprovacao Automatica: Risco dentro do apetite da seguradora.,0.0,False,10000.0,10000.0,0.0,0.0,H,H,ALTISSIMA,11.0,0.0
CNPJ_002848,0.0,0.1008,6,APROVADO,RGR_R04_DECIL4_10_APROVADO,APROVADO_AUTOMATICO_BAIXO_RISCO,Aprovacao Automatica: Risco dentro do apetite da seguradora.,0.0,False,10000.0,10000.0,0.0,0.0,C,E,ALTA,0.0,0.0
CNPJ_002849,0.0,0.0729,10,APROVADO,RGR_R04_DECIL4_10_APROVADO,APROVADO_AUTOMATICO_BAIXO_RISCO,Aprovacao Automatica: Risco dentro do apetite da seguradora.,0.0,False,10000.0,10000.0,0.0,0.0,H,D,ALTISSIMA,1.0,0.0
CNPJ_002850,0.0,0.1083,4,APROVADO,RGR_R04_DECIL4_10_APROVADO,APROVADO_AUTOMATICO_BAIXO_RISCO,Aprovacao Automatica: Risco dentro do apetite da seguradora.,0.0,False,10000.0,10000.0,0.0,0.0,G,D,ALTA,0.0,0.0
CNPJ_002851,0.0,0.1239,2,ACEITO_COM_CONDICAO,RGR_R03_DECIL2_3_CONDICIONAL,ACEITE_CONDICIONAL_DECIL_INTERMEDIARIO,Aceite Condicional Decil Intermediario (+7.5% premio).,7.5,False,10000.0,10750.0,750.0,0.0,S,E,ALTISSIMA,0.0,0.0
CNPJ_002852,0.0,0.112,4,APROVADO,RGR_R04_DECIL4_10_APROVADO,APROVADO_AUTOMATICO_BAIXO_RISCO,Aprovacao Automatica: Risco dentro do apetite da seguradora.,0.0,False,10000.0,10000.0,0.0,0.0,G,G,ALTISSIMA,1.0,0.0
CNPJ_002853,0.0,0.0809,9,APROVADO,RGR_R04_DECIL4_10_APROVADO,APROVADO_AUTOMATICO_BAIXO_RISCO,Aprovacao Automatica: Risco dentro do apetite da seguradora.,0.0,False,10000.0,10000.0,0.0,0.0,C,J,BAIXISSIMA,64.0,0.0
CNPJ_002854,0.0,0.0914,8,APROVADO,RGR_R04_DECIL4_10_APROVADO,APROVADO_AUTOMATICO_BAIXO_RISCO,Aprovacao Automatica: Risco dentro do apetite da seguradora.,0.0,False,10000.0,10000.0,0.0,0.0,C,H,ALTA,3.0,0.0
CNPJ_002855,0.0,0.1019,6,APROVADO,RGR_R04_DECIL4_10_APROVADO,APROVADO_AUTOMATICO_BAIXO_RISCO,Aprovacao Automatica: Risco dentro do apetite da seguradora.,0.0,False,10000.0,10000.0,0.0,0.0,G,G,ALTISSIMA,3.0,0.0
CNPJ_002856,0.0,0.0869,8,RECUSADO,RGR_K01_RISCO_LIDERANCA_AREA_CRITICA,K01_LIDERANCA_AREA_CRITICA,Recusa Sumaria: Risco de lideranca detectado em area de concentracao altissima de sinistro.,0.0,False,10000.0,0.0,0.0,0.0,N,,ALTISSIMA,2.0,1.0
CNPJ_002857,0.0,0.1082,4,APROVADO,RGR_R04_DECIL4_10_APROVADO,APROVADO_AUTOMATICO_BAIXO_RISCO,Aprovacao Automatica: Risco dentro do apetite da seguradora.,0.0,False,10000.0,10000.0,0.0,0.0,K,C,ALTISSIMA,0.0,0.0
CNPJ_002858,0.0,0.0925,7,APROVADO,RGR_R04_DECIL4_10_APROVADO,APROVADO_AUTOMATICO_BAIXO_RISCO,Aprovacao Automatica: Risco dentro do apetite da seguradora.,0.0,False,10000.0,10000.0,0.0,0.0,F,J,ALTISSIMA,46.0,0.0
CNPJ_002859,0.0,0.1493,1,RECUSADO,RGR_R02_DECIL1_RECUSA_PADRAO,DECIL1_ALTO_RISCO_SEM_MITIGACAO,Recusa por Decil 1 de Risco sem criterios para resgate comercial.,0.0,False,10000.0,0.0,0.0,0.0,F,F,ALTA,0.0,0.0
CNPJ_002860,0.0,0.1345,2,ACEITO_COM_CONDICAO,RGR_R03_DECIL2_3_CONDICIONAL,ACEITE_CONDICIONAL_DECIL_INTERMEDIARIO,Aceite Condicional Decil Intermediario (+7.5% premio).,7.5,False,10000.0,10750.0,750.0,0.0,C,E,BAIXISSIMA,4.0,0.0
CNPJ_002861,0.0,0.092,7,APROVADO,RGR_R04_DECIL4_10_APROVADO,APROVADO_AUTOMATICO_BAIXO_RISCO,Aprovacao Automatica: Risco dentro do apetite da seguradora.,0.0,False,10000.0,10000.0,0.0,0.0,A,,ALTA,0.0,0.0
CNPJ_002862,0.0,0.1092,4,APROVADO,RGR_R04_DECIL4_10_APROVADO,APROVADO_AUTOMATICO_BAIXO_RISCO,Aprovacao Automatica: Risco dentro do apetite da seguradora.,0.0,False,10000.0,10000.0,0.0,0.0,H,,BAIXISSIMA,0.0,0.0
CNPJ_002863,0.0,0.1257,2,ACEITO_COM_CONDICAO,RGR_R03_DECIL2_3_CONDICIONAL,ACEITE_CONDICIONAL_DECIL_INTERMEDIARIO,Aceite Condicional Decil Intermediario (+7.5% premio).,7.5,False,10000.0,10750.0,750.0,0.0,C,J,ALTISSIMA,13.0,0.0
CNPJ_002864,0.0,0.1206,2,ACEITO_COM_CONDICAO,RGR_R03_DECIL2_3_CONDICIONAL,ACEITE_CONDICIONAL_DECIL_INTERMEDIARIO,Aceite Condicional Decil Intermediario (+7.5% premio).,7.5,False,10000.0,10750.0,750.0,0.0,C,H,ALTA,4.0,0.0
CNPJ_002865,0.0,0.1052,5,APROVADO,RGR_R04_DECIL4_10_APROVADO,APROVADO_AUTOMATICO_BAIXO_RISCO,Aprovacao Automatica: Risco dentro do apetite da seguradora.,0.0,False,10000.0,10000.0,0.0,0.0,G,J,BAIXISSIMA,0.0,0.0
CNPJ_002866,0.0,0.0808,9,APROVADO,RGR_R04_DECIL4_10_APROVADO,APROVADO_AUTOMATICO_BAIXO_RISCO,Aprovacao Automatica: Risco dentro do apetite da seguradora.,0.0,False,10000.0,10000.0,0.0,0.0,G,E,ALTISSIMA,3.0,0.0
CNPJ_002867,0.0,0.1022,6,APROVADO,RGR_R04_DECIL4_10_APROVADO,APROVADO_AUTOMATICO_BAIXO_RISCO,Aprovacao Automatica: Risco dentro do apetite da seguradora.,0.0,False,10000.0,10000.0,0.0,0.0,E,J,ALTA,9.0,0.0
CNPJ_002868,0.0,0.0788,9,APROVADO,RGR_R04_DECIL4_10_APROVADO,APROVADO_AUTOMATICO_BAIXO_RISCO,Aprovacao Automatica: Risco dentro do apetite da seguradora.,0.0,False,10000.0,10000.0,0.0,0.0,K,,ALTISSIMA,0.0,0.0
CNPJ_002869,0.0,0.0853,9,APROVADO,RGR_R04_DECIL4_10_APROVADO,APROVADO_AUTOMATICO_BAIXO_RISCO,Aprovacao Automatica: Risco dentro do apetite da seguradora.,0.0,False,10000.0,10000.0,0.0,0.0,F,F,ALTISSIMA,1.0,0.0
CNPJ_002870,0.0,0.1043,5,APROVADO,RGR_R04_DECIL4_10_APROVADO,APROVADO_AUTOMATICO_BAIXO_RISCO,Aprovacao Automatica: Risco dentro do apetite da seguradora.,0.0,False,10000.0,10000.0,0.0,0.0,G,A,ALTA,0.0,0.0
CNPJ_002871,0.0,0.1077,4,APROVADO,RGR_R04_DECIL4_10_APROVADO,APROVADO_AUTOMATICO_BAIXO_RISCO,Aprovacao Automatica: Risco dentro do apetite da seguradora.,0.0,False,10000.0,10000.0,0.0,0.0,C,D,ALTA,2.0,1.0
CNPJ_002872,0.0,0.0826,9,APROVADO,RGR_R04_DECIL4_10_APROVADO,APROVADO_AUTOMATICO_BAIXO_RISCO,Aprovacao Automatica: Risco dentro do apetite da seguradora.,0.0,False,10000.0,10000.0,0.0,0.0,H,E,ALTA,1.0,0.0
CNPJ_002873,0.0,0.0643,10,APROVADO,RGR_R04_DECIL4_10_APROVADO,APROVADO_AUTOMATICO_BAIXO_RISCO,Aprovacao Automatica: Risco dentro do apetite da seguradora.,0.0,False,10000.0,10000.0,0.0,0.0,H,C,BAIXISSIMA,0.0,0.0
CNPJ_002874,0.0,0.1097,4,APROVADO,RGR_R04_DECIL4_10_APROVADO,APROVADO_AUTOMATICO_BAIXO_RISCO,Aprovacao Automatica: Risco dentro do apetite da seguradora.,0.0,False,10000.0,10000.0,0.0,0.0,F,I,ALTA,1.0,0.0
CNPJ_002875,0.0,0.0865,8,APROVADO,RGR_R04_DECIL4_10_APROVADO,APROVADO_AUTOMATICO_BAIXO_RISCO,Aprovacao Automatica: Risco dentro do apetite da seguradora.,0.0,False,10000.0,10000.0,0.0,0.0,N,D,ALTA,1.0,0.0
CNPJ_002876,0.0,0.0903,8,APROVADO,RGR_R04_DECIL4_10_APROVADO,APROVADO_AUTOMATICO_BAIXO_RISCO,Aprovacao Automatica: Risco dentro do apetite da seguradora.,0.0,False,10000.0,10000.0,0.0,0.0,G,F,ALTISSIMA,5.0,0.0
CNPJ_002877,0.0,0.0774,9,APROVADO,RGR_R04_DECIL4_10_APROVADO,APROVADO_AUTOMATICO_BAIXO_RISCO,Aprovacao Automatica: Risco dentro do apetite da seguradora.,0.0,False,10000.0,10000.0,0.0,0.0,H,J,ALTA,2.0,0.0
CNPJ_002878,0.0,0.1567,1,RECUSADO,RGR_R02_DECIL1_RECUSA_PADRAO,DECIL1_ALTO_RISCO_SEM_MITIGACAO,Recusa por Decil 1 de Risco sem criterios para resgate comercial.,0.0,False,10000.0,0.0,0.0,0.0,S,EMPRESA_ISENTA,ALTA,4.0,0.0
CNPJ_002879,0.0,0.0938,7,APROVADO,RGR_R04_DECIL4_10_APROVADO,APROVADO_AUTOMATICO_BAIXO_RISCO,Aprovacao Automatica: Risco dentro do apetite da seguradora.,0.0,False,10000.0,10000.0,0.0,0.0,G,B,BAIXISSIMA,0.0,0.0
CNPJ_002880,0.0,0.0934,7,APROVADO,RGR_R04_DECIL4_10_APROVADO,APROVADO_AUTOMATICO_BAIXO_RISCO,Aprovacao Automatica: Risco dentro do apetite da seguradora.,0.0,False,10000.0,10000.0,0.0,0.0,G,I,ALTA,1.0,0.0
CNPJ_002881,0.0,0.0905,8,APROVADO,RGR_R04_DECIL4_10_APROVADO,APROVADO_AUTOMATICO_BAIXO_RISCO,Aprovacao Automatica: Risco dentro do apetite da seguradora.,0.0,False,10000.0,10000.0,0.0,0.0,H,C,ALTA,0.0,0.0
CNPJ_002882,0.0,0.1021,6,APROVADO,RGR_R04_DECIL4_10_APROVADO,APROVADO_AUTOMATICO_BAIXO_RISCO,Aprovacao Automatica: Risco dentro do apetite da seguradora.,0.0,False,10000.0,10000.0,0.0,0.0,G,D,ALTA,0.0,0.0
CNPJ_002883,0.0,0.0948,7,RECUSADO,RGR_K02_EXCESSO_PROCESSOS_JUDICIAIS,K02_JUDICIAL_EXTREMO,Recusa Sumaria: Elevado passivo judicial (> 100 processos como requerido).,0.0,False,10000.0,0.0,0.0,0.0,C,J,ALTA,224.0,0.0
CNPJ_002884,0.0,0.1052,5,APROVADO,RGR_R04_DECIL4_10_APROVADO,APROVADO_AUTOMATICO_BAIXO_RISCO,Aprovacao Automatica: Risco dentro do apetite da seguradora.,0.0,False,10000.0,10000.0,0.0,0.0,G,E,BAIXISSIMA,0.0,0.0
CNPJ_002885,0.0,0.0993,6,RECUSADO,RGR_K02_EXCESSO_PROCESSOS_JUDICIAIS,K02_JUDICIAL_EXTREMO,Recusa Sumaria: Elevado passivo judicial (> 100 processos como requerido).,0.0,False,10000.0,0.0,0.0,0.0,H,J,ALTISSIMA,692.0,0.0
CNPJ_002886,0.0,0.0715,10,APROVADO,RGR_R04_DECIL4_10_APROVADO,APROVADO_AUTOMATICO_BAIXO_RISCO,Aprovacao Automatica: Risco dentro do apetite da seguradora.,0.0,False,10000.0,10000.0,0.0,0.0,G,G,ALTA,4.0,0.0
CNPJ_002887,0.0,0.079,9,RECUSADO,RGR_K02_EXCESSO_PROCESSOS_JUDICIAIS,K02_JUDICIAL_EXTREMO,Recusa Sumaria: Elevado passivo judicial (> 100 processos como requerido).,0.0,False,10000.0,0.0,0.0,0.0,M,J,ALTISSIMA,335.0,
CNPJ_002888,0.0,0.0987,6,APROVADO,RGR_R04_DECIL4_10_APROVADO,APROVADO_AUTOMATICO_BAIXO_RISCO,Aprovacao Automatica: Risco dentro do apetite da seguradora.,0.0,False,10000.0,10000.0,0.0,0.0,G,D,ALTA,0.0,0.0
CNPJ_002889,0.0,0.1062,5,APROVADO,RGR_R04_DECIL4_10_APROVADO,APROVADO_AUTOMATICO_BAIXO_RISCO,Aprovacao Automatica: Risco dentro do apetite da seguradora.,0.0,False,10000.0,10000.0,0.0,0.0,M,C,ALTA,0.0,0.0
CNPJ_002890,0.0,0.1134,4,APROVADO,RGR_R04_DECIL4_10_APROVADO,APROVADO_AUTOMATICO_BAIXO_RISCO,Aprovacao Automatica: Risco dentro do apetite da seguradora.,0.0,False,10000.0,10000.0,0.0,0.0,H,G,BAIXISSIMA,0.0,0.0
CNPJ_002891,0.0,0.118,3,ACEITO_COM_CONDICAO,RGR_R03_DECIL2_3_CONDICIONAL,ACEITE_CONDICIONAL_DECIL_INTERMEDIARIO,Aceite Condicional Decil Intermediario (+7.5% premio).,7.5,False,10000.0,10750.0,750.0,0.0,H,D,BAIXISSIMA,0.0,0.0
CNPJ_002892,0.0,0.1142,3,ACEITO_COM_CONDICAO,RGR_R03_DECIL2_3_CONDICIONAL,ACEITE_CONDICIONAL_DECIL_INTERMEDIARIO,Aceite Condicional Decil Intermediario (+7.5% premio).,7.5,False,10000.0,10750.0,750.0,0.0,G,C,MEDIA,1.0,0.0
CNPJ_002893,0.0,0.1135,3,ACEITO_COM_CONDICAO,RGR_R03_DECIL2_3_CONDICIONAL,ACEITE_CONDICIONAL_DECIL_INTERMEDIARIO,Aceite Condicional Decil Intermediario (+7.5% premio).,7.5,False,10000.0,10750.0,750.0,0.0,C,H,BAIXISSIMA,0.0,0.0
CNPJ_002894,0.0,0.2088,1,ACEITO_COM_CONDICAO,RGR_R01_DECIL1_RESGATE_COM_RASTREADOR,RECUPERACAO_COMERCIAL_D1,"Aceite Condicional Decil 1: Perfil de score alto risco, porem mitigado por baixo passivo judicial e geografia favoravel.",15.0,True,10000.0,11500.0,1500.0,0.0,H,D,BAIXISSIMA,0.0,0.0
CNPJ_002895,0.0,0.0908,8,APROVADO,RGR_R04_DECIL4_10_APROVADO,APROVADO_AUTOMATICO_BAIXO_RISCO,Aprovacao Automatica: Risco dentro do apetite da seguradora.,0.0,False,10000.0,10000.0,0.0,0.0,N,A,ALTISSIMA,0.0,0.0
CNPJ_002896,0.0,0.1052,5,APROVADO,RGR_R04_DECIL4_10_APROVADO,APROVADO_AUTOMATICO_BAIXO_RISCO,Aprovacao Automatica: Risco dentro do apetite da seguradora.,0.0,False,10000.0,10000.0,0.0,0.0,G,G,BAIXISSIMA,0.0,
CNPJ_002897,0.0,0.0756,10,APROVADO,RGR_R04_DECIL4_10_APROVADO,APROVADO_AUTOMATICO_BAIXO_RISCO,Aprovacao Automatica: Risco dentro do apetite da seguradora.,0.0,False,10000.0,10000.0,0.0,0.0,C,J,ALTA,8.0,0.0
CNPJ_002898,0.0,0.0989,6,APROVADO,RGR_R04_DECIL4_10_APROVADO,APROVADO_AUTOMATICO_BAIXO_RISCO,Aprovacao Automatica: Risco dentro do apetite da seguradora.,0.0,False,10000.0,10000.0,0.0,0.0,F,E,ALTISSIMA,2.0,0.0
CNPJ_002899,0.0,0.1105,4,APROVADO,RGR_R04_DECIL4_10_APROVADO,APROVADO_AUTOMATICO_BAIXO_RISCO,Aprovacao Automatica: Risco dentro do apetite da seguradora.,0.0,False,10000.0,10000.0,0.0,0.0,G,,BAIXISSIMA,0.0,0.0
CNPJ_002900,0.0,0.0954,7,APROVADO,RGR_R04_DECIL4_10_APROVADO,APROVADO_AUTOMATICO_BAIXO_RISCO,Aprovacao Automatica: Risco dentro do apetite da seguradora.,0.0,False,10000.0,10000.0,0.0,0.0,H,F,BAIXISSIMA,0.0,0.0
CNPJ_002901,0.0,0.0541,10,APROVADO,RGR_R04_DECIL4_10_APROVADO,APROVADO_AUTOMATICO_BAIXO_RISCO,Aprovacao Automatica: Risco dentro do apetite da seguradora.,0.0,False,10000.0,10000.0,0.0,0.0,H,,ALTA,0.0,1.0
CNPJ_002902,0.0,0.103,5,APROVADO,RGR_R04_DECIL4_10_APROVADO,APROVADO_AUTOMATICO_BAIXO_RISCO,Aprovacao Automatica: Risco dentro do apetite da seguradora.,0.0,False,10000.0,10000.0,0.0,0.0,C,J,ALTISSIMA,2.0,
CNPJ_002903,0.0,0.1076,4,APROVADO,RGR_R04_DECIL4_10_APROVADO,APROVADO_AUTOMATICO_BAIXO_RISCO,Aprovacao Automatica: Risco dentro do apetite da seguradora.,0.0,False,10000.0,10000.0,0.0,0.0,S,F,MEDIA,0.0,0.0
CNPJ_002904,0.0,0.108,4,APROVADO,RGR_R04_DECIL4_10_APROVADO,APROVADO_AUTOMATICO_BAIXO_RISCO,Aprovacao Automatica: Risco dentro do apetite da seguradora.,0.0,False,10000.0,10000.0,0.0,0.0,G,G,BAIXISSIMA,3.0,1.0
CNPJ_002905,0.0,0.1254,2,ACEITO_COM_CONDICAO,RGR_R03_DECIL2_3_CONDICIONAL,ACEITE_CONDICIONAL_DECIL_INTERMEDIARIO,Aceite Condicional Decil Intermediario (+7.5% premio).,7.5,False,10000.0,10750.0,750.0,0.0,M,G,ALTISSIMA,1.0,0.0
CNPJ_002906,0.0,0.1142,3,ACEITO_COM_CONDICAO,RGR_R03_DECIL2_3_CONDICIONAL,ACEITE_CONDICIONAL_DECIL_INTERMEDIARIO,Aceite Condicional Decil Intermediario (+7.5% premio).,7.5,False,10000.0,10750.0,750.0,0.0,A,D,BAIXISSIMA,0.0,0.0
CNPJ_002907,0.0,0.0514,10,APROVADO,RGR_R04_DECIL4_10_APROVADO,APROVADO_AUTOMATICO_BAIXO_RISCO,Aprovacao Automatica: Risco dentro do apetite da seguradora.,0.0,False,10000.0,10000.0,0.0,0.0,F,J,,64.0,0.0
CNPJ_002908,0.0,0.0859,8,APROVADO,RGR_R04_DECIL4_10_APROVADO,APROVADO_AUTOMATICO_BAIXO_RISCO,Aprovacao Automatica: Risco dentro do apetite da seguradora.,0.0,False,10000.0,10000.0,0.0,0.0,G,G,ALTA,1.0,0.0
CNPJ_002909,0.0,0.0595,10,APROVADO,RGR_R04_DECIL4_10_APROVADO,APROVADO_AUTOMATICO_BAIXO_RISCO,Aprovacao Automatica: Risco dentro do apetite da seguradora.,0.0,False,10000.0,10000.0,0.0,0.0,C,J,ALTA,3.0,
CNPJ_002910,0.0,0.1075,4,APROVADO,RGR_R04_DECIL4_10_APROVADO,APROVADO_AUTOMATICO_BAIXO_RISCO,Aprovacao Automatica: Risco dentro do apetite da seguradora.,0.0,False,10000.0,10000.0,0.0,0.0,F,F,ALTA,0.0,0.0
CNPJ_002911,0.0,0.1191,3,ACEITO_COM_CONDICAO,RGR_R03_DECIL2_3_CONDICIONAL,ACEITE_CONDICIONAL_DECIL_INTERMEDIARIO,Aceite Condicional Decil Intermediario (+7.5% premio).,7.5,False,10000.0,10750.0,750.0,0.0,G,B,ALTA,0.0,0.0
CNPJ_002912,0.0,0.0964,7,APROVADO,RGR_R04_DECIL4_10_APROVADO,APROVADO_AUTOMATICO_BAIXO_RISCO,Aprovacao Automatica: Risco dentro do apetite da seguradora.,0.0,False,10000.0,10000.0,0.0,0.0,G,,ALTA,0.0,0.0
CNPJ_002913,0.0,0.0963,7,APROVADO,RGR_R04_DECIL4_10_APROVADO,APROVADO_AUTOMATICO_BAIXO_RISCO,Aprovacao Automatica: Risco dentro do apetite da seguradora.,0.0,False,10000.0,10000.0,0.0,0.0,N,A,BAIXISSIMA,0.0,0.0
CNPJ_002914,0.0,0.1529,1,ACEITO_COM_CONDICAO,RGR_R01_DECIL1_RESGATE_COM_RASTREADOR,RECUPERACAO_COMERCIAL_D1,"Aceite Condicional Decil 1: Perfil de score alto risco, porem mitigado por baixo passivo judicial e geografia favoravel.",15.0,True,10000.0,11500.0,1500.0,0.0,G,D,BAIXISSIMA,0.0,0.0
CNPJ_002915,0.0,0.1002,6,APROVADO,RGR_R04_DECIL4_10_APROVADO,APROVADO_AUTOMATICO_BAIXO_RISCO,Aprovacao Automatica: Risco dentro do apetite da seguradora.,0.0,False,10000.0,10000.0,0.0,0.0,S,EMPRESA_ISENTA,ALTA,4.0,0.0
CNPJ_002916,0.0,0.0616,10,APROVADO,RGR_R04_DECIL4_10_APROVADO,APROVADO_AUTOMATICO_BAIXO_RISCO,Aprovacao Automatica: Risco dentro do apetite da seguradora.,0.0,False,10000.0,10000.0,0.0,0.0,C,H,MEDIA,2.0,0.0
CNPJ_002917,0.0,0.1174,3,ACEITO_COM_CONDICAO,RGR_R03_DECIL2_3_CONDICIONAL,ACEITE_CONDICIONAL_DECIL_INTERMEDIARIO,Aceite Condicional Decil Intermediario (+7.5% premio).,7.5,False,10000.0,10750.0,750.0,0.0,C,A,ALTA,0.0,0.0
CNPJ_002918,0.0,0.1092,4,APROVADO,RGR_R04_DECIL4_10_APROVADO,APROVADO_AUTOMATICO_BAIXO_RISCO,Aprovacao Automatica: Risco dentro do apetite da seguradora.,0.0,False,10000.0,10000.0,0.0,0.0,N,C,ALTA,0.0,0.0
CNPJ_002919,0.0,0.1001,6,APROVADO,RGR_R04_DECIL4_10_APROVADO,APROVADO_AUTOMATICO_BAIXO_RISCO,Aprovacao Automatica: Risco dentro do apetite da seguradora.,0.0,False,10000.0,10000.0,0.0,0.0,G,E,BAIXISSIMA,0.0,0.0
CNPJ_002920,0.0,0.1116,4,APROVADO,RGR_R04_DECIL4_10_APROVADO,APROVADO_AUTOMATICO_BAIXO_RISCO,Aprovacao Automatica: Risco dentro do apetite da seguradora.,0.0,False,10000.0,10000.0,0.0,0.0,G,J,ALTA,14.0,0.0
CNPJ_002921,0.0,0.0923,7,APROVADO,RGR_R04_DECIL4_10_APROVADO,APROVADO_AUTOMATICO_BAIXO_RISCO,Aprovacao Automatica: Risco dentro do apetite da seguradora.,0.0,False,10000.0,10000.0,0.0,0.0,N,,BAIXISSIMA,0.0,0.0
CNPJ_002922,0.0,0.0938,7,APROVADO,RGR_R04_DECIL4_10_APROVADO,APROVADO_AUTOMATICO_BAIXO_RISCO,Aprovacao Automatica: Risco dentro do apetite da seguradora.,0.0,False,10000.0,10000.0,0.0,0.0,G,C,BAIXISSIMA,0.0,1.0
CNPJ_002923,0.0,0.0988,6,APROVADO,RGR_R04_DECIL4_10_APROVADO,APROVADO_AUTOMATICO_BAIXO_RISCO,Aprovacao Automatica: Risco dentro do apetite da seguradora.,0.0,False,10000.0,10000.0,0.0,0.0,A,J,BAIXISSIMA,2.0,0.0
CNPJ_002924,0.0,0.1007,6,APROVADO,RGR_R04_DECIL4_10_APROVADO,APROVADO_AUTOMATICO_BAIXO_RISCO,Aprovacao Automatica: Risco dentro do apetite da seguradora.,0.0,False,10000.0,10000.0,0.0,0.0,C,D,ALTA,0.0,0.0
CNPJ_002925,0.0,0.1107,4,APROVADO,RGR_R04_DECIL4_10_APROVADO,APROVADO_AUTOMATICO_BAIXO_RISCO,Aprovacao Automatica: Risco dentro do apetite da seguradora.,0.0,False,10000.0,10000.0,0.0,0.0,H,A,ALTISSIMA,0.0,0.0
CNPJ_002926,0.0,0.0836,9,APROVADO,RGR_R04_DECIL4_10_APROVADO,APROVADO_AUTOMATICO_BAIXO_RISCO,Aprovacao Automatica: Risco dentro do apetite da seguradora.,0.0,False,10000.0,10000.0,0.0,0.0,G,,ALTA,0.0,0.0
CNPJ_002927,0.0,0.1256,2,ACEITO_COM_CONDICAO,RGR_R03_DECIL2_3_CONDICIONAL,ACEITE_CONDICIONAL_DECIL_INTERMEDIARIO,Aceite Condicional Decil Intermediario (+7.5% premio).,7.5,False,10000.0,10750.0,750.0,0.0,G,D,ALTA,0.0,0.0
CNPJ_002928,0.0,0.0717,10,APROVADO,RGR_R04_DECIL4_10_APROVADO,APROVADO_AUTOMATICO_BAIXO_RISCO,Aprovacao Automatica: Risco dentro do apetite da seguradora.,0.0,False,10000.0,10000.0,0.0,0.0,H,I,BAIXISSIMA,15.0,1.0
CNPJ_002929,0.0,0.1075,4,RECUSADO,RGR_K02_EXCESSO_PROCESSOS_JUDICIAIS,K02_JUDICIAL_EXTREMO,Recusa Sumaria: Elevado passivo judicial (> 100 processos como requerido).,0.0,False,10000.0,0.0,0.0,0.0,G,J,MEDIA,212.0,0.0
CNPJ_002930,0.0,0.1308,2,ACEITO_COM_CONDICAO,RGR_R03_DECIL2_3_CONDICIONAL,ACEITE_CONDICIONAL_DECIL_INTERMEDIARIO,Aceite Condicional Decil Intermediario (+7.5% premio).,7.5,False,10000.0,10750.0,750.0,0.0,G,F,ALTA,0.0,0.0
CNPJ_002931,0.0,0.0878,8,APROVADO,RGR_R04_DECIL4_10_APROVADO,APROVADO_AUTOMATICO_BAIXO_RISCO,Aprovacao Automatica: Risco dentro do apetite da seguradora.,0.0,False,10000.0,10000.0,0.0,0.0,H,E,ALTISSIMA,0.0,0.0
CNPJ_002932,0.0,0.0974,7,APROVADO,RGR_R04_DECIL4_10_APROVADO,APROVADO_AUTOMATICO_BAIXO_RISCO,Aprovacao Automatica: Risco dentro do apetite da seguradora.,0.0,False,10000.0,10000.0,0.0,0.0,M,I,BAIXISSIMA,11.0,0.0
CNPJ_002933,0.0,0.1093,4,APROVADO,RGR_R04_DECIL4_10_APROVADO,APROVADO_AUTOMATICO_BAIXO_RISCO,Aprovacao Automatica: Risco dentro do apetite da seguradora.,0.0,False,10000.0,10000.0,0.0,0.0,A,,ALTA,0.0,0.0
CNPJ_002934,0.0,0.1011,6,APROVADO,RGR_R04_DECIL4_10_APROVADO,APROVADO_AUTOMATICO_BAIXO_RISCO,Aprovacao Automatica: Risco dentro do apetite da seguradora.,0.0,False,10000.0,10000.0,0.0,0.0,N,C,ALTISSIMA,0.0,0.0
CNPJ_002935,0.0,0.097,7,APROVADO,RGR_R04_DECIL4_10_APROVADO,APROVADO_AUTOMATICO_BAIXO_RISCO,Aprovacao Automatica: Risco dentro do apetite da seguradora.,0.0,False,10000.0,10000.0,0.0,0.0,G,F,ALTA,1.0,0.0
CNPJ_002936,0.0,0.1111,4,APROVADO,RGR_R04_DECIL4_10_APROVADO,APROVADO_AUTOMATICO_BAIXO_RISCO,Aprovacao Automatica: Risco dentro do apetite da seguradora.,0.0,False,10000.0,10000.0,0.0,0.0,S,EMPRESA_ISENTA,BAIXISSIMA,0.0,0.0
CNPJ_002937,0.0,0.0903,8,APROVADO,RGR_R04_DECIL4_10_APROVADO,APROVADO_AUTOMATICO_BAIXO_RISCO,Aprovacao Automatica: Risco dentro do apetite da seguradora.,0.0,False,10000.0,10000.0,0.0,0.0,G,E,BAIXISSIMA,1.0,0.0
CNPJ_002938,0.0,0.0653,10,APROVADO,RGR_R04_DECIL4_10_APROVADO,APROVADO_AUTOMATICO_BAIXO_RISCO,Aprovacao Automatica: Risco dentro do apetite da seguradora.,0.0,False,10000.0,10000.0,0.0,0.0,C,J,ALTISSIMA,87.0,0.0
CNPJ_002939,0.0,0.0995,6,APROVADO,RGR_R04_DECIL4_10_APROVADO,APROVADO_AUTOMATICO_BAIXO_RISCO,Aprovacao Automatica: Risco dentro do apetite da seguradora.,0.0,False,10000.0,10000.0,0.0,0.0,G,E,ALTA,5.0,0.0
CNPJ_002940,0.0,0.1074,5,APROVADO,RGR_R04_DECIL4_10_APROVADO,APROVADO_AUTOMATICO_BAIXO_RISCO,Aprovacao Automatica: Risco dentro do apetite da seguradora.,0.0,False,10000.0,10000.0,0.0,0.0,G,D,ALTA,0.0,1.0
CNPJ_002941,0.0,0.0795,9,APROVADO,RGR_R04_DECIL4_10_APROVADO,APROVADO_AUTOMATICO_BAIXO_RISCO,Aprovacao Automatica: Risco dentro do apetite da seguradora.,0.0,False,10000.0,10000.0,0.0,0.0,G,A,ALTA,0.0,0.0
CNPJ_002942,0.0,0.0894,8,APROVADO,RGR_R04_DECIL4_10_APROVADO,APROVADO_AUTOMATICO_BAIXO_RISCO,Aprovacao Automatica: Risco dentro do apetite da seguradora.,0.0,False,10000.0,10000.0,0.0,0.0,G,I,ALTISSIMA,1.0,0.0
CNPJ_002943,0.0,0.1165,3,ACEITO_COM_CONDICAO,RGR_R03_DECIL2_3_CONDICIONAL,ACEITE_CONDICIONAL_DECIL_INTERMEDIARIO,Aceite Condicional Decil Intermediario (+7.5% premio).,7.5,False,10000.0,10750.0,750.0,0.0,G,E,ALTA,0.0,
CNPJ_002944,0.0,0.1011,6,APROVADO,RGR_R04_DECIL4_10_APROVADO,APROVADO_AUTOMATICO_BAIXO_RISCO,Aprovacao Automatica: Risco dentro do apetite da seguradora.,0.0,False,10000.0,10000.0,0.0,0.0,N,A,ALTISSIMA,0.0,0.0
CNPJ_002945,0.0,0.1354,2,ACEITO_COM_CONDICAO,RGR_R03_DECIL2_3_CONDICIONAL,ACEITE_CONDICIONAL_DECIL_INTERMEDIARIO,Aceite Condicional Decil Intermediario (+7.5% premio).,7.5,False,10000.0,10750.0,750.0,0.0,Q,EMPRESA_ISENTA,BAIXISSIMA,13.0,1.0
CNPJ_002946,0.0,0.1012,6,APROVADO,RGR_R04_DECIL4_10_APROVADO,APROVADO_AUTOMATICO_BAIXO_RISCO,Aprovacao Automatica: Risco dentro do apetite da seguradora.,0.0,False,10000.0,10000.0,0.0,0.0,G,I,,4.0,0.0
CNPJ_002947,0.0,0.0851,9,APROVADO,RGR_R04_DECIL4_10_APROVADO,APROVADO_AUTOMATICO_BAIXO_RISCO,Aprovacao Automatica: Risco dentro do apetite da seguradora.,0.0,False,10000.0,10000.0,0.0,0.0,N,F,ALTISSIMA,1.0,0.0
CNPJ_002948,0.0,0.0959,7,APROVADO,RGR_R04_DECIL4_10_APROVADO,APROVADO_AUTOMATICO_BAIXO_RISCO,Aprovacao Automatica: Risco dentro do apetite da seguradora.,0.0,False,10000.0,10000.0,0.0,0.0,C,G,ALTA,0.0,0.0
CNPJ_002949,0.0,0.0916,8,APROVADO,RGR_R04_DECIL4_10_APROVADO,APROVADO_AUTOMATICO_BAIXO_RISCO,Aprovacao Automatica: Risco dentro do apetite da seguradora.,0.0,False,10000.0,10000.0,0.0,0.0,F,D,BAIXISSIMA,0.0,0.0
CNPJ_002950,0.0,0.2299,1,ACEITO_COM_CONDICAO,RGR_R01_DECIL1_RESGATE_COM_RASTREADOR,RECUPERACAO_COMERCIAL_D1,"Aceite Condicional Decil 1: Perfil de score alto risco, porem mitigado por baixo passivo judicial e geografia favoravel.",15.0,True,10000.0,11500.0,1500.0,0.0,H,I,BAIXISSIMA,1.0,0.0
CNPJ_002951,0.0,0.0992,6,APROVADO,RGR_R04_DECIL4_10_APROVADO,APROVADO_AUTOMATICO_BAIXO_RISCO,Aprovacao Automatica: Risco dentro do apetite da seguradora.,0.0,False,10000.0,10000.0,0.0,0.0,G,D,MEDIA,0.0,0.0
CNPJ_002952,0.0,0.0828,9,APROVADO,RGR_R04_DECIL4_10_APROVADO,APROVADO_AUTOMATICO_BAIXO_RISCO,Aprovacao Automatica: Risco dentro do apetite da seguradora.,0.0,False,10000.0,10000.0,0.0,0.0,M,E,BAIXISSIMA,1.0,0.0
CNPJ_002953,0.0,0.0709,10,APROVADO,RGR_R04_DECIL4_10_APROVADO,APROVADO_AUTOMATICO_BAIXO_RISCO,Aprovacao Automatica: Risco dentro do apetite da seguradora.,0.0,False,10000.0,10000.0,0.0,0.0,,,,,
CNPJ_002954,0.0,0.1076,4,APROVADO,RGR_R04_DECIL4_10_APROVADO,APROVADO_AUTOMATICO_BAIXO_RISCO,Aprovacao Automatica: Risco dentro do apetite da seguradora.,0.0,False,10000.0,10000.0,0.0,0.0,C,J,MEDIA,84.0,0.0
CNPJ_002955,0.0,0.1013,6,APROVADO,RGR_R04_DECIL4_10_APROVADO,APROVADO_AUTOMATICO_BAIXO_RISCO,Aprovacao Automatica: Risco dentro do apetite da seguradora.,0.0,False,10000.0,10000.0,0.0,0.0,N,C,ALTA,0.0,0.0
CNPJ_002956,0.0,0.1004,6,APROVADO,RGR_R04_DECIL4_10_APROVADO,APROVADO_AUTOMATICO_BAIXO_RISCO,Aprovacao Automatica: Risco dentro do apetite da seguradora.,0.0,False,10000.0,10000.0,0.0,0.0,G,,BAIXISSIMA,0.0,1.0
CNPJ_002957,0.0,0.071,10,APROVADO,RGR_R04_DECIL4_10_APROVADO,APROVADO_AUTOMATICO_BAIXO_RISCO,Aprovacao Automatica: Risco dentro do apetite da seguradora.,0.0,False,10000.0,10000.0,0.0,0.0,C,J,ALTA,8.0,1.0
CNPJ_002958,0.0,0.0774,9,APROVADO,RGR_R04_DECIL4_10_APROVADO,APROVADO_AUTOMATICO_BAIXO_RISCO,Aprovacao Automatica: Risco dentro do apetite da seguradora.,0.0,False,10000.0,10000.0,0.0,0.0,H,F,MEDIA,10.0,0.0
CNPJ_002959,0.0,0.059,10,APROVADO,RGR_R04_DECIL4_10_APROVADO,APROVADO_AUTOMATICO_BAIXO_RISCO,Aprovacao Automatica: Risco dentro do apetite da seguradora.,0.0,False,10000.0,10000.0,0.0,0.0,C,J,ALTISSIMA,0.0,0.0
CNPJ_002960,0.0,0.0839,9,APROVADO,RGR_R04_DECIL4_10_APROVADO,APROVADO_AUTOMATICO_BAIXO_RISCO,Aprovacao Automatica: Risco dentro do apetite da seguradora.,0.0,False,10000.0,10000.0,0.0,0.0,G,E,ALTA,3.0,0.0
CNPJ_002961,0.0,0.0975,6,APROVADO,RGR_R04_DECIL4_10_APROVADO,APROVADO_AUTOMATICO_BAIXO_RISCO,Aprovacao Automatica: Risco dentro do apetite da seguradora.,0.0,False,10000.0,10000.0,0.0,0.0,G,D,ALTA,0.0,0.0
CNPJ_002962,0.0,0.0865,8,APROVADO,RGR_R04_DECIL4_10_APROVADO,APROVADO_AUTOMATICO_BAIXO_RISCO,Aprovacao Automatica: Risco dentro do apetite da seguradora.,0.0,False,10000.0,10000.0,0.0,0.0,C,J,BAIXISSIMA,4.0,1.0
CNPJ_002963,0.0,0.0853,9,APROVADO,RGR_R04_DECIL4_10_APROVADO,APROVADO_AUTOMATICO_BAIXO_RISCO,Aprovacao Automatica: Risco dentro do apetite da seguradora.,0.0,False,10000.0,10000.0,0.0,0.0,G,F,BAIXISSIMA,0.0,0.0
CNPJ_002964,0.0,0.0998,6,APROVADO,RGR_R04_DECIL4_10_APROVADO,APROVADO_AUTOMATICO_BAIXO_RISCO,Aprovacao Automatica: Risco dentro do apetite da seguradora.,0.0,False,10000.0,10000.0,0.0,0.0,G,H,ALTA,11.0,0.0
CNPJ_002965,0.0,0.0837,9,APROVADO,RGR_R04_DECIL4_10_APROVADO,APROVADO_AUTOMATICO_BAIXO_RISCO,Aprovacao Automatica: Risco dentro do apetite da seguradora.,0.0,False,10000.0,10000.0,0.0,0.0,M,F,ALTISSIMA,0.0,0.0
CNPJ_002966,0.0,0.1096,4,APROVADO,RGR_R04_DECIL4_10_APROVADO,APROVADO_AUTOMATICO_BAIXO_RISCO,Aprovacao Automatica: Risco dentro do apetite da seguradora.,0.0,False,10000.0,10000.0,0.0,0.0,C,H,BAIXISSIMA,2.0,0.0
CNPJ_002967,0.0,0.0949,7,APROVADO,RGR_R04_DECIL4_10_APROVADO,APROVADO_AUTOMATICO_BAIXO_RISCO,Aprovacao Automatica: Risco dentro do apetite da seguradora.,0.0,False,10000.0,10000.0,0.0,0.0,N,A,ALTA,0.0,0.0
CNPJ_002968,0.0,0.2445,1,ACEITO_COM_CONDICAO,RGR_R01_DECIL1_RESGATE_COM_RASTREADOR,RECUPERACAO_COMERCIAL_D1,"Aceite Condicional Decil 1: Perfil de score alto risco, porem mitigado por baixo passivo judicial e geografia favoravel.",15.0,True,10000.0,11500.0,1500.0,0.0,H,,BAIXISSIMA,0.0,1.0
CNPJ_002969,0.0,0.1412,1,RECUSADO,RGR_R02_DECIL1_RECUSA_PADRAO,DECIL1_ALTO_RISCO_SEM_MITIGACAO,Recusa por Decil 1 de Risco sem criterios para resgate comercial.,0.0,False,10000.0,0.0,0.0,0.0,G,E,ALTA,1.0,0.0
CNPJ_002970,0.0,0.126,2,ACEITO_COM_CONDICAO,RGR_R03_DECIL2_3_CONDICIONAL,ACEITE_CONDICIONAL_DECIL_INTERMEDIARIO,Aceite Condicional Decil Intermediario (+7.5% premio).,7.5,False,10000.0,10750.0,750.0,0.0,C,F,ALTA,0.0,0.0
CNPJ_002971,0.0,0.089,8,APROVADO,RGR_R04_DECIL4_10_APROVADO,APROVADO_AUTOMATICO_BAIXO_RISCO,Aprovacao Automatica: Risco dentro do apetite da seguradora.,0.0,False,10000.0,10000.0,0.0,0.0,G,E,BAIXISSIMA,1.0,0.0
CNPJ_002972,0.0,0.0936,7,APROVADO,RGR_R04_DECIL4_10_APROVADO,APROVADO_AUTOMATICO_BAIXO_RISCO,Aprovacao Automatica: Risco dentro do apetite da seguradora.,0.0,False,10000.0,10000.0,0.0,0.0,H,B,ALTA,0.0,1.0
CNPJ_002973,0.0,0.0716,10,APROVADO,RGR_R04_DECIL4_10_APROVADO,APROVADO_AUTOMATICO_BAIXO_RISCO,Aprovacao Automatica: Risco dentro do apetite da seguradora.,0.0,False,10000.0,10000.0,0.0,0.0,H,A,ALTA,2.0,0.0
CNPJ_002974,0.0,0.0922,7,APROVADO,RGR_R04_DECIL4_10_APROVADO,APROVADO_AUTOMATICO_BAIXO_RISCO,Aprovacao Automatica: Risco dentro do apetite da seguradora.,0.0,False,10000.0,10000.0,0.0,0.0,H,F,,10.0,1.0
CNPJ_002975,0.0,0.0844,9,APROVADO,RGR_R04_DECIL4_10_APROVADO,APROVADO_AUTOMATICO_BAIXO_RISCO,Aprovacao Automatica: Risco dentro do apetite da seguradora.,0.0,False,10000.0,10000.0,0.0,0.0,C,B,ALTA,1.0,0.0
CNPJ_002976,0.0,0.1201,3,ACEITO_COM_CONDICAO,RGR_R03_DECIL2_3_CONDICIONAL,ACEITE_CONDICIONAL_DECIL_INTERMEDIARIO,Aceite Condicional Decil Intermediario (+7.5% premio).,7.5,False,10000.0,10750.0,750.0,0.0,H,,BAIXISSIMA,0.0,0.0
CNPJ_002977,0.0,0.1081,4,APROVADO,RGR_R04_DECIL4_10_APROVADO,APROVADO_AUTOMATICO_BAIXO_RISCO,Aprovacao Automatica: Risco dentro do apetite da seguradora.,0.0,False,10000.0,10000.0,0.0,0.0,H,E,ALTA,1.0,0.0
CNPJ_002978,0.0,0.0938,7,APROVADO,RGR_R04_DECIL4_10_APROVADO,APROVADO_AUTOMATICO_BAIXO_RISCO,Aprovacao Automatica: Risco dentro do apetite da seguradora.,0.0,False,10000.0,10000.0,0.0,0.0,G,D,ALTA,0.0,0.0
CNPJ_002979,0.0,0.102,6,APROVADO,RGR_R04_DECIL4_10_APROVADO,APROVADO_AUTOMATICO_BAIXO_RISCO,Aprovacao Automatica: Risco dentro do apetite da seguradora.,0.0,False,10000.0,10000.0,0.0,0.0,M,D,ALTISSIMA,0.0,0.0
CNPJ_002980,0.0,0.1002,6,APROVADO,RGR_R04_DECIL4_10_APROVADO,APROVADO_AUTOMATICO_BAIXO_RISCO,Aprovacao Automatica: Risco dentro do apetite da seguradora.,0.0,False,10000.0,10000.0,0.0,0.0,C,D,BAIXISSIMA,0.0,0.0
CNPJ_002981,0.0,0.0892,8,APROVADO,RGR_R04_DECIL4_10_APROVADO,APROVADO_AUTOMATICO_BAIXO_RISCO,Aprovacao Automatica: Risco dentro do apetite da seguradora.,0.0,False,10000.0,10000.0,0.0,0.0,G,J,ALTA,14.0,
CNPJ_002982,0.0,0.1072,5,APROVADO,RGR_R04_DECIL4_10_APROVADO,APROVADO_AUTOMATICO_BAIXO_RISCO,Aprovacao Automatica: Risco dentro do apetite da seguradora.,0.0,False,10000.0,10000.0,0.0,0.0,C,,BAIXISSIMA,0.0,0.0
CNPJ_002983,0.0,0.1288,2,ACEITO_COM_CONDICAO,RGR_R03_DECIL2_3_CONDICIONAL,ACEITE_CONDICIONAL_DECIL_INTERMEDIARIO,Aceite Condicional Decil Intermediario (+7.5% premio).,7.5,False,10000.0,10750.0,750.0,0.0,G,F,ALTA,0.0,0.0
CNPJ_002984,0.0,0.0988,6,APROVADO,RGR_R04_DECIL4_10_APROVADO,APROVADO_AUTOMATICO_BAIXO_RISCO,Aprovacao Automatica: Risco dentro do apetite da seguradora.,0.0,False,10000.0,10000.0,0.0,0.0,G,I,ALTISSIMA,36.0,0.0
CNPJ_002985,0.0,0.1354,2,ACEITO_COM_CONDICAO,RGR_R03_DECIL2_3_CONDICIONAL,ACEITE_CONDICIONAL_DECIL_INTERMEDIARIO,Aceite Condicional Decil Intermediario (+7.5% premio).,7.5,False,10000.0,10750.0,750.0,0.0,H,,ALTA,0.0,0.0
CNPJ_002986,0.0,0.1015,6,APROVADO,RGR_R04_DECIL4_10_APROVADO,APROVADO_AUTOMATICO_BAIXO_RISCO,Aprovacao Automatica: Risco dentro do apetite da seguradora.,0.0,False,10000.0,10000.0,0.0,0.0,C,D,ALTA,14.0,0.0
CNPJ_002987,0.0,0.224,1,RECUSADO,RGR_R02_DECIL1_RECUSA_PADRAO,DECIL1_ALTO_RISCO_SEM_MITIGACAO,Recusa por Decil 1 de Risco sem criterios para resgate comercial.,0.0,False,10000.0,0.0,0.0,0.0,H,J,BAIXISSIMA,97.0,0.0
CNPJ_002988,0.0,0.111,4,APROVADO,RGR_R04_DECIL4_10_APROVADO,APROVADO_AUTOMATICO_BAIXO_RISCO,Aprovacao Automatica: Risco dentro do apetite da seguradora.,0.0,False,10000.0,10000.0,0.0,0.0,G,D,BAIXISSIMA,0.0,0.0
CNPJ_002989,0.0,0.0998,6,APROVADO,RGR_R04_DECIL4_10_APROVADO,APROVADO_AUTOMATICO_BAIXO_RISCO,Aprovacao Automatica: Risco dentro do apetite da seguradora.,0.0,False,10000.0,10000.0,0.0,0.0,F,J,ALTA,63.0,0.0
CNPJ_002990,0.0,0.0803,9,APROVADO,RGR_R04_DECIL4_10_APROVADO,APROVADO_AUTOMATICO_BAIXO_RISCO,Aprovacao Automatica: Risco dentro do apetite da seguradora.,0.0,False,10000.0,10000.0,0.0,0.0,G,H,ALTA,4.0,0.0
CNPJ_002991,0.0,0.0699,10,APROVADO,RGR_R04_DECIL4_10_APROVADO,APROVADO_AUTOMATICO_BAIXO_RISCO,Aprovacao Automatica: Risco dentro do apetite da seguradora.,0.0,False,10000.0,10000.0,0.0,0.0,H,E,ALTISSIMA,0.0,0.0
CNPJ_002992,0.0,0.0651,10,APROVADO,RGR_R04_DECIL4_10_APROVADO,APROVADO_AUTOMATICO_BAIXO_RISCO,Aprovacao Automatica: Risco dentro do apetite da seguradora.,0.0,False,10000.0,10000.0,0.0,0.0,H,A,BAIXISSIMA,0.0,0.0
CNPJ_002993,0.0,0.108,4,APROVADO,RGR_R04_DECIL4_10_APROVADO,APROVADO_AUTOMATICO_BAIXO_RISCO,Aprovacao Automatica: Risco dentro do apetite da seguradora.,0.0,False,10000.0,10000.0,0.0,0.0,G,C,ALTISSIMA,1.0,0.0
CNPJ_002994,0.0,0.1335,2,ACEITO_COM_CONDICAO,RGR_R03_DECIL2_3_CONDICIONAL,ACEITE_CONDICIONAL_DECIL_INTERMEDIARIO,Aceite Condicional Decil Intermediario (+7.5% premio).,7.5,False,10000.0,10750.0,750.0,0.0,G,D,ALTA,2.0,0.0
CNPJ_002995,0.0,0.0857,8,APROVADO,RGR_R04_DECIL4_10_APROVADO,APROVADO_AUTOMATICO_BAIXO_RISCO,Aprovacao Automatica: Risco dentro do apetite da seguradora.,0.0,False,10000.0,10000.0,0.0,0.0,G,J,ALTA,23.0,0.0
CNPJ_002996,0.0,0.071,10,APROVADO,RGR_R04_DECIL4_10_APROVADO,APROVADO_AUTOMATICO_BAIXO_RISCO,Aprovacao Automatica: Risco dentro do apetite da seguradora.,0.0,False,10000.0,10000.0,0.0,0.0,H,E,ALTA,1.0,0.0
CNPJ_002997,0.0,0.0984,6,APROVADO,RGR_R04_DECIL4_10_APROVADO,APROVADO_AUTOMATICO_BAIXO_RISCO,Aprovacao Automatica: Risco dentro do apetite da seguradora.,0.0,False,10000.0,10000.0,0.0,0.0,G,D,BAIXISSIMA,0.0,0.0
CNPJ_002998,0.0,0.1179,3,ACEITO_COM_CONDICAO,RGR_R03_DECIL2_3_CONDICIONAL,ACEITE_CONDICIONAL_DECIL_INTERMEDIARIO,Aceite Condicional Decil Intermediario (+7.5% premio).,7.5,False,10000.0,10750.0,750.0,0.0,G,C,ALTA,0.0,0.0
CNPJ_002999,0.0,0.0989,6,APROVADO,RGR_R04_DECIL4_10_APROVADO,APROVADO_AUTOMATICO_BAIXO_RISCO,Aprovacao Automatica: Risco dentro do apetite da seguradora.,0.0,False,10000.0,10000.0,0.0,0.0,P,F,BAIXISSIMA,0.0,0.0
CNPJ_003000,0.0,0.0916,8,APROVADO,RGR_R04_DECIL4_10_APROVADO,APROVADO_AUTOMATICO_BAIXO_RISCO,Aprovacao Automatica: Risco dentro do apetite da seguradora.,0.0,False,10000.0,10000.0,0.0,0.0,G,E,ALTA,0.0,0.0
CNPJ_003001,0.0,0.1001,6,APROVADO,RGR_R04_DECIL4_10_APROVADO,APROVADO_AUTOMATICO_BAIXO_RISCO,Aprovacao Automatica: Risco dentro do apetite da seguradora.,0.0,False,10000.0,10000.0,0.0,0.0,G,F,BAIXISSIMA,0.0,0.0
CNPJ_003002,0.0,0.1006,6,APROVADO,RGR_R04_DECIL4_10_APROVADO,APROVADO_AUTOMATICO_BAIXO_RISCO,Aprovacao Automatica: Risco dentro do apetite da seguradora.,0.0,False,10000.0,10000.0,0.0,0.0,E,G,BAIXISSIMA,0.0,0.0
CNPJ_003003,0.0,0.082,9,APROVADO,RGR_R04_DECIL4_10_APROVADO,APROVADO_AUTOMATICO_BAIXO_RISCO,Aprovacao Automatica: Risco dentro do apetite da seguradora.,0.0,False,10000.0,10000.0,0.0,0.0,H,,BAIXISSIMA,0.0,0.0
CNPJ_003004,0.0,0.1183,3,ACEITO_COM_CONDICAO,RGR_R03_DECIL2_3_CONDICIONAL,ACEITE_CONDICIONAL_DECIL_INTERMEDIARIO,Aceite Condicional Decil Intermediario (+7.5% premio).,7.5,False,10000.0,10750.0,750.0,0.0,H,D,ALTA,2.0,0.0
CNPJ_003005,0.0,0.0933,7,APROVADO,RGR_R04_DECIL4_10_APROVADO,APROVADO_AUTOMATICO_BAIXO_RISCO,Aprovacao Automatica: Risco dentro do apetite da seguradora.,0.0,False,10000.0,10000.0,0.0,0.0,C,A,BAIXISSIMA,0.0,1.0
CNPJ_003006,0.0,0.1058,5,APROVADO,RGR_R04_DECIL4_10_APROVADO,APROVADO_AUTOMATICO_BAIXO_RISCO,Aprovacao Automatica: Risco dentro do apetite da seguradora.,0.0,False,10000.0,10000.0,0.0,0.0,N,A,ALTA,0.0,0.0
CNPJ_003007,0.0,0.0909,8,APROVADO,RGR_R04_DECIL4_10_APROVADO,APROVADO_AUTOMATICO_BAIXO_RISCO,Aprovacao Automatica: Risco dentro do apetite da seguradora.,0.0,False,10000.0,10000.0,0.0,0.0,C,J,ALTA,62.0,0.0
CNPJ_003008,0.0,0.0784,9,APROVADO,RGR_R04_DECIL4_10_APROVADO,APROVADO_AUTOMATICO_BAIXO_RISCO,Aprovacao Automatica: Risco dentro do apetite da seguradora.,0.0,False,10000.0,10000.0,0.0,0.0,G,H,ALTISSIMA,1.0,0.0
CNPJ_003009,0.0,0.0997,6,APROVADO,RGR_R04_DECIL4_10_APROVADO,APROVADO_AUTOMATICO_BAIXO_RISCO,Aprovacao Automatica: Risco dentro do apetite da seguradora.,0.0,False,10000.0,10000.0,0.0,0.0,G,G,ALTA,1.0,0.0
CNPJ_003010,0.0,0.0914,8,APROVADO,RGR_R04_DECIL4_10_APROVADO,APROVADO_AUTOMATICO_BAIXO_RISCO,Aprovacao Automatica: Risco dentro do apetite da seguradora.,0.0,False,10000.0,10000.0,0.0,0.0,Q,G,ALTISSIMA,5.0,0.0
CNPJ_003011,0.0,0.0936,7,APROVADO,RGR_R04_DECIL4_10_APROVADO,APROVADO_AUTOMATICO_BAIXO_RISCO,Aprovacao Automatica: Risco dentro do apetite da seguradora.,0.0,False,10000.0,10000.0,0.0,0.0,S,EMPRESA_ISENTA,ALTA,25.0,0.0
CNPJ_003012,0.0,0.0986,6,APROVADO,RGR_R04_DECIL4_10_APROVADO,APROVADO_AUTOMATICO_BAIXO_RISCO,Aprovacao Automatica: Risco dentro do apetite da seguradora.,0.0,False,10000.0,10000.0,0.0,0.0,C,D,ALTISSIMA,2.0,0.0
CNPJ_003013,0.0,0.0971,7,APROVADO,RGR_R04_DECIL4_10_APROVADO,APROVADO_AUTOMATICO_BAIXO_RISCO,Aprovacao Automatica: Risco dentro do apetite da seguradora.,0.0,False,10000.0,10000.0,0.0,0.0,C,C,BAIXISSIMA,0.0,0.0
CNPJ_003014,0.0,0.0676,10,RECUSADO,RGR_K01_RISCO_LIDERANCA_AREA_CRITICA,K01_LIDERANCA_AREA_CRITICA,Recusa Sumaria: Risco de lideranca detectado em area de concentracao altissima de sinistro.,0.0,False,10000.0,0.0,0.0,0.0,H,E,ALTISSIMA,5.0,1.0
CNPJ_003015,0.0,0.1865,1,RECUSADO,RGR_R02_DECIL1_RECUSA_PADRAO,DECIL1_ALTO_RISCO_SEM_MITIGACAO,Recusa por Decil 1 de Risco sem criterios para resgate comercial.,0.0,False,10000.0,0.0,0.0,0.0,H,I,BAIXISSIMA,41.0,0.0
CNPJ_003016,0.0,0.0963,7,APROVADO,RGR_R04_DECIL4_10_APROVADO,APROVADO_AUTOMATICO_BAIXO_RISCO,Aprovacao Automatica: Risco dentro do apetite da seguradora.,0.0,False,10000.0,10000.0,0.0,0.0,G,E,ALTA,1.0,0.0
CNPJ_003017,0.0,0.1078,4,APROVADO,RGR_R04_DECIL4_10_APROVADO,APROVADO_AUTOMATICO_BAIXO_RISCO,Aprovacao Automatica: Risco dentro do apetite da seguradora.,0.0,False,10000.0,10000.0,0.0,0.0,C,I,ALTA,11.0,0.0
CNPJ_003018,0.0,0.1502,1,RECUSADO,RGR_R02_DECIL1_RECUSA_PADRAO,DECIL1_ALTO_RISCO_SEM_MITIGACAO,Recusa por Decil 1 de Risco sem criterios para resgate comercial.,0.0,False,10000.0,0.0,0.0,0.0,C,G,ALTA,7.0,0.0
CNPJ_003019,0.0,0.0486,10,APROVADO,RGR_R04_DECIL4_10_APROVADO,APROVADO_AUTOMATICO_BAIXO_RISCO,Aprovacao Automatica: Risco dentro do apetite da seguradora.,0.0,False,10000.0,10000.0,0.0,0.0,H,J,ALTA,32.0,0.0
CNPJ_003020,0.0,0.1148,3,ACEITO_COM_CONDICAO,RGR_R03_DECIL2_3_CONDICIONAL,ACEITE_CONDICIONAL_DECIL_INTERMEDIARIO,Aceite Condicional Decil Intermediario (+7.5% premio).,7.5,False,10000.0,10750.0,750.0,0.0,C,J,ALTA,7.0,0.0
CNPJ_003021,0.0,0.0847,9,APROVADO,RGR_R04_DECIL4_10_APROVADO,APROVADO_AUTOMATICO_BAIXO_RISCO,Aprovacao Automatica: Risco dentro do apetite da seguradora.,0.0,False,10000.0,10000.0,0.0,0.0,M,C,ALTA,0.0,0.0
CNPJ_003022,0.0,0.1218,2,ACEITO_COM_CONDICAO,RGR_R03_DECIL2_3_CONDICIONAL,ACEITE_CONDICIONAL_DECIL_INTERMEDIARIO,Aceite Condicional Decil Intermediario (+7.5% premio).,7.5,False,10000.0,10750.0,750.0,0.0,G,B,ALTA,0.0,0.0
CNPJ_003023,0.0,0.078,9,APROVADO,RGR_R04_DECIL4_10_APROVADO,APROVADO_AUTOMATICO_BAIXO_RISCO,Aprovacao Automatica: Risco dentro do apetite da seguradora.,0.0,False,10000.0,10000.0,0.0,0.0,F,F,BAIXISSIMA,0.0,1.0
CNPJ_003024,0.0,0.0807,9,APROVADO,RGR_R04_DECIL4_10_APROVADO,APROVADO_AUTOMATICO_BAIXO_RISCO,Aprovacao Automatica: Risco dentro do apetite da seguradora.,0.0,False,10000.0,10000.0,0.0,0.0,A,,ALTA,0.0,0.0
CNPJ_003025,0.0,0.0849,9,APROVADO,RGR_R04_DECIL4_10_APROVADO,APROVADO_AUTOMATICO_BAIXO_RISCO,Aprovacao Automatica: Risco dentro do apetite da seguradora.,0.0,False,10000.0,10000.0,0.0,0.0,G,F,ALTA,1.0,0.0
CNPJ_003026,0.0,0.1,6,RECUSADO,RGR_K02_EXCESSO_PROCESSOS_JUDICIAIS,K02_JUDICIAL_EXTREMO,Recusa Sumaria: Elevado passivo judicial (> 100 processos como requerido).,0.0,False,10000.0,0.0,0.0,0.0,C,J,BAIXISSIMA,155.0,0.0
CNPJ_003027,0.0,0.0864,8,APROVADO,RGR_R04_DECIL4_10_APROVADO,APROVADO_AUTOMATICO_BAIXO_RISCO,Aprovacao Automatica: Risco dentro do apetite da seguradora.,0.0,False,10000.0,10000.0,0.0,0.0,G,E,ALTA,1.0,0.0
CNPJ_003028,0.0,0.0967,7,APROVADO,RGR_R04_DECIL4_10_APROVADO,APROVADO_AUTOMATICO_BAIXO_RISCO,Aprovacao Automatica: Risco dentro do apetite da seguradora.,0.0,False,10000.0,10000.0,0.0,0.0,G,D,BAIXISSIMA,0.0,0.0
CNPJ_003029,0.0,0.1002,6,APROVADO,RGR_R04_DECIL4_10_APROVADO,APROVADO_AUTOMATICO_BAIXO_RISCO,Aprovacao Automatica: Risco dentro do apetite da seguradora.,0.0,False,10000.0,10000.0,0.0,0.0,G,G,BAIXISSIMA,0.0,0.0
CNPJ_003030,0.0,0.0628,10,APROVADO,RGR_R04_DECIL4_10_APROVADO,APROVADO_AUTOMATICO_BAIXO_RISCO,Aprovacao Automatica: Risco dentro do apetite da seguradora.,0.0,False,10000.0,10000.0,0.0,0.0,C,J,BAIXISSIMA,98.0,0.0
CNPJ_003031,0.0,0.0902,8,APROVADO,RGR_R04_DECIL4_10_APROVADO,APROVADO_AUTOMATICO_BAIXO_RISCO,Aprovacao Automatica: Risco dentro do apetite da seguradora.,0.0,False,10000.0,10000.0,0.0,0.0,F,C,MEDIA,0.0,1.0
CNPJ_003032,0.0,0.0907,8,APROVADO,RGR_R04_DECIL4_10_APROVADO,APROVADO_AUTOMATICO_BAIXO_RISCO,Aprovacao Automatica: Risco dentro do apetite da seguradora.,0.0,False,10000.0,10000.0,0.0,0.0,G,,ALTISSIMA,0.0,0.0
CNPJ_003033,0.0,0.1275,2,ACEITO_COM_CONDICAO,RGR_R03_DECIL2_3_CONDICIONAL,ACEITE_CONDICIONAL_DECIL_INTERMEDIARIO,Aceite Condicional Decil Intermediario (+7.5% premio).,7.5,False,10000.0,10750.0,750.0,0.0,H,,ALTISSIMA,0.0,0.0
CNPJ_003034,0.0,0.0798,9,APROVADO,RGR_R04_DECIL4_10_APROVADO,APROVADO_AUTOMATICO_BAIXO_RISCO,Aprovacao Automatica: Risco dentro do apetite da seguradora.,0.0,False,10000.0,10000.0,0.0,0.0,C,J,BAIXISSIMA,0.0,0.0
CNPJ_003035,0.0,0.1044,5,APROVADO,RGR_R04_DECIL4_10_APROVADO,APROVADO_AUTOMATICO_BAIXO_RISCO,Aprovacao Automatica: Risco dentro do apetite da seguradora.,0.0,False,10000.0,10000.0,0.0,0.0,N,C,ALTISSIMA,0.0,0.0
CNPJ_003036,0.0,0.1141,3,ACEITO_COM_CONDICAO,RGR_R03_DECIL2_3_CONDICIONAL,ACEITE_CONDICIONAL_DECIL_INTERMEDIARIO,Aceite Condicional Decil Intermediario (+7.5% premio).,7.5,False,10000.0,10750.0,750.0,0.0,G,F,BAIXISSIMA,1.0,0.0
CNPJ_003037,0.0,0.1026,5,APROVADO,RGR_R04_DECIL4_10_APROVADO,APROVADO_AUTOMATICO_BAIXO_RISCO,Aprovacao Automatica: Risco dentro do apetite da seguradora.,0.0,False,10000.0,10000.0,0.0,0.0,M,,ALTA,0.0,0.0
CNPJ_003038,0.0,0.0854,8,APROVADO,RGR_R04_DECIL4_10_APROVADO,APROVADO_AUTOMATICO_BAIXO_RISCO,Aprovacao Automatica: Risco dentro do apetite da seguradora.,0.0,False,10000.0,10000.0,0.0,0.0,F,E,ALTA,0.0,0.0
CNPJ_003039,0.0,0.1169,3,ACEITO_COM_CONDICAO,RGR_R03_DECIL2_3_CONDICIONAL,ACEITE_CONDICIONAL_DECIL_INTERMEDIARIO,Aceite Condicional Decil Intermediario (+7.5% premio).,7.5,False,10000.0,10750.0,750.0,0.0,H,A,BAIXISSIMA,0.0,0.0
CNPJ_003040,0.0,0.0852,9,APROVADO,RGR_R04_DECIL4_10_APROVADO,APROVADO_AUTOMATICO_BAIXO_RISCO,Aprovacao Automatica: Risco dentro do apetite da seguradora.,0.0,False,10000.0,10000.0,0.0,0.0,F,J,ALTISSIMA,100.0,0.0
CNPJ_003041,0.0,0.1065,5,APROVADO,RGR_R04_DECIL4_10_APROVADO,APROVADO_AUTOMATICO_BAIXO_RISCO,Aprovacao Automatica: Risco dentro do apetite da seguradora.,0.0,False,10000.0,10000.0,0.0,0.0,N,,ALTISSIMA,0.0,0.0
CNPJ_003042,0.0,0.0643,10,APROVADO,RGR_R04_DECIL4_10_APROVADO,APROVADO_AUTOMATICO_BAIXO_RISCO,Aprovacao Automatica: Risco dentro do apetite da seguradora.,0.0,False,10000.0,10000.0,0.0,0.0,G,I,ALTA,43.0,0.0
CNPJ_003043,0.0,0.0919,8,APROVADO,RGR_R04_DECIL4_10_APROVADO,APROVADO_AUTOMATICO_BAIXO_RISCO,Aprovacao Automatica: Risco dentro do apetite da seguradora.,0.0,False,10000.0,10000.0,0.0,0.0,N,,ALTISSIMA,0.0,0.0
CNPJ_003044,0.0,0.1073,5,APROVADO,RGR_R04_DECIL4_10_APROVADO,APROVADO_AUTOMATICO_BAIXO_RISCO,Aprovacao Automatica: Risco dentro do apetite da seguradora.,0.0,False,10000.0,10000.0,0.0,0.0,G,J,ALTA,13.0,0.0
CNPJ_003045,0.0,0.1214,2,RECUSADO,RGR_K02_EXCESSO_PROCESSOS_JUDICIAIS,K02_JUDICIAL_EXTREMO,Recusa Sumaria: Elevado passivo judicial (> 100 processos como requerido).,0.0,False,10000.0,0.0,0.0,0.0,G,J,ALTISSIMA,212.0,0.0
CNPJ_003046,0.0,0.1106,4,APROVADO,RGR_R04_DECIL4_10_APROVADO,APROVADO_AUTOMATICO_BAIXO_RISCO,Aprovacao Automatica: Risco dentro do apetite da seguradora.,0.0,False,10000.0,10000.0,0.0,0.0,G,A,BAIXISSIMA,2.0,0.0
CNPJ_003047,0.0,0.0918,8,APROVADO,RGR_R04_DECIL4_10_APROVADO,APROVADO_AUTOMATICO_BAIXO_RISCO,Aprovacao Automatica: Risco dentro do apetite da seguradora.,0.0,False,10000.0,10000.0,0.0,0.0,C,F,ALTISSIMA,0.0,0.0
CNPJ_003048,0.0,0.0844,9,APROVADO,RGR_R04_DECIL4_10_APROVADO,APROVADO_AUTOMATICO_BAIXO_RISCO,Aprovacao Automatica: Risco dentro do apetite da seguradora.,0.0,False,10000.0,10000.0,0.0,0.0,A,B,ALTA,0.0,0.0
CNPJ_003049,0.0,0.1142,3,ACEITO_COM_CONDICAO,RGR_R03_DECIL2_3_CONDICIONAL,ACEITE_CONDICIONAL_DECIL_INTERMEDIARIO,Aceite Condicional Decil Intermediario (+7.5% premio).,7.5,False,10000.0,10750.0,750.0,0.0,H,F,BAIXISSIMA,3.0,0.0
CNPJ_003050,0.0,0.1266,2,ACEITO_COM_CONDICAO,RGR_R03_DECIL2_3_CONDICIONAL,ACEITE_CONDICIONAL_DECIL_INTERMEDIARIO,Aceite Condicional Decil Intermediario (+7.5% premio).,7.5,False,10000.0,10750.0,750.0,0.0,N,E,,0.0,0.0
CNPJ_003051,0.0,0.1145,3,ACEITO_COM_CONDICAO,RGR_R03_DECIL2_3_CONDICIONAL,ACEITE_CONDICIONAL_DECIL_INTERMEDIARIO,Aceite Condicional Decil Intermediario (+7.5% premio).,7.5,False,10000.0,10750.0,750.0,0.0,K,H,BAIXISSIMA,2.0,0.0
CNPJ_003052,0.0,0.123,2,ACEITO_COM_CONDICAO,RGR_R03_DECIL2_3_CONDICIONAL,ACEITE_CONDICIONAL_DECIL_INTERMEDIARIO,Aceite Condicional Decil Intermediario (+7.5% premio).,7.5,False,10000.0,10750.0,750.0,0.0,H,F,ALTA,2.0,0.0
CNPJ_003053,0.0,0.0966,7,APROVADO,RGR_R04_DECIL4_10_APROVADO,APROVADO_AUTOMATICO_BAIXO_RISCO,Aprovacao Automatica: Risco dentro do apetite da seguradora.,0.0,False,10000.0,10000.0,0.0,0.0,G,H,ALTA,3.0,0.0
CNPJ_003054,0.0,0.104,5,APROVADO,RGR_R04_DECIL4_10_APROVADO,APROVADO_AUTOMATICO_BAIXO_RISCO,Aprovacao Automatica: Risco dentro do apetite da seguradora.,0.0,False,10000.0,10000.0,0.0,0.0,H,G,ALTISSIMA,25.0,0.0
CNPJ_003055,0.0,0.0955,7,APROVADO,RGR_R04_DECIL4_10_APROVADO,APROVADO_AUTOMATICO_BAIXO_RISCO,Aprovacao Automatica: Risco dentro do apetite da seguradora.,0.0,False,10000.0,10000.0,0.0,0.0,G,F,BAIXISSIMA,0.0,1.0
CNPJ_003056,0.0,0.1297,2,ACEITO_COM_CONDICAO,RGR_R03_DECIL2_3_CONDICIONAL,ACEITE_CONDICIONAL_DECIL_INTERMEDIARIO,Aceite Condicional Decil Intermediario (+7.5% premio).,7.5,False,10000.0,10750.0,750.0,0.0,E,G,ALTA,11.0,0.0
CNPJ_003057,0.0,0.1038,5,APROVADO,RGR_R04_DECIL4_10_APROVADO,APROVADO_AUTOMATICO_BAIXO_RISCO,Aprovacao Automatica: Risco dentro do apetite da seguradora.,0.0,False,10000.0,10000.0,0.0,0.0,H,C,ALTA,0.0,0.0
CNPJ_003058,0.0,0.1264,2,ACEITO_COM_CONDICAO,RGR_R03_DECIL2_3_CONDICIONAL,ACEITE_CONDICIONAL_DECIL_INTERMEDIARIO,Aceite Condicional Decil Intermediario (+7.5% premio).,7.5,False,10000.0,10750.0,750.0,0.0,C,F,BAIXISSIMA,0.0,0.0
CNPJ_003059,0.0,0.1057,5,APROVADO,RGR_R04_DECIL4_10_APROVADO,APROVADO_AUTOMATICO_BAIXO_RISCO,Aprovacao Automatica: Risco dentro do apetite da seguradora.,0.0,False,10000.0,10000.0,0.0,0.0,G,,MEDIA,0.0,0.0
CNPJ_003060,0.0,0.1155,3,ACEITO_COM_CONDICAO,RGR_R03_DECIL2_3_CONDICIONAL,ACEITE_CONDICIONAL_DECIL_INTERMEDIARIO,Aceite Condicional Decil Intermediario (+7.5% premio).,7.5,False,10000.0,10750.0,750.0,0.0,C,C,ALTA,0.0,1.0
CNPJ_003061,0.0,0.0927,7,APROVADO,RGR_R04_DECIL4_10_APROVADO,APROVADO_AUTOMATICO_BAIXO_RISCO,Aprovacao Automatica: Risco dentro do apetite da seguradora.,0.0,False,10000.0,10000.0,0.0,0.0,G,E,ALTISSIMA,11.0,0.0
CNPJ_003062,0.0,0.063,10,APROVADO,RGR_R04_DECIL4_10_APROVADO,APROVADO_AUTOMATICO_BAIXO_RISCO,Aprovacao Automatica: Risco dentro do apetite da seguradora.,0.0,False,10000.0,10000.0,0.0,0.0,H,E,BAIXISSIMA,4.0,0.0
CNPJ_003063,0.0,0.125,2,ACEITO_COM_CONDICAO,RGR_R03_DECIL2_3_CONDICIONAL,ACEITE_CONDICIONAL_DECIL_INTERMEDIARIO,Aceite Condicional Decil Intermediario (+7.5% premio).,7.5,False,10000.0,10750.0,750.0,0.0,M,E,ALTA,0.0,0.0
CNPJ_003064,0.0,0.0926,7,RECUSADO,RGR_K02_EXCESSO_PROCESSOS_JUDICIAIS,K02_JUDICIAL_EXTREMO,Recusa Sumaria: Elevado passivo judicial (> 100 processos como requerido).,0.0,False,10000.0,0.0,0.0,0.0,C,J,ALTA,104.0,0.0
CNPJ_003065,0.0,0.0817,9,APROVADO,RGR_R04_DECIL4_10_APROVADO,APROVADO_AUTOMATICO_BAIXO_RISCO,Aprovacao Automatica: Risco dentro do apetite da seguradora.,0.0,False,10000.0,10000.0,0.0,0.0,Q,C,ALTA,0.0,0.0
CNPJ_003066,0.0,0.0791,9,APROVADO,RGR_R04_DECIL4_10_APROVADO,APROVADO_AUTOMATICO_BAIXO_RISCO,Aprovacao Automatica: Risco dentro do apetite da seguradora.,0.0,False,10000.0,10000.0,0.0,0.0,K,,BAIXISSIMA,0.0,0.0
CNPJ_003067,0.0,0.1007,6,APROVADO,RGR_R04_DECIL4_10_APROVADO,APROVADO_AUTOMATICO_BAIXO_RISCO,Aprovacao Automatica: Risco dentro do apetite da seguradora.,0.0,False,10000.0,10000.0,0.0,0.0,M,,ALTISSIMA,0.0,0.0
CNPJ_003068,0.0,0.0852,9,APROVADO,RGR_R04_DECIL4_10_APROVADO,APROVADO_AUTOMATICO_BAIXO_RISCO,Aprovacao Automatica: Risco dentro do apetite da seguradora.,0.0,False,10000.0,10000.0,0.0,0.0,C,E,ALTA,0.0,0.0
CNPJ_003069,0.0,0.1188,3,ACEITO_COM_CONDICAO,RGR_R03_DECIL2_3_CONDICIONAL,ACEITE_CONDICIONAL_DECIL_INTERMEDIARIO,Aceite Condicional Decil Intermediario (+7.5% premio).,7.5,False,10000.0,10750.0,750.0,0.0,N,C,ALTA,0.0,0.0
CNPJ_003070,0.0,0.0677,10,APROVADO,RGR_R04_DECIL4_10_APROVADO,APROVADO_AUTOMATICO_BAIXO_RISCO,Aprovacao Automatica: Risco dentro do apetite da seguradora.,0.0,False,10000.0,10000.0,0.0,0.0,H,A,ALTISSIMA,0.0,0.0
CNPJ_003071,0.0,0.0843,9,APROVADO,RGR_R04_DECIL4_10_APROVADO,APROVADO_AUTOMATICO_BAIXO_RISCO,Aprovacao Automatica: Risco dentro do apetite da seguradora.,0.0,False,10000.0,10000.0,0.0,0.0,G,G,ALTA,5.0,0.0
CNPJ_003072,0.0,0.1137,3,ACEITO_COM_CONDICAO,RGR_R03_DECIL2_3_CONDICIONAL,ACEITE_CONDICIONAL_DECIL_INTERMEDIARIO,Aceite Condicional Decil Intermediario (+7.5% premio).,7.5,False,10000.0,10750.0,750.0,0.0,L,,ALTA,1.0,0.0
CNPJ_003073,0.0,0.0851,9,APROVADO,RGR_R04_DECIL4_10_APROVADO,APROVADO_AUTOMATICO_BAIXO_RISCO,Aprovacao Automatica: Risco dentro do apetite da seguradora.,0.0,False,10000.0,10000.0,0.0,0.0,G,D,BAIXISSIMA,0.0,0.0
CNPJ_003074,0.0,0.0874,8,APROVADO,RGR_R04_DECIL4_10_APROVADO,APROVADO_AUTOMATICO_BAIXO_RISCO,Aprovacao Automatica: Risco dentro do apetite da seguradora.,0.0,False,10000.0,10000.0,0.0,0.0,E,F,BAIXISSIMA,3.0,0.0
CNPJ_003075,0.0,0.0585,10,APROVADO,RGR_R04_DECIL4_10_APROVADO,APROVADO_AUTOMATICO_BAIXO_RISCO,Aprovacao Automatica: Risco dentro do apetite da seguradora.,0.0,False,10000.0,10000.0,0.0,0.0,C,J,ALTISSIMA,0.0,0.0
CNPJ_003076,0.0,0.0978,6,APROVADO,RGR_R04_DECIL4_10_APROVADO,APROVADO_AUTOMATICO_BAIXO_RISCO,Aprovacao Automatica: Risco dentro do apetite da seguradora.,0.0,False,10000.0,10000.0,0.0,0.0,J,,BAIXISSIMA,0.0,0.0
CNPJ_003077,0.0,0.0904,8,APROVADO,RGR_R04_DECIL4_10_APROVADO,APROVADO_AUTOMATICO_BAIXO_RISCO,Aprovacao Automatica: Risco dentro do apetite da seguradora.,0.0,False,10000.0,10000.0,0.0,0.0,N,G,ALTA,16.0,0.0
CNPJ_003078,0.0,0.0959,7,APROVADO,RGR_R04_DECIL4_10_APROVADO,APROVADO_AUTOMATICO_BAIXO_RISCO,Aprovacao Automatica: Risco dentro do apetite da seguradora.,0.0,False,10000.0,10000.0,0.0,0.0,J,H,MEDIA,1.0,0.0
CNPJ_003079,0.0,0.0881,8,APROVADO,RGR_R04_DECIL4_10_APROVADO,APROVADO_AUTOMATICO_BAIXO_RISCO,Aprovacao Automatica: Risco dentro do apetite da seguradora.,0.0,False,10000.0,10000.0,0.0,0.0,N,I,ALTA,0.0,0.0
CNPJ_003080,0.0,0.0798,9,APROVADO,RGR_R04_DECIL4_10_APROVADO,APROVADO_AUTOMATICO_BAIXO_RISCO,Aprovacao Automatica: Risco dentro do apetite da seguradora.,0.0,False,10000.0,10000.0,0.0,0.0,H,G,MEDIA,20.0,1.0
CNPJ_003081,0.0,0.2605,1,RECUSADO,RGR_R02_DECIL1_RECUSA_PADRAO,DECIL1_ALTO_RISCO_SEM_MITIGACAO,Recusa por Decil 1 de Risco sem criterios para resgate comercial.,0.0,False,10000.0,0.0,0.0,0.0,C,J,MEDIA,84.0,1.0
CNPJ_003082,0.0,0.1274,2,ACEITO_COM_CONDICAO,RGR_R03_DECIL2_3_CONDICIONAL,ACEITE_CONDICIONAL_DECIL_INTERMEDIARIO,Aceite Condicional Decil Intermediario (+7.5% premio).,7.5,False,10000.0,10750.0,750.0,0.0,F,C,BAIXISSIMA,0.0,1.0
CNPJ_003083,0.0,0.1212,2,ACEITO_COM_CONDICAO,RGR_R03_DECIL2_3_CONDICIONAL,ACEITE_CONDICIONAL_DECIL_INTERMEDIARIO,Aceite Condicional Decil Intermediario (+7.5% premio).,7.5,False,10000.0,10750.0,750.0,0.0,G,,ALTA,0.0,0.0
CNPJ_003084,0.0,0.1,6,RECUSADO,RGR_K02_EXCESSO_PROCESSOS_JUDICIAIS,K02_JUDICIAL_EXTREMO,Recusa Sumaria: Elevado passivo judicial (> 100 processos como requerido).,0.0,False,10000.0,0.0,0.0,0.0,C,J,BAIXISSIMA,155.0,0.0
CNPJ_003085,0.0,0.098,6,APROVADO,RGR_R04_DECIL4_10_APROVADO,APROVADO_AUTOMATICO_BAIXO_RISCO,Aprovacao Automatica: Risco dentro do apetite da seguradora.,0.0,False,10000.0,10000.0,0.0,0.0,C,,ALTA,0.0,0.0
CNPJ_003086,0.0,0.1095,4,APROVADO,RGR_R04_DECIL4_10_APROVADO,APROVADO_AUTOMATICO_BAIXO_RISCO,Aprovacao Automatica: Risco dentro do apetite da seguradora.,0.0,False,10000.0,10000.0,0.0,0.0,N,A,ALTISSIMA,0.0,0.0
CNPJ_003087,0.0,0.0674,10,APROVADO,RGR_R04_DECIL4_10_APROVADO,APROVADO_AUTOMATICO_BAIXO_RISCO,Aprovacao Automatica: Risco dentro do apetite da seguradora.,0.0,False,10000.0,10000.0,0.0,0.0,M,J,ALTISSIMA,4.0,0.0
CNPJ_003088,0.0,0.1055,5,APROVADO,RGR_R04_DECIL4_10_APROVADO,APROVADO_AUTOMATICO_BAIXO_RISCO,Aprovacao Automatica: Risco dentro do apetite da seguradora.,0.0,False,10000.0,10000.0,0.0,0.0,M,C,BAIXISSIMA,0.0,0.0
CNPJ_003089,0.0,0.2154,1,RECUSADO,RGR_R02_DECIL1_RECUSA_PADRAO,DECIL1_ALTO_RISCO_SEM_MITIGACAO,Recusa por Decil 1 de Risco sem criterios para resgate comercial.,0.0,False,10000.0,0.0,0.0,0.0,H,I,BAIXISSIMA,15.0,0.0
CNPJ_003090,0.0,0.0935,7,RECUSADO,RGR_K01_RISCO_LIDERANCA_AREA_CRITICA,K01_LIDERANCA_AREA_CRITICA,Recusa Sumaria: Risco de lideranca detectado em area de concentracao altissima de sinistro.,0.0,False,10000.0,0.0,0.0,0.0,K,,ALTISSIMA,1.0,1.0
CNPJ_003091,0.0,0.0898,8,APROVADO,RGR_R04_DECIL4_10_APROVADO,APROVADO_AUTOMATICO_BAIXO_RISCO,Aprovacao Automatica: Risco dentro do apetite da seguradora.,0.0,False,10000.0,10000.0,0.0,0.0,C,,BAIXISSIMA,0.0,0.0
CNPJ_003092,0.0,0.0907,8,APROVADO,RGR_R04_DECIL4_10_APROVADO,APROVADO_AUTOMATICO_BAIXO_RISCO,Aprovacao Automatica: Risco dentro do apetite da seguradora.,0.0,False,10000.0,10000.0,0.0,0.0,G,D,ALTISSIMA,1.0,0.0
CNPJ_003093,0.0,0.1146,3,ACEITO_COM_CONDICAO,RGR_R03_DECIL2_3_CONDICIONAL,ACEITE_CONDICIONAL_DECIL_INTERMEDIARIO,Aceite Condicional Decil Intermediario (+7.5% premio).,7.5,False,10000.0,10750.0,750.0,0.0,S,EMPRESA_ISENTA,ALTA,0.0,
CNPJ_003094,0.0,0.0828,9,APROVADO,RGR_R04_DECIL4_10_APROVADO,APROVADO_AUTOMATICO_BAIXO_RISCO,Aprovacao Automatica: Risco dentro do apetite da seguradora.,0.0,False,10000.0,10000.0,0.0,0.0,G,G,BAIXISSIMA,2.0,0.0
CNPJ_003095,0.0,0.0998,6,APROVADO,RGR_R04_DECIL4_10_APROVADO,APROVADO_AUTOMATICO_BAIXO_RISCO,Aprovacao Automatica: Risco dentro do apetite da seguradora.,0.0,False,10000.0,10000.0,0.0,0.0,R,A,ALTA,0.0,0.0
CNPJ_003096,0.0,0.1024,5,RECUSADO,RGR_K01_RISCO_LIDERANCA_AREA_CRITICA,K01_LIDERANCA_AREA_CRITICA,Recusa Sumaria: Risco de lideranca detectado em area de concentracao altissima de sinistro.,0.0,False,10000.0,0.0,0.0,0.0,C,J,ALTISSIMA,35.0,1.0
CNPJ_003097,0.0,0.0683,10,APROVADO,RGR_R04_DECIL4_10_APROVADO,APROVADO_AUTOMATICO_BAIXO_RISCO,Aprovacao Automatica: Risco dentro do apetite da seguradora.,0.0,False,10000.0,10000.0,0.0,0.0,H,G,ALTA,6.0,0.0
CNPJ_003098,0.0,0.0899,8,APROVADO,RGR_R04_DECIL4_10_APROVADO,APROVADO_AUTOMATICO_BAIXO_RISCO,Aprovacao Automatica: Risco dentro do apetite da seguradora.,0.0,False,10000.0,10000.0,0.0,0.0,G,C,BAIXISSIMA,0.0,0.0
CNPJ_003099,0.0,0.0644,10,APROVADO,RGR_R04_DECIL4_10_APROVADO,APROVADO_AUTOMATICO_BAIXO_RISCO,Aprovacao Automatica: Risco dentro do apetite da seguradora.,0.0,False,10000.0,10000.0,0.0,0.0,H,D,ALTISSIMA,0.0,0.0
CNPJ_003100,0.0,0.1316,2,ACEITO_COM_CONDICAO,RGR_R03_DECIL2_3_CONDICIONAL,ACEITE_CONDICIONAL_DECIL_INTERMEDIARIO,Aceite Condicional Decil Intermediario (+7.5% premio).,7.5,False,10000.0,10750.0,750.0,0.0,H,,MEDIA,0.0,0.0
CNPJ_003101,0.0,0.1073,5,APROVADO,RGR_R04_DECIL4_10_APROVADO,APROVADO_AUTOMATICO_BAIXO_RISCO,Aprovacao Automatica: Risco dentro do apetite da seguradora.,0.0,False,10000.0,10000.0,0.0,0.0,F,D,ALTA,0.0,0.0
CNPJ_003102,0.0,0.0566,10,APROVADO,RGR_R04_DECIL4_10_APROVADO,APROVADO_AUTOMATICO_BAIXO_RISCO,Aprovacao Automatica: Risco dentro do apetite da seguradora.,0.0,False,10000.0,10000.0,0.0,0.0,C,J,ALTA,11.0,0.0
CNPJ_003103,0.0,0.0984,6,APROVADO,RGR_R04_DECIL4_10_APROVADO,APROVADO_AUTOMATICO_BAIXO_RISCO,Aprovacao Automatica: Risco dentro do apetite da seguradora.,0.0,False,10000.0,10000.0,0.0,0.0,N,D,ALTA,0.0,0.0
CNPJ_003104,0.0,0.1009,6,APROVADO,RGR_R04_DECIL4_10_APROVADO,APROVADO_AUTOMATICO_BAIXO_RISCO,Aprovacao Automatica: Risco dentro do apetite da seguradora.,0.0,False,10000.0,10000.0,0.0,0.0,G,G,ALTISSIMA,4.0,0.0
CNPJ_003105,0.0,0.1386,2,ACEITO_COM_CONDICAO,RGR_R03_DECIL2_3_CONDICIONAL,ACEITE_CONDICIONAL_DECIL_INTERMEDIARIO,Aceite Condicional Decil Intermediario (+7.5% premio).,7.5,False,10000.0,10750.0,750.0,0.0,F,E,ALTA,1.0,0.0
CNPJ_003106,0.0,0.144,1,RECUSADO,RGR_R02_DECIL1_RECUSA_PADRAO,DECIL1_ALTO_RISCO_SEM_MITIGACAO,Recusa por Decil 1 de Risco sem criterios para resgate comercial.,0.0,False,10000.0,0.0,0.0,0.0,J,F,ALTA,1.0,0.0
CNPJ_003107,0.0,0.1007,6,APROVADO,RGR_R04_DECIL4_10_APROVADO,APROVADO_AUTOMATICO_BAIXO_RISCO,Aprovacao Automatica: Risco dentro do apetite da seguradora.,0.0,False,10000.0,10000.0,0.0,0.0,P,EMPRESA_ISENTA,ALTA,2.0,
CNPJ_003108,0.0,0.0725,10,APROVADO,RGR_R04_DECIL4_10_APROVADO,APROVADO_AUTOMATICO_BAIXO_RISCO,Aprovacao Automatica: Risco dentro do apetite da seguradora.,0.0,False,10000.0,10000.0,0.0,0.0,G,I,BAIXISSIMA,33.0,0.0
CNPJ_003109,0.0,0.1074,5,APROVADO,RGR_R04_DECIL4_10_APROVADO,APROVADO_AUTOMATICO_BAIXO_RISCO,Aprovacao Automatica: Risco dentro do apetite da seguradora.,0.0,False,10000.0,10000.0,0.0,0.0,C,J,ALTA,0.0,0.0
CNPJ_003110,0.0,0.1101,4,APROVADO,RGR_R04_DECIL4_10_APROVADO,APROVADO_AUTOMATICO_BAIXO_RISCO,Aprovacao Automatica: Risco dentro do apetite da seguradora.,0.0,False,10000.0,10000.0,0.0,0.0,A,I,ALTA,1.0,1.0
CNPJ_003111,0.0,0.1014,6,APROVADO,RGR_R04_DECIL4_10_APROVADO,APROVADO_AUTOMATICO_BAIXO_RISCO,Aprovacao Automatica: Risco dentro do apetite da seguradora.,0.0,False,10000.0,10000.0,0.0,0.0,G,F,ALTA,1.0,0.0
CNPJ_003112,0.0,0.1118,4,APROVADO,RGR_R04_DECIL4_10_APROVADO,APROVADO_AUTOMATICO_BAIXO_RISCO,Aprovacao Automatica: Risco dentro do apetite da seguradora.,0.0,False,10000.0,10000.0,0.0,0.0,H,B,ALTA,0.0,0.0
CNPJ_003113,0.0,0.087,8,APROVADO,RGR_R04_DECIL4_10_APROVADO,APROVADO_AUTOMATICO_BAIXO_RISCO,Aprovacao Automatica: Risco dentro do apetite da seguradora.,0.0,False,10000.0,10000.0,0.0,0.0,G,D,ALTISSIMA,10.0,0.0
CNPJ_003114,0.0,0.0912,8,APROVADO,RGR_R04_DECIL4_10_APROVADO,APROVADO_AUTOMATICO_BAIXO_RISCO,Aprovacao Automatica: Risco dentro do apetite da seguradora.,0.0,False,10000.0,10000.0,0.0,0.0,H,F,BAIXISSIMA,1.0,0.0
CNPJ_003115,0.0,0.0809,9,APROVADO,RGR_R04_DECIL4_10_APROVADO,APROVADO_AUTOMATICO_BAIXO_RISCO,Aprovacao Automatica: Risco dentro do apetite da seguradora.,0.0,False,10000.0,10000.0,0.0,0.0,H,I,ALTA,1.0,0.0
CNPJ_003116,0.0,0.0934,7,APROVADO,RGR_R04_DECIL4_10_APROVADO,APROVADO_AUTOMATICO_BAIXO_RISCO,Aprovacao Automatica: Risco dentro do apetite da seguradora.,0.0,False,10000.0,10000.0,0.0,0.0,G,,ALTISSIMA,0.0,0.0
CNPJ_003117,0.0,0.0709,10,APROVADO,RGR_R04_DECIL4_10_APROVADO,APROVADO_AUTOMATICO_BAIXO_RISCO,Aprovacao Automatica: Risco dentro do apetite da seguradora.,0.0,False,10000.0,10000.0,0.0,0.0,,,,,
CNPJ_003118,0.0,0.1129,4,APROVADO,RGR_R04_DECIL4_10_APROVADO,APROVADO_AUTOMATICO_BAIXO_RISCO,Aprovacao Automatica: Risco dentro do apetite da seguradora.,0.0,False,10000.0,10000.0,0.0,0.0,S,EMPRESA_ISENTA,ALTA,23.0,0.0
CNPJ_003119,0.0,0.1117,4,RECUSADO,RGR_K02_EXCESSO_PROCESSOS_JUDICIAIS,K02_JUDICIAL_EXTREMO,Recusa Sumaria: Elevado passivo judicial (> 100 processos como requerido).,0.0,False,10000.0,0.0,0.0,0.0,G,J,BAIXISSIMA,212.0,0.0
CNPJ_003120,0.0,0.0945,7,APROVADO,RGR_R04_DECIL4_10_APROVADO,APROVADO_AUTOMATICO_BAIXO_RISCO,Aprovacao Automatica: Risco dentro do apetite da seguradora.,0.0,False,10000.0,10000.0,0.0,0.0,H,F,BAIXISSIMA,0.0,0.0
CNPJ_003121,0.0,0.1115,4,APROVADO,RGR_R04_DECIL4_10_APROVADO,APROVADO_AUTOMATICO_BAIXO_RISCO,Aprovacao Automatica: Risco dentro do apetite da seguradora.,0.0,False,10000.0,10000.0,0.0,0.0,G,,ALTA,0.0,0.0
CNPJ_003122,0.0,0.1077,4,APROVADO,RGR_R04_DECIL4_10_APROVADO,APROVADO_AUTOMATICO_BAIXO_RISCO,Aprovacao Automatica: Risco dentro do apetite da seguradora.,0.0,False,10000.0,10000.0,0.0,0.0,F,D,ALTA,1.0,0.0
CNPJ_003123,0.0,0.0856,8,APROVADO,RGR_R04_DECIL4_10_APROVADO,APROVADO_AUTOMATICO_BAIXO_RISCO,Aprovacao Automatica: Risco dentro do apetite da seguradora.,0.0,False,10000.0,10000.0,0.0,0.0,G,F,MEDIA,0.0,0.0
CNPJ_003124,0.0,0.0787,9,APROVADO,RGR_R04_DECIL4_10_APROVADO,APROVADO_AUTOMATICO_BAIXO_RISCO,Aprovacao Automatica: Risco dentro do apetite da seguradora.,0.0,False,10000.0,10000.0,0.0,0.0,G,J,BAIXISSIMA,61.0,0.0
CNPJ_003125,0.0,0.105,5,APROVADO,RGR_R04_DECIL4_10_APROVADO,APROVADO_AUTOMATICO_BAIXO_RISCO,Aprovacao Automatica: Risco dentro do apetite da seguradora.,0.0,False,10000.0,10000.0,0.0,0.0,H,,ALTISSIMA,0.0,0.0
CNPJ_003126,0.0,0.1082,4,APROVADO,RGR_R04_DECIL4_10_APROVADO,APROVADO_AUTOMATICO_BAIXO_RISCO,Aprovacao Automatica: Risco dentro do apetite da seguradora.,0.0,False,10000.0,10000.0,0.0,0.0,G,,ALTA,0.0,0.0
CNPJ_003127,0.0,0.0868,8,APROVADO,RGR_R04_DECIL4_10_APROVADO,APROVADO_AUTOMATICO_BAIXO_RISCO,Aprovacao Automatica: Risco dentro do apetite da seguradora.,0.0,False,10000.0,10000.0,0.0,0.0,G,J,BAIXISSIMA,8.0,0.0
CNPJ_003128,0.0,0.103,5,APROVADO,RGR_R04_DECIL4_10_APROVADO,APROVADO_AUTOMATICO_BAIXO_RISCO,Aprovacao Automatica: Risco dentro do apetite da seguradora.,0.0,False,10000.0,10000.0,0.0,0.0,F,G,BAIXISSIMA,1.0,0.0
CNPJ_003129,0.0,0.1183,3,ACEITO_COM_CONDICAO,RGR_R03_DECIL2_3_CONDICIONAL,ACEITE_CONDICIONAL_DECIL_INTERMEDIARIO,Aceite Condicional Decil Intermediario (+7.5% premio).,7.5,False,10000.0,10750.0,750.0,0.0,G,,BAIXISSIMA,0.0,0.0
CNPJ_003130,0.0,0.0871,8,APROVADO,RGR_R04_DECIL4_10_APROVADO,APROVADO_AUTOMATICO_BAIXO_RISCO,Aprovacao Automatica: Risco dentro do apetite da seguradora.,0.0,False,10000.0,10000.0,0.0,0.0,G,F,,1.0,0.0
CNPJ_003131,0.0,0.0737,10,APROVADO,RGR_R04_DECIL4_10_APROVADO,APROVADO_AUTOMATICO_BAIXO_RISCO,Aprovacao Automatica: Risco dentro do apetite da seguradora.,0.0,False,10000.0,10000.0,0.0,0.0,C,J,ALTA,7.0,0.0
CNPJ_003132,0.0,0.1084,4,APROVADO,RGR_R04_DECIL4_10_APROVADO,APROVADO_AUTOMATICO_BAIXO_RISCO,Aprovacao Automatica: Risco dentro do apetite da seguradora.,0.0,False,10000.0,10000.0,0.0,0.0,G,I,BAIXISSIMA,0.0,0.0
CNPJ_003133,0.0,0.0742,10,APROVADO,RGR_R04_DECIL4_10_APROVADO,APROVADO_AUTOMATICO_BAIXO_RISCO,Aprovacao Automatica: Risco dentro do apetite da seguradora.,0.0,False,10000.0,10000.0,0.0,0.0,H,H,BAIXISSIMA,7.0,0.0
CNPJ_003134,0.0,0.0971,7,APROVADO,RGR_R04_DECIL4_10_APROVADO,APROVADO_AUTOMATICO_BAIXO_RISCO,Aprovacao Automatica: Risco dentro do apetite da seguradora.,0.0,False,10000.0,10000.0,0.0,0.0,C,J,BAIXISSIMA,6.0,0.0
CNPJ_003135,0.0,0.0854,8,APROVADO,RGR_R04_DECIL4_10_APROVADO,APROVADO_AUTOMATICO_BAIXO_RISCO,Aprovacao Automatica: Risco dentro do apetite da seguradora.,0.0,False,10000.0,10000.0,0.0,0.0,G,J,,14.0,
CNPJ_003136,0.0,0.1162,3,ACEITO_COM_CONDICAO,RGR_R03_DECIL2_3_CONDICIONAL,ACEITE_CONDICIONAL_DECIL_INTERMEDIARIO,Aceite Condicional Decil Intermediario (+7.5% premio).,7.5,False,10000.0,10750.0,750.0,0.0,G,E,BAIXISSIMA,0.0,0.0
CNPJ_003137,0.0,0.0973,7,APROVADO,RGR_R04_DECIL4_10_APROVADO,APROVADO_AUTOMATICO_BAIXO_RISCO,Aprovacao Automatica: Risco dentro do apetite da seguradora.,0.0,False,10000.0,10000.0,0.0,0.0,G,F,BAIXISSIMA,0.0,1.0
CNPJ_003138,0.0,0.0717,10,APROVADO,RGR_R04_DECIL4_10_APROVADO,APROVADO_AUTOMATICO_BAIXO_RISCO,Aprovacao Automatica: Risco dentro do apetite da seguradora.,0.0,False,10000.0,10000.0,0.0,0.0,H,I,BAIXISSIMA,15.0,1.0
CNPJ_003139,0.0,0.2476,1,RECUSADO,RGR_R02_DECIL1_RECUSA_PADRAO,DECIL1_ALTO_RISCO_SEM_MITIGACAO,Recusa por Decil 1 de Risco sem criterios para resgate comercial.,0.0,False,10000.0,0.0,0.0,0.0,H,G,ALTA,2.0,1.0
CNPJ_003140,0.0,0.095,7,APROVADO,RGR_R04_DECIL4_10_APROVADO,APROVADO_AUTOMATICO_BAIXO_RISCO,Aprovacao Automatica: Risco dentro do apetite da seguradora.,0.0,False,10000.0,10000.0,0.0,0.0,G,G,BAIXISSIMA,2.0,0.0
CNPJ_003141,0.0,0.1018,6,APROVADO,RGR_R04_DECIL4_10_APROVADO,APROVADO_AUTOMATICO_BAIXO_RISCO,Aprovacao Automatica: Risco dentro do apetite da seguradora.,0.0,False,10000.0,10000.0,0.0,0.0,H,F,ALTA,17.0,0.0
CNPJ_003142,0.0,0.1084,4,APROVADO,RGR_R04_DECIL4_10_APROVADO,APROVADO_AUTOMATICO_BAIXO_RISCO,Aprovacao Automatica: Risco dentro do apetite da seguradora.,0.0,False,10000.0,10000.0,0.0,0.0,G,D,ALTA,0.0,0.0
CNPJ_003143,0.0,0.0977,6,APROVADO,RGR_R04_DECIL4_10_APROVADO,APROVADO_AUTOMATICO_BAIXO_RISCO,Aprovacao Automatica: Risco dentro do apetite da seguradora.,0.0,False,10000.0,10000.0,0.0,0.0,G,I,ALTA,0.0,0.0
CNPJ_003144,0.0,0.1102,4,APROVADO,RGR_R04_DECIL4_10_APROVADO,APROVADO_AUTOMATICO_BAIXO_RISCO,Aprovacao Automatica: Risco dentro do apetite da seguradora.,0.0,False,10000.0,10000.0,0.0,0.0,G,,BAIXISSIMA,0.0,0.0
CNPJ_003145,0.0,0.0898,8,APROVADO,RGR_R04_DECIL4_10_APROVADO,APROVADO_AUTOMATICO_BAIXO_RISCO,Aprovacao Automatica: Risco dentro do apetite da seguradora.,0.0,False,10000.0,10000.0,0.0,0.0,H,I,BAIXISSIMA,1.0,0.0
CNPJ_003146,0.0,0.1043,5,APROVADO,RGR_R04_DECIL4_10_APROVADO,APROVADO_AUTOMATICO_BAIXO_RISCO,Aprovacao Automatica: Risco dentro do apetite da seguradora.,0.0,False,10000.0,10000.0,0.0,0.0,J,F,ALTISSIMA,0.0,0.0
CNPJ_003147,0.0,0.1092,4,APROVADO,RGR_R04_DECIL4_10_APROVADO,APROVADO_AUTOMATICO_BAIXO_RISCO,Aprovacao Automatica: Risco dentro do apetite da seguradora.,0.0,False,10000.0,10000.0,0.0,0.0,I,C,BAIXISSIMA,0.0,1.0
CNPJ_003148,0.0,0.1023,5,APROVADO,RGR_R04_DECIL4_10_APROVADO,APROVADO_AUTOMATICO_BAIXO_RISCO,Aprovacao Automatica: Risco dentro do apetite da seguradora.,0.0,False,10000.0,10000.0,0.0,0.0,C,F,BAIXISSIMA,3.0,0.0
CNPJ_003149,0.0,0.1138,3,ACEITO_COM_CONDICAO,RGR_R03_DECIL2_3_CONDICIONAL,ACEITE_CONDICIONAL_DECIL_INTERMEDIARIO,Aceite Condicional Decil Intermediario (+7.5% premio).,7.5,False,10000.0,10750.0,750.0,0.0,G,H,ALTISSIMA,36.0,0.0
CNPJ_003150,0.0,0.1169,3,ACEITO_COM_CONDICAO,RGR_R03_DECIL2_3_CONDICIONAL,ACEITE_CONDICIONAL_DECIL_INTERMEDIARIO,Aceite Condicional Decil Intermediario (+7.5% premio).,7.5,False,10000.0,10750.0,750.0,0.0,C,D,BAIXISSIMA,0.0,0.0
CNPJ_003151,0.0,0.078,9,APROVADO,RGR_R04_DECIL4_10_APROVADO,APROVADO_AUTOMATICO_BAIXO_RISCO,Aprovacao Automatica: Risco dentro do apetite da seguradora.,0.0,False,10000.0,10000.0,0.0,0.0,L,F,ALTA,0.0,0.0
CNPJ_003152,0.0,0.0823,9,APROVADO,RGR_R04_DECIL4_10_APROVADO,APROVADO_AUTOMATICO_BAIXO_RISCO,Aprovacao Automatica: Risco dentro do apetite da seguradora.,0.0,False,10000.0,10000.0,0.0,0.0,G,G,BAIXISSIMA,1.0,0.0
CNPJ_003153,0.0,0.1069,5,APROVADO,RGR_R04_DECIL4_10_APROVADO,APROVADO_AUTOMATICO_BAIXO_RISCO,Aprovacao Automatica: Risco dentro do apetite da seguradora.,0.0,False,10000.0,10000.0,0.0,0.0,G,D,ALTA,0.0,0.0
CNPJ_003154,0.0,0.1049,5,APROVADO,RGR_R04_DECIL4_10_APROVADO,APROVADO_AUTOMATICO_BAIXO_RISCO,Aprovacao Automatica: Risco dentro do apetite da seguradora.,0.0,False,10000.0,10000.0,0.0,0.0,H,A,BAIXISSIMA,0.0,0.0
CNPJ_003155,0.0,0.0924,7,APROVADO,RGR_R04_DECIL4_10_APROVADO,APROVADO_AUTOMATICO_BAIXO_RISCO,Aprovacao Automatica: Risco dentro do apetite da seguradora.,0.0,False,10000.0,10000.0,0.0,0.0,G,D,,0.0,0.0
CNPJ_003156,0.0,0.1132,4,APROVADO,RGR_R04_DECIL4_10_APROVADO,APROVADO_AUTOMATICO_BAIXO_RISCO,Aprovacao Automatica: Risco dentro do apetite da seguradora.,0.0,False,10000.0,10000.0,0.0,0.0,G,G,ALTA,0.0,0.0
CNPJ_003157,0.0,0.0708,10,APROVADO,RGR_R04_DECIL4_10_APROVADO,APROVADO_AUTOMATICO_BAIXO_RISCO,Aprovacao Automatica: Risco dentro do apetite da seguradora.,0.0,False,10000.0,10000.0,0.0,0.0,G,J,ALTA,44.0,0.0
CNPJ_003158,0.0,0.0948,7,APROVADO,RGR_R04_DECIL4_10_APROVADO,APROVADO_AUTOMATICO_BAIXO_RISCO,Aprovacao Automatica: Risco dentro do apetite da seguradora.,0.0,False,10000.0,10000.0,0.0,0.0,G,D,ALTA,0.0,0.0
CNPJ_003159,0.0,0.1368,2,ACEITO_COM_CONDICAO,RGR_R03_DECIL2_3_CONDICIONAL,ACEITE_CONDICIONAL_DECIL_INTERMEDIARIO,Aceite Condicional Decil Intermediario (+7.5% premio).,7.5,False,10000.0,10750.0,750.0,0.0,G,E,ALTA,0.0,0.0
CNPJ_003160,0.0,0.1151,3,ACEITO_COM_CONDICAO,RGR_R03_DECIL2_3_CONDICIONAL,ACEITE_CONDICIONAL_DECIL_INTERMEDIARIO,Aceite Condicional Decil Intermediario (+7.5% premio).,7.5,False,10000.0,10750.0,750.0,0.0,C,G,BAIXISSIMA,0.0,0.0
CNPJ_003161,0.0,0.1473,1,ACEITO_COM_CONDICAO,RGR_R01_DECIL1_RESGATE_COM_RASTREADOR,RECUPERACAO_COMERCIAL_D1,"Aceite Condicional Decil 1: Perfil de score alto risco, porem mitigado por baixo passivo judicial e geografia favoravel.",15.0,True,10000.0,11500.0,1500.0,0.0,S,EMPRESA_ISENTA,BAIXISSIMA,0.0,0.0
CNPJ_003162,0.0,0.1126,4,APROVADO,RGR_R04_DECIL4_10_APROVADO,APROVADO_AUTOMATICO_BAIXO_RISCO,Aprovacao Automatica: Risco dentro do apetite da seguradora.,0.0,False,10000.0,10000.0,0.0,0.0,Q,EMPRESA_ISENTA,ALTISSIMA,1.0,0.0
CNPJ_003163,0.0,0.0889,8,APROVADO,RGR_R04_DECIL4_10_APROVADO,APROVADO_AUTOMATICO_BAIXO_RISCO,Aprovacao Automatica: Risco dentro do apetite da seguradora.,0.0,False,10000.0,10000.0,0.0,0.0,C,J,ALTA,34.0,0.0
CNPJ_003164,0.0,0.1147,3,ACEITO_COM_CONDICAO,RGR_R03_DECIL2_3_CONDICIONAL,ACEITE_CONDICIONAL_DECIL_INTERMEDIARIO,Aceite Condicional Decil Intermediario (+7.5% premio).,7.5,False,10000.0,10750.0,750.0,0.0,G,D,BAIXISSIMA,0.0,0.0
CNPJ_003165,0.0,0.1095,4,APROVADO,RGR_R04_DECIL4_10_APROVADO,APROVADO_AUTOMATICO_BAIXO_RISCO,Aprovacao Automatica: Risco dentro do apetite da seguradora.,0.0,False,10000.0,10000.0,0.0,0.0,F,F,ALTA,1.0,0.0
CNPJ_003166,0.0,0.1176,3,ACEITO_COM_CONDICAO,RGR_R03_DECIL2_3_CONDICIONAL,ACEITE_CONDICIONAL_DECIL_INTERMEDIARIO,Aceite Condicional Decil Intermediario (+7.5% premio).,7.5,False,10000.0,10750.0,750.0,0.0,G,F,ALTA,0.0,0.0
CNPJ_003167,0.0,0.1062,5,APROVADO,RGR_R04_DECIL4_10_APROVADO,APROVADO_AUTOMATICO_BAIXO_RISCO,Aprovacao Automatica: Risco dentro do apetite da seguradora.,0.0,False,10000.0,10000.0,0.0,0.0,G,F,BAIXISSIMA,0.0,
CNPJ_003168,0.0,0.1027,5,APROVADO,RGR_R04_DECIL4_10_APROVADO,APROVADO_AUTOMATICO_BAIXO_RISCO,Aprovacao Automatica: Risco dentro do apetite da seguradora.,0.0,False,10000.0,10000.0,0.0,0.0,M,,BAIXISSIMA,0.0,0.0
CNPJ_003169,0.0,0.0675,10,APROVADO,RGR_R04_DECIL4_10_APROVADO,APROVADO_AUTOMATICO_BAIXO_RISCO,Aprovacao Automatica: Risco dentro do apetite da seguradora.,0.0,False,10000.0,10000.0,0.0,0.0,C,J,ALTA,92.0,0.0
CNPJ_003170,0.0,0.111,4,APROVADO,RGR_R04_DECIL4_10_APROVADO,APROVADO_AUTOMATICO_BAIXO_RISCO,Aprovacao Automatica: Risco dentro do apetite da seguradora.,0.0,False,10000.0,10000.0,0.0,0.0,G,C,,0.0,0.0
CNPJ_003171,0.0,0.0891,8,APROVADO,RGR_R04_DECIL4_10_APROVADO,APROVADO_AUTOMATICO_BAIXO_RISCO,Aprovacao Automatica: Risco dentro do apetite da seguradora.,0.0,False,10000.0,10000.0,0.0,0.0,G,H,BAIXISSIMA,13.0,0.0
CNPJ_003172,0.0,0.1079,4,RECUSADO,RGR_K02_EXCESSO_PROCESSOS_JUDICIAIS,K02_JUDICIAL_EXTREMO,Recusa Sumaria: Elevado passivo judicial (> 100 processos como requerido).,0.0,False,10000.0,0.0,0.0,0.0,C,J,ALTISSIMA,615.0,0.0
CNPJ_003173,0.0,0.1169,3,ACEITO_COM_CONDICAO,RGR_R03_DECIL2_3_CONDICIONAL,ACEITE_CONDICIONAL_DECIL_INTERMEDIARIO,Aceite Condicional Decil Intermediario (+7.5% premio).,7.5,False,10000.0,10750.0,750.0,0.0,G,A,BAIXISSIMA,0.0,
CNPJ_003174,0.0,0.1219,2,ACEITO_COM_CONDICAO,RGR_R03_DECIL2_3_CONDICIONAL,ACEITE_CONDICIONAL_DECIL_INTERMEDIARIO,Aceite Condicional Decil Intermediario (+7.5% premio).,7.5,False,10000.0,10750.0,750.0,0.0,G,E,ALTA,1.0,0.0
CNPJ_003175,0.0,0.0895,8,APROVADO,RGR_R04_DECIL4_10_APROVADO,APROVADO_AUTOMATICO_BAIXO_RISCO,Aprovacao Automatica: Risco dentro do apetite da seguradora.,0.0,False,10000.0,10000.0,0.0,0.0,C,G,ALTISSIMA,3.0,0.0
CNPJ_003176,0.0,0.113,4,APROVADO,RGR_R04_DECIL4_10_APROVADO,APROVADO_AUTOMATICO_BAIXO_RISCO,Aprovacao Automatica: Risco dentro do apetite da seguradora.,0.0,False,10000.0,10000.0,0.0,0.0,J,A,BAIXISSIMA,0.0,0.0
CNPJ_003177,0.0,0.0718,10,APROVADO,RGR_R04_DECIL4_10_APROVADO,APROVADO_AUTOMATICO_BAIXO_RISCO,Aprovacao Automatica: Risco dentro do apetite da seguradora.,0.0,False,10000.0,10000.0,0.0,0.0,C,I,ALTISSIMA,24.0,0.0
CNPJ_003178,0.0,0.1011,6,APROVADO,RGR_R04_DECIL4_10_APROVADO,APROVADO_AUTOMATICO_BAIXO_RISCO,Aprovacao Automatica: Risco dentro do apetite da seguradora.,0.0,False,10000.0,10000.0,0.0,0.0,N,E,ALTA,0.0,0.0
CNPJ_003179,0.0,0.1211,2,RECUSADO,RGR_K01_RISCO_LIDERANCA_AREA_CRITICA,K01_LIDERANCA_AREA_CRITICA,Recusa Sumaria: Risco de lideranca detectado em area de concentracao altissima de sinistro.,0.0,False,10000.0,0.0,0.0,0.0,G,J,ALTISSIMA,0.0,1.0
CNPJ_003180,0.0,0.0928,7,APROVADO,RGR_R04_DECIL4_10_APROVADO,APROVADO_AUTOMATICO_BAIXO_RISCO,Aprovacao Automatica: Risco dentro do apetite da seguradora.,0.0,False,10000.0,10000.0,0.0,0.0,A,C,MEDIA,1.0,0.0
CNPJ_003181,0.0,0.1112,4,APROVADO,RGR_R04_DECIL4_10_APROVADO,APROVADO_AUTOMATICO_BAIXO_RISCO,Aprovacao Automatica: Risco dentro do apetite da seguradora.,0.0,False,10000.0,10000.0,0.0,0.0,F,A,ALTISSIMA,0.0,0.0
CNPJ_003182,0.0,0.0993,6,RECUSADO,RGR_K02_EXCESSO_PROCESSOS_JUDICIAIS,K02_JUDICIAL_EXTREMO,Recusa Sumaria: Elevado passivo judicial (> 100 processos como requerido).,0.0,False,10000.0,0.0,0.0,0.0,G,J,BAIXISSIMA,212.0,0.0
CNPJ_003183,0.0,0.1047,5,APROVADO,RGR_R04_DECIL4_10_APROVADO,APROVADO_AUTOMATICO_BAIXO_RISCO,Aprovacao Automatica: Risco dentro do apetite da seguradora.,0.0,False,10000.0,10000.0,0.0,0.0,G,D,ALTA,0.0,0.0
CNPJ_003184,0.0,0.1489,1,RECUSADO,RGR_R02_DECIL1_RECUSA_PADRAO,DECIL1_ALTO_RISCO_SEM_MITIGACAO,Recusa por Decil 1 de Risco sem criterios para resgate comercial.,0.0,False,10000.0,0.0,0.0,0.0,E,J,ALTISSIMA,6.0,0.0
CNPJ_003185,0.0,0.071,10,RECUSADO,RGR_K02_EXCESSO_PROCESSOS_JUDICIAIS,K02_JUDICIAL_EXTREMO,Recusa Sumaria: Elevado passivo judicial (> 100 processos como requerido).,0.0,False,10000.0,0.0,0.0,0.0,G,J,ALTISSIMA,20104.0,0.0
CNPJ_003186,0.0,0.0981,6,APROVADO,RGR_R04_DECIL4_10_APROVADO,APROVADO_AUTOMATICO_BAIXO_RISCO,Aprovacao Automatica: Risco dentro do apetite da seguradora.,0.0,False,10000.0,10000.0,0.0,0.0,F,G,ALTA,5.0,0.0
CNPJ_003187,0.0,0.0982,6,APROVADO,RGR_R04_DECIL4_10_APROVADO,APROVADO_AUTOMATICO_BAIXO_RISCO,Aprovacao Automatica: Risco dentro do apetite da seguradora.,0.0,False,10000.0,10000.0,0.0,0.0,F,B,ALTISSIMA,0.0,0.0
CNPJ_003188,0.0,0.0812,9,APROVADO,RGR_R04_DECIL4_10_APROVADO,APROVADO_AUTOMATICO_BAIXO_RISCO,Aprovacao Automatica: Risco dentro do apetite da seguradora.,0.0,False,10000.0,10000.0,0.0,0.0,C,J,BAIXISSIMA,45.0,1.0
CNPJ_003189,0.0,0.0684,10,APROVADO,RGR_R04_DECIL4_10_APROVADO,APROVADO_AUTOMATICO_BAIXO_RISCO,Aprovacao Automatica: Risco dentro do apetite da seguradora.,0.0,False,10000.0,10000.0,0.0,0.0,F,J,BAIXISSIMA,15.0,1.0
CNPJ_003190,0.0,0.1064,5,APROVADO,RGR_R04_DECIL4_10_APROVADO,APROVADO_AUTOMATICO_BAIXO_RISCO,Aprovacao Automatica: Risco dentro do apetite da seguradora.,0.0,False,10000.0,10000.0,0.0,0.0,G,J,ALTISSIMA,0.0,0.0
CNPJ_003191,0.0,0.1022,5,RECUSADO,RGR_K02_EXCESSO_PROCESSOS_JUDICIAIS,K02_JUDICIAL_EXTREMO,Recusa Sumaria: Elevado passivo judicial (> 100 processos como requerido).,0.0,False,10000.0,0.0,0.0,0.0,G,J,ALTISSIMA,212.0,0.0
CNPJ_003192,0.0,0.101,6,APROVADO,RGR_R04_DECIL4_10_APROVADO,APROVADO_AUTOMATICO_BAIXO_RISCO,Aprovacao Automatica: Risco dentro do apetite da seguradora.,0.0,False,10000.0,10000.0,0.0,0.0,C,A,ALTISSIMA,0.0,0.0
CNPJ_003193,0.0,0.0941,7,APROVADO,RGR_R04_DECIL4_10_APROVADO,APROVADO_AUTOMATICO_BAIXO_RISCO,Aprovacao Automatica: Risco dentro do apetite da seguradora.,0.0,False,10000.0,10000.0,0.0,0.0,C,E,MEDIA,0.0,0.0
CNPJ_003194,0.0,0.048,10,APROVADO,RGR_R04_DECIL4_10_APROVADO,APROVADO_AUTOMATICO_BAIXO_RISCO,Aprovacao Automatica: Risco dentro do apetite da seguradora.,0.0,False,10000.0,10000.0,0.0,0.0,H,G,ALTISSIMA,2.0,0.0
CNPJ_003195,0.0,0.0974,6,APROVADO,RGR_R04_DECIL4_10_APROVADO,APROVADO_AUTOMATICO_BAIXO_RISCO,Aprovacao Automatica: Risco dentro do apetite da seguradora.,0.0,False,10000.0,10000.0,0.0,0.0,N,G,ALTA,2.0,0.0
CNPJ_003196,0.0,0.0663,10,APROVADO,RGR_R04_DECIL4_10_APROVADO,APROVADO_AUTOMATICO_BAIXO_RISCO,Aprovacao Automatica: Risco dentro do apetite da seguradora.,0.0,False,10000.0,10000.0,0.0,0.0,G,I,ALTISSIMA,81.0,0.0
CNPJ_003197,0.0,0.1082,4,APROVADO,RGR_R04_DECIL4_10_APROVADO,APROVADO_AUTOMATICO_BAIXO_RISCO,Aprovacao Automatica: Risco dentro do apetite da seguradora.,0.0,False,10000.0,10000.0,0.0,0.0,N,,,0.0,1.0
CNPJ_003198,0.0,0.2361,1,RECUSADO,RGR_R02_DECIL1_RECUSA_PADRAO,DECIL1_ALTO_RISCO_SEM_MITIGACAO,Recusa por Decil 1 de Risco sem criterios para resgate comercial.,0.0,False,10000.0,0.0,0.0,0.0,H,D,ALTISSIMA,1.0,0.0
CNPJ_003199,0.0,0.1141,3,ACEITO_COM_CONDICAO,RGR_R03_DECIL2_3_CONDICIONAL,ACEITE_CONDICIONAL_DECIL_INTERMEDIARIO,Aceite Condicional Decil Intermediario (+7.5% premio).,7.5,False,10000.0,10750.0,750.0,0.0,H,D,ALTISSIMA,2.0,0.0
CNPJ_003200,0.0,0.2991,1,RECUSADO,RGR_R02_DECIL1_RECUSA_PADRAO,DECIL1_ALTO_RISCO_SEM_MITIGACAO,Recusa por Decil 1 de Risco sem criterios para resgate comercial.,0.0,False,10000.0,0.0,0.0,0.0,H,,ALTISSIMA,0.0,0.0
CNPJ_003201,0.0,0.0711,10,APROVADO,RGR_R04_DECIL4_10_APROVADO,APROVADO_AUTOMATICO_BAIXO_RISCO,Aprovacao Automatica: Risco dentro do apetite da seguradora.,0.0,False,10000.0,10000.0,0.0,0.0,N,F,ALTISSIMA,17.0,0.0
CNPJ_003202,0.0,0.1063,5,APROVADO,RGR_R04_DECIL4_10_APROVADO,APROVADO_AUTOMATICO_BAIXO_RISCO,Aprovacao Automatica: Risco dentro do apetite da seguradora.,0.0,False,10000.0,10000.0,0.0,0.0,G,E,BAIXISSIMA,0.0,0.0
CNPJ_003203,0.0,0.0903,8,APROVADO,RGR_R04_DECIL4_10_APROVADO,APROVADO_AUTOMATICO_BAIXO_RISCO,Aprovacao Automatica: Risco dentro do apetite da seguradora.,0.0,False,10000.0,10000.0,0.0,0.0,F,,BAIXISSIMA,0.0,0.0
CNPJ_003204,0.0,0.096,7,APROVADO,RGR_R04_DECIL4_10_APROVADO,APROVADO_AUTOMATICO_BAIXO_RISCO,Aprovacao Automatica: Risco dentro do apetite da seguradora.,0.0,False,10000.0,10000.0,0.0,0.0,G,A,ALTA,1.0,0.0
CNPJ_003205,0.0,0.1123,4,APROVADO,RGR_R04_DECIL4_10_APROVADO,APROVADO_AUTOMATICO_BAIXO_RISCO,Aprovacao Automatica: Risco dentro do apetite da seguradora.,0.0,False,10000.0,10000.0,0.0,0.0,J,,ALTA,1.0,0.0
CNPJ_003206,0.0,0.0792,9,APROVADO,RGR_R04_DECIL4_10_APROVADO,APROVADO_AUTOMATICO_BAIXO_RISCO,Aprovacao Automatica: Risco dentro do apetite da seguradora.,0.0,False,10000.0,10000.0,0.0,0.0,H,G,BAIXISSIMA,2.0,1.0
CNPJ_003207,0.0,0.0516,10,APROVADO,RGR_R04_DECIL4_10_APROVADO,APROVADO_AUTOMATICO_BAIXO_RISCO,Aprovacao Automatica: Risco dentro do apetite da seguradora.,0.0,False,10000.0,10000.0,0.0,0.0,F,J,,64.0,0.0
CNPJ_003208,0.0,0.118,3,ACEITO_COM_CONDICAO,RGR_R03_DECIL2_3_CONDICIONAL,ACEITE_CONDICIONAL_DECIL_INTERMEDIARIO,Aceite Condicional Decil Intermediario (+7.5% premio).,7.5,False,10000.0,10750.0,750.0,0.0,G,B,BAIXISSIMA,0.0,0.0
CNPJ_003209,0.0,0.0812,9,APROVADO,RGR_R04_DECIL4_10_APROVADO,APROVADO_AUTOMATICO_BAIXO_RISCO,Aprovacao Automatica: Risco dentro do apetite da seguradora.,0.0,False,10000.0,10000.0,0.0,0.0,F,F,ALTISSIMA,2.0,0.0
CNPJ_003210,0.0,0.1072,5,APROVADO,RGR_R04_DECIL4_10_APROVADO,APROVADO_AUTOMATICO_BAIXO_RISCO,Aprovacao Automatica: Risco dentro do apetite da seguradora.,0.0,False,10000.0,10000.0,0.0,0.0,G,A,ALTA,0.0,
CNPJ_003211,0.0,0.0949,7,APROVADO,RGR_R04_DECIL4_10_APROVADO,APROVADO_AUTOMATICO_BAIXO_RISCO,Aprovacao Automatica: Risco dentro do apetite da seguradora.,0.0,False,10000.0,10000.0,0.0,0.0,G,D,ALTA,0.0,0.0
CNPJ_003212,0.0,0.0946,7,APROVADO,RGR_R04_DECIL4_10_APROVADO,APROVADO_AUTOMATICO_BAIXO_RISCO,Aprovacao Automatica: Risco dentro do apetite da seguradora.,0.0,False,10000.0,10000.0,0.0,0.0,G,D,ALTA,0.0,0.0
CNPJ_003213,0.0,0.0925,7,APROVADO,RGR_R04_DECIL4_10_APROVADO,APROVADO_AUTOMATICO_BAIXO_RISCO,Aprovacao Automatica: Risco dentro do apetite da seguradora.,0.0,False,10000.0,10000.0,0.0,0.0,G,G,BAIXISSIMA,0.0,0.0
CNPJ_003214,0.0,0.1099,4,APROVADO,RGR_R04_DECIL4_10_APROVADO,APROVADO_AUTOMATICO_BAIXO_RISCO,Aprovacao Automatica: Risco dentro do apetite da seguradora.,0.0,False,10000.0,10000.0,0.0,0.0,F,F,ALTA,1.0,0.0
CNPJ_003215,0.0,0.0979,6,APROVADO,RGR_R04_DECIL4_10_APROVADO,APROVADO_AUTOMATICO_BAIXO_RISCO,Aprovacao Automatica: Risco dentro do apetite da seguradora.,0.0,False,10000.0,10000.0,0.0,0.0,G,G,ALTA,0.0,0.0
CNPJ_003216,0.0,0.0805,9,APROVADO,RGR_R04_DECIL4_10_APROVADO,APROVADO_AUTOMATICO_BAIXO_RISCO,Aprovacao Automatica: Risco dentro do apetite da seguradora.,0.0,False,10000.0,10000.0,0.0,0.0,H,D,ALTA,0.0,0.0
CNPJ_003217,0.0,0.0563,10,APROVADO,RGR_R04_DECIL4_10_APROVADO,APROVADO_AUTOMATICO_BAIXO_RISCO,Aprovacao Automatica: Risco dentro do apetite da seguradora.,0.0,False,10000.0,10000.0,0.0,0.0,H,F,ALTISSIMA,3.0,0.0
CNPJ_003218,0.0,0.105,5,APROVADO,RGR_R04_DECIL4_10_APROVADO,APROVADO_AUTOMATICO_BAIXO_RISCO,Aprovacao Automatica: Risco dentro do apetite da seguradora.,0.0,False,10000.0,10000.0,0.0,0.0,C,J,BAIXISSIMA,48.0,0.0
CNPJ_003219,0.0,0.0992,6,APROVADO,RGR_R04_DECIL4_10_APROVADO,APROVADO_AUTOMATICO_BAIXO_RISCO,Aprovacao Automatica: Risco dentro do apetite da seguradora.,0.0,False,10000.0,10000.0,0.0,0.0,G,B,ALTISSIMA,0.0,0.0
CNPJ_003220,0.0,0.1207,2,ACEITO_COM_CONDICAO,RGR_R03_DECIL2_3_CONDICIONAL,ACEITE_CONDICIONAL_DECIL_INTERMEDIARIO,Aceite Condicional Decil Intermediario (+7.5% premio).,7.5,False,10000.0,10750.0,750.0,0.0,M,H,BAIXISSIMA,8.0,0.0
CNPJ_003221,0.0,0.0899,8,APROVADO,RGR_R04_DECIL4_10_APROVADO,APROVADO_AUTOMATICO_BAIXO_RISCO,Aprovacao Automatica: Risco dentro do apetite da seguradora.,0.0,False,10000.0,10000.0,0.0,0.0,C,,BAIXISSIMA,0.0,0.0
CNPJ_003222,0.0,0.1058,5,APROVADO,RGR_R04_DECIL4_10_APROVADO,APROVADO_AUTOMATICO_BAIXO_RISCO,Aprovacao Automatica: Risco dentro do apetite da seguradora.,0.0,False,10000.0,10000.0,0.0,0.0,C,G,ALTISSIMA,0.0,0.0
CNPJ_003223,0.0,0.0822,9,APROVADO,RGR_R04_DECIL4_10_APROVADO,APROVADO_AUTOMATICO_BAIXO_RISCO,Aprovacao Automatica: Risco dentro do apetite da seguradora.,0.0,False,10000.0,10000.0,0.0,0.0,C,D,BAIXISSIMA,0.0,0.0
CNPJ_003224,0.0,0.1178,3,ACEITO_COM_CONDICAO,RGR_R03_DECIL2_3_CONDICIONAL,ACEITE_CONDICIONAL_DECIL_INTERMEDIARIO,Aceite Condicional Decil Intermediario (+7.5% premio).,7.5,False,10000.0,10750.0,750.0,0.0,G,E,ALTA,0.0,
CNPJ_003225,0.0,0.1034,5,APROVADO,RGR_R04_DECIL4_10_APROVADO,APROVADO_AUTOMATICO_BAIXO_RISCO,Aprovacao Automatica: Risco dentro do apetite da seguradora.,0.0,False,10000.0,10000.0,0.0,0.0,G,,BAIXISSIMA,0.0,
CNPJ_003226,0.0,0.2865,1,ACEITO_COM_CONDICAO,RGR_R01_DECIL1_RESGATE_COM_RASTREADOR,RECUPERACAO_COMERCIAL_D1,"Aceite Condicional Decil 1: Perfil de score alto risco, porem mitigado por baixo passivo judicial e geografia favoravel.",15.0,True,10000.0,11500.0,1500.0,0.0,G,A,BAIXISSIMA,0.0,0.0
CNPJ_003227,0.0,0.0992,6,APROVADO,RGR_R04_DECIL4_10_APROVADO,APROVADO_AUTOMATICO_BAIXO_RISCO,Aprovacao Automatica: Risco dentro do apetite da seguradora.,0.0,False,10000.0,10000.0,0.0,0.0,C,A,BAIXISSIMA,0.0,0.0
CNPJ_003228,0.0,0.1179,3,ACEITO_COM_CONDICAO,RGR_R03_DECIL2_3_CONDICIONAL,ACEITE_CONDICIONAL_DECIL_INTERMEDIARIO,Aceite Condicional Decil Intermediario (+7.5% premio).,7.5,False,10000.0,10750.0,750.0,0.0,F,,ALTA,0.0,0.0
CNPJ_003229,0.0,0.0624,10,APROVADO,RGR_R04_DECIL4_10_APROVADO,APROVADO_AUTOMATICO_BAIXO_RISCO,Aprovacao Automatica: Risco dentro do apetite da seguradora.,0.0,False,10000.0,10000.0,0.0,0.0,H,A,ALTISSIMA,0.0,
CNPJ_003230,0.0,0.0901,8,APROVADO,RGR_R04_DECIL4_10_APROVADO,APROVADO_AUTOMATICO_BAIXO_RISCO,Aprovacao Automatica: Risco dentro do apetite da seguradora.,0.0,False,10000.0,10000.0,0.0,0.0,K,,ALTA,0.0,1.0
CNPJ_003231,0.0,0.0944,7,APROVADO,RGR_R04_DECIL4_10_APROVADO,APROVADO_AUTOMATICO_BAIXO_RISCO,Aprovacao Automatica: Risco dentro do apetite da seguradora.,0.0,False,10000.0,10000.0,0.0,0.0,C,,BAIXISSIMA,0.0,0.0
CNPJ_003232,0.0,0.1093,4,APROVADO,RGR_R04_DECIL4_10_APROVADO,APROVADO_AUTOMATICO_BAIXO_RISCO,Aprovacao Automatica: Risco dentro do apetite da seguradora.,0.0,False,10000.0,10000.0,0.0,0.0,N,,,0.0,1.0
CNPJ_003233,0.0,0.0952,7,APROVADO,RGR_R04_DECIL4_10_APROVADO,APROVADO_AUTOMATICO_BAIXO_RISCO,Aprovacao Automatica: Risco dentro do apetite da seguradora.,0.0,False,10000.0,10000.0,0.0,0.0,N,J,ALTA,10.0,0.0
CNPJ_003234,0.0,0.0887,8,APROVADO,RGR_R04_DECIL4_10_APROVADO,APROVADO_AUTOMATICO_BAIXO_RISCO,Aprovacao Automatica: Risco dentro do apetite da seguradora.,0.0,False,10000.0,10000.0,0.0,0.0,C,EMPRESA_ISENTA,ALTISSIMA,0.0,0.0
CNPJ_003235,0.0,0.0843,9,APROVADO,RGR_R04_DECIL4_10_APROVADO,APROVADO_AUTOMATICO_BAIXO_RISCO,Aprovacao Automatica: Risco dentro do apetite da seguradora.,0.0,False,10000.0,10000.0,0.0,0.0,M,,BAIXISSIMA,0.0,0.0
CNPJ_003236,0.0,0.071,10,APROVADO,RGR_R04_DECIL4_10_APROVADO,APROVADO_AUTOMATICO_BAIXO_RISCO,Aprovacao Automatica: Risco dentro do apetite da seguradora.,0.0,False,10000.0,10000.0,0.0,0.0,G,F,ALTISSIMA,31.0,0.0
CNPJ_003237,0.0,0.101,6,RECUSADO,RGR_K01_RISCO_LIDERANCA_AREA_CRITICA,K01_LIDERANCA_AREA_CRITICA,Recusa Sumaria: Risco de lideranca detectado em area de concentracao altissima de sinistro.,0.0,False,10000.0,0.0,0.0,0.0,H,A,ALTISSIMA,0.0,1.0
CNPJ_003238,0.0,0.114,3,ACEITO_COM_CONDICAO,RGR_R03_DECIL2_3_CONDICIONAL,ACEITE_CONDICIONAL_DECIL_INTERMEDIARIO,Aceite Condicional Decil Intermediario (+7.5% premio).,7.5,False,10000.0,10750.0,750.0,0.0,G,D,BAIXISSIMA,0.0,0.0
CNPJ_003239,0.0,0.0957,7,APROVADO,RGR_R04_DECIL4_10_APROVADO,APROVADO_AUTOMATICO_BAIXO_RISCO,Aprovacao Automatica: Risco dentro do apetite da seguradora.,0.0,False,10000.0,10000.0,0.0,0.0,C,J,ALTA,92.0,0.0
CNPJ_003240,0.0,0.0811,9,APROVADO,RGR_R04_DECIL4_10_APROVADO,APROVADO_AUTOMATICO_BAIXO_RISCO,Aprovacao Automatica: Risco dentro do apetite da seguradora.,0.0,False,10000.0,10000.0,0.0,0.0,M,F,ALTA,1.0,0.0
CNPJ_003241,0.0,0.0709,10,APROVADO,RGR_R04_DECIL4_10_APROVADO,APROVADO_AUTOMATICO_BAIXO_RISCO,Aprovacao Automatica: Risco dentro do apetite da seguradora.,0.0,False,10000.0,10000.0,0.0,0.0,,,,,
CNPJ_003242,0.0,0.0828,9,APROVADO,RGR_R04_DECIL4_10_APROVADO,APROVADO_AUTOMATICO_BAIXO_RISCO,Aprovacao Automatica: Risco dentro do apetite da seguradora.,0.0,False,10000.0,10000.0,0.0,0.0,N,H,ALTISSIMA,11.0,0.0
CNPJ_003243,0.0,0.0765,10,APROVADO,RGR_R04_DECIL4_10_APROVADO,APROVADO_AUTOMATICO_BAIXO_RISCO,Aprovacao Automatica: Risco dentro do apetite da seguradora.,0.0,False,10000.0,10000.0,0.0,0.0,I,J,ALTISSIMA,20.0,0.0
CNPJ_003244,0.0,0.1176,3,ACEITO_COM_CONDICAO,RGR_R03_DECIL2_3_CONDICIONAL,ACEITE_CONDICIONAL_DECIL_INTERMEDIARIO,Aceite Condicional Decil Intermediario (+7.5% premio).,7.5,False,10000.0,10750.0,750.0,0.0,F,F,BAIXISSIMA,0.0,1.0
CNPJ_003245,0.0,0.0938,7,APROVADO,RGR_R04_DECIL4_10_APROVADO,APROVADO_AUTOMATICO_BAIXO_RISCO,Aprovacao Automatica: Risco dentro do apetite da seguradora.,0.0,False,10000.0,10000.0,0.0,0.0,N,B,ALTISSIMA,0.0,0.0
CNPJ_003246,0.0,0.0709,10,APROVADO,RGR_R04_DECIL4_10_APROVADO,APROVADO_AUTOMATICO_BAIXO_RISCO,Aprovacao Automatica: Risco dentro do apetite da seguradora.,0.0,False,10000.0,10000.0,0.0,0.0,,,,,
CNPJ_003247,0.0,0.1141,3,RECUSADO,RGR_K02_EXCESSO_PROCESSOS_JUDICIAIS,K02_JUDICIAL_EXTREMO,Recusa Sumaria: Elevado passivo judicial (> 100 processos como requerido).,0.0,False,10000.0,0.0,0.0,0.0,J,F,ALTISSIMA,898.0,0.0
CNPJ_003248,0.0,0.0983,6,APROVADO,RGR_R04_DECIL4_10_APROVADO,APROVADO_AUTOMATICO_BAIXO_RISCO,Aprovacao Automatica: Risco dentro do apetite da seguradora.,0.0,False,10000.0,10000.0,0.0,0.0,P,F,BAIXISSIMA,0.0,0.0
CNPJ_003249,0.0,0.1027,5,APROVADO,RGR_R04_DECIL4_10_APROVADO,APROVADO_AUTOMATICO_BAIXO_RISCO,Aprovacao Automatica: Risco dentro do apetite da seguradora.,0.0,False,10000.0,10000.0,0.0,0.0,G,D,BAIXISSIMA,0.0,0.0
CNPJ_003250,0.0,0.0763,10,APROVADO,RGR_R04_DECIL4_10_APROVADO,APROVADO_AUTOMATICO_BAIXO_RISCO,Aprovacao Automatica: Risco dentro do apetite da seguradora.,0.0,False,10000.0,10000.0,0.0,0.0,G,G,ALTA,12.0,1.0
CNPJ_003251,0.0,0.0813,9,APROVADO,RGR_R04_DECIL4_10_APROVADO,APROVADO_AUTOMATICO_BAIXO_RISCO,Aprovacao Automatica: Risco dentro do apetite da seguradora.,0.0,False,10000.0,10000.0,0.0,0.0,H,A,BAIXISSIMA,0.0,0.0
CNPJ_003252,0.0,0.0788,9,APROVADO,RGR_R04_DECIL4_10_APROVADO,APROVADO_AUTOMATICO_BAIXO_RISCO,Aprovacao Automatica: Risco dentro do apetite da seguradora.,0.0,False,10000.0,10000.0,0.0,0.0,C,H,BAIXISSIMA,0.0,0.0
CNPJ_003253,0.0,0.0902,8,APROVADO,RGR_R04_DECIL4_10_APROVADO,APROVADO_AUTOMATICO_BAIXO_RISCO,Aprovacao Automatica: Risco dentro do apetite da seguradora.,0.0,False,10000.0,10000.0,0.0,0.0,F,E,ALTA,0.0,0.0
CNPJ_003254,0.0,0.1282,2,ACEITO_COM_CONDICAO,RGR_R03_DECIL2_3_CONDICIONAL,ACEITE_CONDICIONAL_DECIL_INTERMEDIARIO,Aceite Condicional Decil Intermediario (+7.5% premio).,7.5,False,10000.0,10750.0,750.0,0.0,G,G,ALTA,0.0,
CNPJ_003255,0.0,0.0844,9,APROVADO,RGR_R04_DECIL4_10_APROVADO,APROVADO_AUTOMATICO_BAIXO_RISCO,Aprovacao Automatica: Risco dentro do apetite da seguradora.,0.0,False,10000.0,10000.0,0.0,0.0,G,G,ALTISSIMA,2.0,0.0
CNPJ_003256,0.0,0.0638,10,APROVADO,RGR_R04_DECIL4_10_APROVADO,APROVADO_AUTOMATICO_BAIXO_RISCO,Aprovacao Automatica: Risco dentro do apetite da seguradora.,0.0,False,10000.0,10000.0,0.0,0.0,G,J,BAIXISSIMA,33.0,
CNPJ_003257,0.0,0.0896,8,APROVADO,RGR_R04_DECIL4_10_APROVADO,APROVADO_AUTOMATICO_BAIXO_RISCO,Aprovacao Automatica: Risco dentro do apetite da seguradora.,0.0,False,10000.0,10000.0,0.0,0.0,C,I,ALTA,0.0,0.0
CNPJ_003258,0.0,0.1065,5,APROVADO,RGR_R04_DECIL4_10_APROVADO,APROVADO_AUTOMATICO_BAIXO_RISCO,Aprovacao Automatica: Risco dentro do apetite da seguradora.,0.0,False,10000.0,10000.0,0.0,0.0,G,I,BAIXISSIMA,0.0,0.0
CNPJ_003259,0.0,0.0838,9,APROVADO,RGR_R04_DECIL4_10_APROVADO,APROVADO_AUTOMATICO_BAIXO_RISCO,Aprovacao Automatica: Risco dentro do apetite da seguradora.,0.0,False,10000.0,10000.0,0.0,0.0,C,I,BAIXISSIMA,72.0,0.0
CNPJ_003260,0.0,0.1251,2,ACEITO_COM_CONDICAO,RGR_R03_DECIL2_3_CONDICIONAL,ACEITE_CONDICIONAL_DECIL_INTERMEDIARIO,Aceite Condicional Decil Intermediario (+7.5% premio).,7.5,False,10000.0,10750.0,750.0,0.0,G,E,ALTA,1.0,0.0
CNPJ_003261,0.0,0.1143,3,ACEITO_COM_CONDICAO,RGR_R03_DECIL2_3_CONDICIONAL,ACEITE_CONDICIONAL_DECIL_INTERMEDIARIO,Aceite Condicional Decil Intermediario (+7.5% premio).,7.5,False,10000.0,10750.0,750.0,0.0,F,C,ALTA,0.0,0.0
CNPJ_003262,0.0,0.1165,3,ACEITO_COM_CONDICAO,RGR_R03_DECIL2_3_CONDICIONAL,ACEITE_CONDICIONAL_DECIL_INTERMEDIARIO,Aceite Condicional Decil Intermediario (+7.5% premio).,7.5,False,10000.0,10750.0,750.0,0.0,S,EMPRESA_ISENTA,BAIXISSIMA,0.0,0.0
CNPJ_003263,0.0,0.1155,3,ACEITO_COM_CONDICAO,RGR_R03_DECIL2_3_CONDICIONAL,ACEITE_CONDICIONAL_DECIL_INTERMEDIARIO,Aceite Condicional Decil Intermediario (+7.5% premio).,7.5,False,10000.0,10750.0,750.0,0.0,C,E,MEDIA,0.0,0.0
CNPJ_003264,0.0,0.1088,4,APROVADO,RGR_R04_DECIL4_10_APROVADO,APROVADO_AUTOMATICO_BAIXO_RISCO,Aprovacao Automatica: Risco dentro do apetite da seguradora.,0.0,False,10000.0,10000.0,0.0,0.0,G,D,ALTISSIMA,0.0,0.0
CNPJ_003265,0.0,0.1039,5,APROVADO,RGR_R04_DECIL4_10_APROVADO,APROVADO_AUTOMATICO_BAIXO_RISCO,Aprovacao Automatica: Risco dentro do apetite da seguradora.,0.0,False,10000.0,10000.0,0.0,0.0,G,F,ALTA,0.0,0.0
CNPJ_003266,0.0,0.09,8,APROVADO,RGR_R04_DECIL4_10_APROVADO,APROVADO_AUTOMATICO_BAIXO_RISCO,Aprovacao Automatica: Risco dentro do apetite da seguradora.,0.0,False,10000.0,10000.0,0.0,0.0,C,J,ALTA,3.0,
CNPJ_003267,0.0,0.1007,6,APROVADO,RGR_R04_DECIL4_10_APROVADO,APROVADO_AUTOMATICO_BAIXO_RISCO,Aprovacao Automatica: Risco dentro do apetite da seguradora.,0.0,False,10000.0,10000.0,0.0,0.0,N,H,ALTA,6.0,0.0
CNPJ_003268,0.0,0.0673,10,APROVADO,RGR_R04_DECIL4_10_APROVADO,APROVADO_AUTOMATICO_BAIXO_RISCO,Aprovacao Automatica: Risco dentro do apetite da seguradora.,0.0,False,10000.0,10000.0,0.0,0.0,G,J,ALTISSIMA,34.0,0.0
CNPJ_003269,0.0,0.1107,4,APROVADO,RGR_R04_DECIL4_10_APROVADO,APROVADO_AUTOMATICO_BAIXO_RISCO,Aprovacao Automatica: Risco dentro do apetite da seguradora.,0.0,False,10000.0,10000.0,0.0,0.0,G,F,BAIXISSIMA,1.0,0.0
CNPJ_003270,0.0,0.0759,10,RECUSADO,RGR_K02_EXCESSO_PROCESSOS_JUDICIAIS,K02_JUDICIAL_EXTREMO,Recusa Sumaria: Elevado passivo judicial (> 100 processos como requerido).,0.0,False,10000.0,0.0,0.0,0.0,C,J,ALTA,126.0,0.0
CNPJ_003271,0.0,0.0983,6,APROVADO,RGR_R04_DECIL4_10_APROVADO,APROVADO_AUTOMATICO_BAIXO_RISCO,Aprovacao Automatica: Risco dentro do apetite da seguradora.,0.0,False,10000.0,10000.0,0.0,0.0,H,G,BAIXISSIMA,14.0,0.0
CNPJ_003272,0.0,0.1006,6,APROVADO,RGR_R04_DECIL4_10_APROVADO,APROVADO_AUTOMATICO_BAIXO_RISCO,Aprovacao Automatica: Risco dentro do apetite da seguradora.,0.0,False,10000.0,10000.0,0.0,0.0,A,C,BAIXISSIMA,0.0,0.0
CNPJ_003273,0.0,0.0946,7,APROVADO,RGR_R04_DECIL4_10_APROVADO,APROVADO_AUTOMATICO_BAIXO_RISCO,Aprovacao Automatica: Risco dentro do apetite da seguradora.,0.0,False,10000.0,10000.0,0.0,0.0,J,E,BAIXISSIMA,1.0,0.0
CNPJ_003274,0.0,0.1088,4,APROVADO,RGR_R04_DECIL4_10_APROVADO,APROVADO_AUTOMATICO_BAIXO_RISCO,Aprovacao Automatica: Risco dentro do apetite da seguradora.,0.0,False,10000.0,10000.0,0.0,0.0,G,C,ALTA,0.0,0.0
CNPJ_003275,0.0,0.0958,7,APROVADO,RGR_R04_DECIL4_10_APROVADO,APROVADO_AUTOMATICO_BAIXO_RISCO,Aprovacao Automatica: Risco dentro do apetite da seguradora.,0.0,False,10000.0,10000.0,0.0,0.0,F,F,BAIXISSIMA,0.0,0.0
CNPJ_003276,0.0,0.0928,7,APROVADO,RGR_R04_DECIL4_10_APROVADO,APROVADO_AUTOMATICO_BAIXO_RISCO,Aprovacao Automatica: Risco dentro do apetite da seguradora.,0.0,False,10000.0,10000.0,0.0,0.0,G,,ALTA,0.0,0.0
CNPJ_003277,0.0,0.0657,10,RECUSADO,RGR_K01_RISCO_LIDERANCA_AREA_CRITICA,K01_LIDERANCA_AREA_CRITICA,Recusa Sumaria: Risco de lideranca detectado em area de concentracao altissima de sinistro.,0.0,False,10000.0,0.0,0.0,0.0,G,I,ALTISSIMA,81.0,1.0
CNPJ_003278,0.0,0.1023,5,APROVADO,RGR_R04_DECIL4_10_APROVADO,APROVADO_AUTOMATICO_BAIXO_RISCO,Aprovacao Automatica: Risco dentro do apetite da seguradora.,0.0,False,10000.0,10000.0,0.0,0.0,S,EMPRESA_ISENTA,ALTA,0.0,0.0
CNPJ_003279,0.0,0.0871,8,APROVADO,RGR_R04_DECIL4_10_APROVADO,APROVADO_AUTOMATICO_BAIXO_RISCO,Aprovacao Automatica: Risco dentro do apetite da seguradora.,0.0,False,10000.0,10000.0,0.0,0.0,H,B,BAIXISSIMA,0.0,0.0
CNPJ_003280,0.0,0.0792,9,APROVADO,RGR_R04_DECIL4_10_APROVADO,APROVADO_AUTOMATICO_BAIXO_RISCO,Aprovacao Automatica: Risco dentro do apetite da seguradora.,0.0,False,10000.0,10000.0,0.0,0.0,M,F,ALTISSIMA,0.0,0.0
CNPJ_003281,0.0,0.184,1,RECUSADO,RGR_R02_DECIL1_RECUSA_PADRAO,DECIL1_ALTO_RISCO_SEM_MITIGACAO,Recusa por Decil 1 de Risco sem criterios para resgate comercial.,0.0,False,10000.0,0.0,0.0,0.0,H,I,BAIXISSIMA,15.0,0.0
CNPJ_003282,0.0,0.1103,4,APROVADO,RGR_R04_DECIL4_10_APROVADO,APROVADO_AUTOMATICO_BAIXO_RISCO,Aprovacao Automatica: Risco dentro do apetite da seguradora.,0.0,False,10000.0,10000.0,0.0,0.0,G,A,ALTA,0.0,1.0
CNPJ_003283,0.0,0.2475,1,RECUSADO,RGR_R02_DECIL1_RECUSA_PADRAO,DECIL1_ALTO_RISCO_SEM_MITIGACAO,Recusa por Decil 1 de Risco sem criterios para resgate comercial.,0.0,False,10000.0,0.0,0.0,0.0,H,A,ALTA,0.0,0.0
CNPJ_003284,0.0,0.1126,4,APROVADO,RGR_R04_DECIL4_10_APROVADO,APROVADO_AUTOMATICO_BAIXO_RISCO,Aprovacao Automatica: Risco dentro do apetite da seguradora.,0.0,False,10000.0,10000.0,0.0,0.0,C,D,ALTISSIMA,0.0,0.0
CNPJ_003285,0.0,0.0904,8,APROVADO,RGR_R04_DECIL4_10_APROVADO,APROVADO_AUTOMATICO_BAIXO_RISCO,Aprovacao Automatica: Risco dentro do apetite da seguradora.,0.0,False,10000.0,10000.0,0.0,0.0,E,H,BAIXISSIMA,2.0,0.0
CNPJ_003286,0.0,0.1109,4,APROVADO,RGR_R04_DECIL4_10_APROVADO,APROVADO_AUTOMATICO_BAIXO_RISCO,Aprovacao Automatica: Risco dentro do apetite da seguradora.,0.0,False,10000.0,10000.0,0.0,0.0,J,,ALTA,0.0,0.0
CNPJ_003287,0.0,0.1057,5,APROVADO,RGR_R04_DECIL4_10_APROVADO,APROVADO_AUTOMATICO_BAIXO_RISCO,Aprovacao Automatica: Risco dentro do apetite da seguradora.,0.0,False,10000.0,10000.0,0.0,0.0,A,D,BAIXISSIMA,1.0,0.0
CNPJ_003288,0.0,0.0944,7,APROVADO,RGR_R04_DECIL4_10_APROVADO,APROVADO_AUTOMATICO_BAIXO_RISCO,Aprovacao Automatica: Risco dentro do apetite da seguradora.,0.0,False,10000.0,10000.0,0.0,0.0,G,A,BAIXISSIMA,0.0,0.0
CNPJ_003289,0.0,0.1243,2,ACEITO_COM_CONDICAO,RGR_R03_DECIL2_3_CONDICIONAL,ACEITE_CONDICIONAL_DECIL_INTERMEDIARIO,Aceite Condicional Decil Intermediario (+7.5% premio).,7.5,False,10000.0,10750.0,750.0,0.0,A,,BAIXISSIMA,0.0,0.0
CNPJ_003290,0.0,0.0799,9,APROVADO,RGR_R04_DECIL4_10_APROVADO,APROVADO_AUTOMATICO_BAIXO_RISCO,Aprovacao Automatica: Risco dentro do apetite da seguradora.,0.0,False,10000.0,10000.0,0.0,0.0,H,B,ALTISSIMA,0.0,0.0
CNPJ_003291,0.0,0.1108,4,APROVADO,RGR_R04_DECIL4_10_APROVADO,APROVADO_AUTOMATICO_BAIXO_RISCO,Aprovacao Automatica: Risco dentro do apetite da seguradora.,0.0,False,10000.0,10000.0,0.0,0.0,C,F,,0.0,0.0
CNPJ_003292,0.0,0.1157,3,ACEITO_COM_CONDICAO,RGR_R03_DECIL2_3_CONDICIONAL,ACEITE_CONDICIONAL_DECIL_INTERMEDIARIO,Aceite Condicional Decil Intermediario (+7.5% premio).,7.5,False,10000.0,10750.0,750.0,0.0,C,E,BAIXISSIMA,0.0,1.0
CNPJ_003293,0.0,0.0827,9,RECUSADO,RGR_K01_RISCO_LIDERANCA_AREA_CRITICA,K01_LIDERANCA_AREA_CRITICA,Recusa Sumaria: Risco de lideranca detectado em area de concentracao altissima de sinistro.,0.0,False,10000.0,0.0,0.0,0.0,C,E,ALTISSIMA,0.0,1.0
CNPJ_003294,0.0,0.1011,6,APROVADO,RGR_R04_DECIL4_10_APROVADO,APROVADO_AUTOMATICO_BAIXO_RISCO,Aprovacao Automatica: Risco dentro do apetite da seguradora.,0.0,False,10000.0,10000.0,0.0,0.0,H,,MEDIA,0.0,1.0
CNPJ_003295,0.0,0.0911,8,APROVADO,RGR_R04_DECIL4_10_APROVADO,APROVADO_AUTOMATICO_BAIXO_RISCO,Aprovacao Automatica: Risco dentro do apetite da seguradora.,0.0,False,10000.0,10000.0,0.0,0.0,G,G,ALTA,1.0,0.0
CNPJ_003296,0.0,0.102,6,APROVADO,RGR_R04_DECIL4_10_APROVADO,APROVADO_AUTOMATICO_BAIXO_RISCO,Aprovacao Automatica: Risco dentro do apetite da seguradora.,0.0,False,10000.0,10000.0,0.0,0.0,F,F,BAIXISSIMA,54.0,0.0
CNPJ_003297,0.0,0.0773,9,APROVADO,RGR_R04_DECIL4_10_APROVADO,APROVADO_AUTOMATICO_BAIXO_RISCO,Aprovacao Automatica: Risco dentro do apetite da seguradora.,0.0,False,10000.0,10000.0,0.0,0.0,G,J,ALTA,33.0,0.0
CNPJ_003298,0.0,0.081,9,APROVADO,RGR_R04_DECIL4_10_APROVADO,APROVADO_AUTOMATICO_BAIXO_RISCO,Aprovacao Automatica: Risco dentro do apetite da seguradora.,0.0,False,10000.0,10000.0,0.0,0.0,F,J,ALTA,40.0,0.0
CNPJ_003299,0.0,0.1224,2,ACEITO_COM_CONDICAO,RGR_R03_DECIL2_3_CONDICIONAL,ACEITE_CONDICIONAL_DECIL_INTERMEDIARIO,Aceite Condicional Decil Intermediario (+7.5% premio).,7.5,False,10000.0,10750.0,750.0,0.0,I,E,BAIXISSIMA,0.0,0.0
CNPJ_003300,0.0,0.1025,5,APROVADO,RGR_R04_DECIL4_10_APROVADO,APROVADO_AUTOMATICO_BAIXO_RISCO,Aprovacao Automatica: Risco dentro do apetite da seguradora.,0.0,False,10000.0,10000.0,0.0,0.0,G,F,BAIXISSIMA,0.0,0.0
CNPJ_003301,0.0,0.111,4,APROVADO,RGR_R04_DECIL4_10_APROVADO,APROVADO_AUTOMATICO_BAIXO_RISCO,Aprovacao Automatica: Risco dentro do apetite da seguradora.,0.0,False,10000.0,10000.0,0.0,0.0,G,F,BAIXISSIMA,0.0,0.0
CNPJ_003302,0.0,0.1042,5,APROVADO,RGR_R04_DECIL4_10_APROVADO,APROVADO_AUTOMATICO_BAIXO_RISCO,Aprovacao Automatica: Risco dentro do apetite da seguradora.,0.0,False,10000.0,10000.0,0.0,0.0,P,EMPRESA_ISENTA,ALTA,5.0,0.0
CNPJ_003303,0.0,0.0837,9,APROVADO,RGR_R04_DECIL4_10_APROVADO,APROVADO_AUTOMATICO_BAIXO_RISCO,Aprovacao Automatica: Risco dentro do apetite da seguradora.,0.0,False,10000.0,10000.0,0.0,0.0,C,E,ALTA,3.0,0.0
CNPJ_003304,0.0,0.1198,3,ACEITO_COM_CONDICAO,RGR_R03_DECIL2_3_CONDICIONAL,ACEITE_CONDICIONAL_DECIL_INTERMEDIARIO,Aceite Condicional Decil Intermediario (+7.5% premio).,7.5,False,10000.0,10750.0,750.0,0.0,G,D,MEDIA,0.0,0.0
CNPJ_003305,0.0,0.0915,8,APROVADO,RGR_R04_DECIL4_10_APROVADO,APROVADO_AUTOMATICO_BAIXO_RISCO,Aprovacao Automatica: Risco dentro do apetite da seguradora.,0.0,False,10000.0,10000.0,0.0,0.0,G,G,ALTA,0.0,0.0
CNPJ_003306,0.0,0.144,1,RECUSADO,RGR_R02_DECIL1_RECUSA_PADRAO,DECIL1_ALTO_RISCO_SEM_MITIGACAO,Recusa por Decil 1 de Risco sem criterios para resgate comercial.,0.0,False,10000.0,0.0,0.0,0.0,J,F,ALTA,1.0,0.0
CNPJ_003307,0.0,0.1061,5,APROVADO,RGR_R04_DECIL4_10_APROVADO,APROVADO_AUTOMATICO_BAIXO_RISCO,Aprovacao Automatica: Risco dentro do apetite da seguradora.,0.0,False,10000.0,10000.0,0.0,0.0,G,A,ALTA,0.0,0.0
CNPJ_003308,0.0,0.1291,2,ACEITO_COM_CONDICAO,RGR_R03_DECIL2_3_CONDICIONAL,ACEITE_CONDICIONAL_DECIL_INTERMEDIARIO,Aceite Condicional Decil Intermediario (+7.5% premio).,7.5,False,10000.0,10750.0,750.0,0.0,G,D,BAIXISSIMA,0.0,0.0
CNPJ_003309,0.0,0.1131,4,APROVADO,RGR_R04_DECIL4_10_APROVADO,APROVADO_AUTOMATICO_BAIXO_RISCO,Aprovacao Automatica: Risco dentro do apetite da seguradora.,0.0,False,10000.0,10000.0,0.0,0.0,H,,MEDIA,0.0,0.0
CNPJ_003310,0.0,0.2104,1,RECUSADO,RGR_R02_DECIL1_RECUSA_PADRAO,DECIL1_ALTO_RISCO_SEM_MITIGACAO,Recusa por Decil 1 de Risco sem criterios para resgate comercial.,0.0,False,10000.0,0.0,0.0,0.0,G,D,ALTA,1.0,0.0
CNPJ_003311,0.0,0.0486,10,APROVADO,RGR_R04_DECIL4_10_APROVADO,APROVADO_AUTOMATICO_BAIXO_RISCO,Aprovacao Automatica: Risco dentro do apetite da seguradora.,0.0,False,10000.0,10000.0,0.0,0.0,H,J,ALTA,32.0,0.0
CNPJ_003312,0.0,0.0869,8,RECUSADO,RGR_K01_RISCO_LIDERANCA_AREA_CRITICA,K01_LIDERANCA_AREA_CRITICA,Recusa Sumaria: Risco de lideranca detectado em area de concentracao altissima de sinistro.,0.0,False,10000.0,0.0,0.0,0.0,N,,ALTISSIMA,2.0,1.0
CNPJ_003313,0.0,0.1613,1,RECUSADO,RGR_R02_DECIL1_RECUSA_PADRAO,DECIL1_ALTO_RISCO_SEM_MITIGACAO,Recusa por Decil 1 de Risco sem criterios para resgate comercial.,0.0,False,10000.0,0.0,0.0,0.0,G,C,ALTA,0.0,0.0
CNPJ_003314,0.0,0.1075,4,APROVADO,RGR_R04_DECIL4_10_APROVADO,APROVADO_AUTOMATICO_BAIXO_RISCO,Aprovacao Automatica: Risco dentro do apetite da seguradora.,0.0,False,10000.0,10000.0,0.0,0.0,G,D,BAIXISSIMA,0.0,0.0
CNPJ_003315,0.0,0.0809,9,APROVADO,RGR_R04_DECIL4_10_APROVADO,APROVADO_AUTOMATICO_BAIXO_RISCO,Aprovacao Automatica: Risco dentro do apetite da seguradora.,0.0,False,10000.0,10000.0,0.0,0.0,H,I,ALTA,1.0,0.0
CNPJ_003316,0.0,0.1106,4,APROVADO,RGR_R04_DECIL4_10_APROVADO,APROVADO_AUTOMATICO_BAIXO_RISCO,Aprovacao Automatica: Risco dentro do apetite da seguradora.,0.0,False,10000.0,10000.0,0.0,0.0,G,D,ALTA,0.0,0.0
CNPJ_003317,0.0,0.0975,6,APROVADO,RGR_R04_DECIL4_10_APROVADO,APROVADO_AUTOMATICO_BAIXO_RISCO,Aprovacao Automatica: Risco dentro do apetite da seguradora.,0.0,False,10000.0,10000.0,0.0,0.0,C,G,,4.0,0.0
CNPJ_003318,0.0,0.0792,9,APROVADO,RGR_R04_DECIL4_10_APROVADO,APROVADO_AUTOMATICO_BAIXO_RISCO,Aprovacao Automatica: Risco dentro do apetite da seguradora.,0.0,False,10000.0,10000.0,0.0,0.0,M,F,ALTISSIMA,0.0,0.0
CNPJ_003319,0.0,0.1467,1,RECUSADO,RGR_R02_DECIL1_RECUSA_PADRAO,DECIL1_ALTO_RISCO_SEM_MITIGACAO,Recusa por Decil 1 de Risco sem criterios para resgate comercial.,0.0,False,10000.0,0.0,0.0,0.0,F,G,ALTA,0.0,0.0
CNPJ_003320,0.0,0.0845,9,APROVADO,RGR_R04_DECIL4_10_APROVADO,APROVADO_AUTOMATICO_BAIXO_RISCO,Aprovacao Automatica: Risco dentro do apetite da seguradora.,0.0,False,10000.0,10000.0,0.0,0.0,H,C,ALTA,2.0,1.0
CNPJ_003321,0.0,0.1033,5,APROVADO,RGR_R04_DECIL4_10_APROVADO,APROVADO_AUTOMATICO_BAIXO_RISCO,Aprovacao Automatica: Risco dentro do apetite da seguradora.,0.0,False,10000.0,10000.0,0.0,0.0,H,E,BAIXISSIMA,0.0,0.0
CNPJ_003322,0.0,0.0945,7,APROVADO,RGR_R04_DECIL4_10_APROVADO,APROVADO_AUTOMATICO_BAIXO_RISCO,Aprovacao Automatica: Risco dentro do apetite da seguradora.,0.0,False,10000.0,10000.0,0.0,0.0,G,E,ALTISSIMA,0.0,0.0
CNPJ_003323,0.0,0.0649,10,APROVADO,RGR_R04_DECIL4_10_APROVADO,APROVADO_AUTOMATICO_BAIXO_RISCO,Aprovacao Automatica: Risco dentro do apetite da seguradora.,0.0,False,10000.0,10000.0,0.0,0.0,G,J,ALTA,33.0,
CNPJ_003324,0.0,0.095,7,APROVADO,RGR_R04_DECIL4_10_APROVADO,APROVADO_AUTOMATICO_BAIXO_RISCO,Aprovacao Automatica: Risco dentro do apetite da seguradora.,0.0,False,10000.0,10000.0,0.0,0.0,F,J,ALTISSIMA,46.0,0.0
CNPJ_003325,0.0,0.0997,6,APROVADO,RGR_R04_DECIL4_10_APROVADO,APROVADO_AUTOMATICO_BAIXO_RISCO,Aprovacao Automatica: Risco dentro do apetite da seguradora.,0.0,False,10000.0,10000.0,0.0,0.0,C,G,BAIXISSIMA,0.0,0.0
CNPJ_003326,0.0,0.0997,6,APROVADO,RGR_R04_DECIL4_10_APROVADO,APROVADO_AUTOMATICO_BAIXO_RISCO,Aprovacao Automatica: Risco dentro do apetite da seguradora.,0.0,False,10000.0,10000.0,0.0,0.0,C,D,BAIXISSIMA,0.0,0.0
CNPJ_003327,0.0,0.0881,8,RECUSADO,RGR_K01_RISCO_LIDERANCA_AREA_CRITICA,K01_LIDERANCA_AREA_CRITICA,Recusa Sumaria: Risco de lideranca detectado em area de concentracao altissima de sinistro.,0.0,False,10000.0,0.0,0.0,0.0,L,C,ALTISSIMA,0.0,1.0
CNPJ_003328,0.0,0.0982,6,APROVADO,RGR_R04_DECIL4_10_APROVADO,APROVADO_AUTOMATICO_BAIXO_RISCO,Aprovacao Automatica: Risco dentro do apetite da seguradora.,0.0,False,10000.0,10000.0,0.0,0.0,N,D,MEDIA,4.0,0.0
CNPJ_003329,0.0,0.1093,4,APROVADO,RGR_R04_DECIL4_10_APROVADO,APROVADO_AUTOMATICO_BAIXO_RISCO,Aprovacao Automatica: Risco dentro do apetite da seguradora.,0.0,False,10000.0,10000.0,0.0,0.0,E,G,BAIXISSIMA,3.0,0.0
CNPJ_003330,0.0,0.0867,8,APROVADO,RGR_R04_DECIL4_10_APROVADO,APROVADO_AUTOMATICO_BAIXO_RISCO,Aprovacao Automatica: Risco dentro do apetite da seguradora.,0.0,False,10000.0,10000.0,0.0,0.0,G,H,ALTA,0.0,0.0
CNPJ_003331,0.0,0.1086,4,APROVADO,RGR_R04_DECIL4_10_APROVADO,APROVADO_AUTOMATICO_BAIXO_RISCO,Aprovacao Automatica: Risco dentro do apetite da seguradora.,0.0,False,10000.0,10000.0,0.0,0.0,G,E,ALTISSIMA,0.0,0.0
CNPJ_003332,0.0,0.13,2,ACEITO_COM_CONDICAO,RGR_R03_DECIL2_3_CONDICIONAL,ACEITE_CONDICIONAL_DECIL_INTERMEDIARIO,Aceite Condicional Decil Intermediario (+7.5% premio).,7.5,False,10000.0,10750.0,750.0,0.0,S,D,ALTISSIMA,0.0,0.0
CNPJ_003333,0.0,0.0774,9,APROVADO,RGR_R04_DECIL4_10_APROVADO,APROVADO_AUTOMATICO_BAIXO_RISCO,Aprovacao Automatica: Risco dentro do apetite da seguradora.,0.0,False,10000.0,10000.0,0.0,0.0,L,,MEDIA,12.0,0.0
CNPJ_003334,0.0,0.0688,10,RECUSADO,RGR_K02_EXCESSO_PROCESSOS_JUDICIAIS,K02_JUDICIAL_EXTREMO,Recusa Sumaria: Elevado passivo judicial (> 100 processos como requerido).,0.0,False,10000.0,0.0,0.0,0.0,C,J,ALTA,126.0,0.0
CNPJ_003335,0.0,0.0948,7,APROVADO,RGR_R04_DECIL4_10_APROVADO,APROVADO_AUTOMATICO_BAIXO_RISCO,Aprovacao Automatica: Risco dentro do apetite da seguradora.,0.0,False,10000.0,10000.0,0.0,0.0,F,D,BAIXISSIMA,0.0,0.0
CNPJ_003336,0.0,0.1159,3,ACEITO_COM_CONDICAO,RGR_R03_DECIL2_3_CONDICIONAL,ACEITE_CONDICIONAL_DECIL_INTERMEDIARIO,Aceite Condicional Decil Intermediario (+7.5% premio).,7.5,False,10000.0,10750.0,750.0,0.0,G,D,ALTA,0.0,0.0
CNPJ_003337,0.0,0.0877,8,APROVADO,RGR_R04_DECIL4_10_APROVADO,APROVADO_AUTOMATICO_BAIXO_RISCO,Aprovacao Automatica: Risco dentro do apetite da seguradora.,0.0,False,10000.0,10000.0,0.0,0.0,G,C,BAIXISSIMA,0.0,0.0
CNPJ_003338,0.0,0.0732,10,APROVADO,RGR_R04_DECIL4_10_APROVADO,APROVADO_AUTOMATICO_BAIXO_RISCO,Aprovacao Automatica: Risco dentro do apetite da seguradora.,0.0,False,10000.0,10000.0,0.0,0.0,H,F,ALTISSIMA,4.0,0.0
CNPJ_003339,0.0,0.1197,3,ACEITO_COM_CONDICAO,RGR_R03_DECIL2_3_CONDICIONAL,ACEITE_CONDICIONAL_DECIL_INTERMEDIARIO,Aceite Condicional Decil Intermediario (+7.5% premio).,7.5,False,10000.0,10750.0,750.0,0.0,H,,ALTISSIMA,0.0,0.0
CNPJ_003340,0.0,0.0943,7,APROVADO,RGR_R04_DECIL4_10_APROVADO,APROVADO_AUTOMATICO_BAIXO_RISCO,Aprovacao Automatica: Risco dentro do apetite da seguradora.,0.0,False,10000.0,10000.0,0.0,0.0,H,C,,0.0,0.0
CNPJ_003341,0.0,0.0953,7,APROVADO,RGR_R04_DECIL4_10_APROVADO,APROVADO_AUTOMATICO_BAIXO_RISCO,Aprovacao Automatica: Risco dentro do apetite da seguradora.,0.0,False,10000.0,10000.0,0.0,0.0,N,D,ALTA,3.0,0.0
CNPJ_003342,0.0,0.0975,6,APROVADO,RGR_R04_DECIL4_10_APROVADO,APROVADO_AUTOMATICO_BAIXO_RISCO,Aprovacao Automatica: Risco dentro do apetite da seguradora.,0.0,False,10000.0,10000.0,0.0,0.0,S,EMPRESA_ISENTA,ALTA,34.0,
CNPJ_003343,0.0,0.1125,4,APROVADO,RGR_R04_DECIL4_10_APROVADO,APROVADO_AUTOMATICO_BAIXO_RISCO,Aprovacao Automatica: Risco dentro do apetite da seguradora.,0.0,False,10000.0,10000.0,0.0,0.0,G,E,ALTISSIMA,2.0,0.0
CNPJ_003344,0.0,0.1189,3,ACEITO_COM_CONDICAO,RGR_R03_DECIL2_3_CONDICIONAL,ACEITE_CONDICIONAL_DECIL_INTERMEDIARIO,Aceite Condicional Decil Intermediario (+7.5% premio).,7.5,False,10000.0,10750.0,750.0,0.0,H,B,BAIXISSIMA,0.0,0.0
CNPJ_003345,0.0,0.0912,8,APROVADO,RGR_R04_DECIL4_10_APROVADO,APROVADO_AUTOMATICO_BAIXO_RISCO,Aprovacao Automatica: Risco dentro do apetite da seguradora.,0.0,False,10000.0,10000.0,0.0,0.0,N,,ALTISSIMA,2.0,0.0
CNPJ_003346,0.0,0.105,5,APROVADO,RGR_R04_DECIL4_10_APROVADO,APROVADO_AUTOMATICO_BAIXO_RISCO,Aprovacao Automatica: Risco dentro do apetite da seguradora.,0.0,False,10000.0,10000.0,0.0,0.0,M,F,ALTISSIMA,0.0,0.0
CNPJ_003347,0.0,0.087,8,APROVADO,RGR_R04_DECIL4_10_APROVADO,APROVADO_AUTOMATICO_BAIXO_RISCO,Aprovacao Automatica: Risco dentro do apetite da seguradora.,0.0,False,10000.0,10000.0,0.0,0.0,G,D,ALTISSIMA,6.0,0.0
CNPJ_003348,0.0,0.105,5,APROVADO,RGR_R04_DECIL4_10_APROVADO,APROVADO_AUTOMATICO_BAIXO_RISCO,Aprovacao Automatica: Risco dentro do apetite da seguradora.,0.0,False,10000.0,10000.0,0.0,0.0,G,D,ALTA,0.0,0.0
CNPJ_003349,0.0,0.1063,5,APROVADO,RGR_R04_DECIL4_10_APROVADO,APROVADO_AUTOMATICO_BAIXO_RISCO,Aprovacao Automatica: Risco dentro do apetite da seguradora.,0.0,False,10000.0,10000.0,0.0,0.0,A,G,BAIXISSIMA,0.0,0.0
CNPJ_003350,0.0,0.071,10,APROVADO,RGR_R04_DECIL4_10_APROVADO,APROVADO_AUTOMATICO_BAIXO_RISCO,Aprovacao Automatica: Risco dentro do apetite da seguradora.,0.0,False,10000.0,10000.0,0.0,0.0,G,J,ALTISSIMA,16.0,0.0
CNPJ_003351,0.0,0.0669,10,APROVADO,RGR_R04_DECIL4_10_APROVADO,APROVADO_AUTOMATICO_BAIXO_RISCO,Aprovacao Automatica: Risco dentro do apetite da seguradora.,0.0,False,10000.0,10000.0,0.0,0.0,C,J,BAIXISSIMA,3.0,
CNPJ_003352,0.0,0.096,7,APROVADO,RGR_R04_DECIL4_10_APROVADO,APROVADO_AUTOMATICO_BAIXO_RISCO,Aprovacao Automatica: Risco dentro do apetite da seguradora.,0.0,False,10000.0,10000.0,0.0,0.0,H,A,BAIXISSIMA,0.0,0.0
CNPJ_003353,0.0,0.1377,2,ACEITO_COM_CONDICAO,RGR_R03_DECIL2_3_CONDICIONAL,ACEITE_CONDICIONAL_DECIL_INTERMEDIARIO,Aceite Condicional Decil Intermediario (+7.5% premio).,7.5,False,10000.0,10750.0,750.0,0.0,G,G,ALTA,2.0,0.0
CNPJ_003354,0.0,0.1076,4,APROVADO,RGR_R04_DECIL4_10_APROVADO,APROVADO_AUTOMATICO_BAIXO_RISCO,Aprovacao Automatica: Risco dentro do apetite da seguradora.,0.0,False,10000.0,10000.0,0.0,0.0,G,H,MEDIA,3.0,0.0
CNPJ_003355,0.0,0.1021,6,APROVADO,RGR_R04_DECIL4_10_APROVADO,APROVADO_AUTOMATICO_BAIXO_RISCO,Aprovacao Automatica: Risco dentro do apetite da seguradora.,0.0,False,10000.0,10000.0,0.0,0.0,C,I,ALTISSIMA,0.0,
CNPJ_003356,0.0,0.1087,4,APROVADO,RGR_R04_DECIL4_10_APROVADO,APROVADO_AUTOMATICO_BAIXO_RISCO,Aprovacao Automatica: Risco dentro do apetite da seguradora.,0.0,False,10000.0,10000.0,0.0,0.0,C,D,ALTA,0.0,0.0
CNPJ_003357,0.0,0.0709,10,APROVADO,RGR_R04_DECIL4_10_APROVADO,APROVADO_AUTOMATICO_BAIXO_RISCO,Aprovacao Automatica: Risco dentro do apetite da seguradora.,0.0,False,10000.0,10000.0,0.0,0.0,,,,,
CNPJ_003358,0.0,0.1552,1,RECUSADO,RGR_R02_DECIL1_RECUSA_PADRAO,DECIL1_ALTO_RISCO_SEM_MITIGACAO,Recusa por Decil 1 de Risco sem criterios para resgate comercial.,0.0,False,10000.0,0.0,0.0,0.0,G,,ALTA,0.0,0.0
CNPJ_003359,0.0,0.1022,6,APROVADO,RGR_R04_DECIL4_10_APROVADO,APROVADO_AUTOMATICO_BAIXO_RISCO,Aprovacao Automatica: Risco dentro do apetite da seguradora.,0.0,False,10000.0,10000.0,0.0,0.0,N,D,ALTA,0.0,0.0
CNPJ_003360,0.0,0.1254,2,ACEITO_COM_CONDICAO,RGR_R03_DECIL2_3_CONDICIONAL,ACEITE_CONDICIONAL_DECIL_INTERMEDIARIO,Aceite Condicional Decil Intermediario (+7.5% premio).,7.5,False,10000.0,10750.0,750.0,0.0,G,F,ALTA,0.0,0.0
CNPJ_003361,0.0,0.0679,10,APROVADO,RGR_R04_DECIL4_10_APROVADO,APROVADO_AUTOMATICO_BAIXO_RISCO,Aprovacao Automatica: Risco dentro do apetite da seguradora.,0.0,False,10000.0,10000.0,0.0,0.0,A,,MEDIA,6.0,1.0
CNPJ_003362,0.0,0.0724,10,RECUSADO,RGR_K01_RISCO_LIDERANCA_AREA_CRITICA,K01_LIDERANCA_AREA_CRITICA,Recusa Sumaria: Risco de lideranca detectado em area de concentracao altissima de sinistro.,0.0,False,10000.0,0.0,0.0,0.0,G,J,ALTISSIMA,2823.0,1.0
CNPJ_003363,0.0,0.1994,1,ACEITO_COM_CONDICAO,RGR_R01_DECIL1_RESGATE_COM_RASTREADOR,RECUPERACAO_COMERCIAL_D1,"Aceite Condicional Decil 1: Perfil de score alto risco, porem mitigado por baixo passivo judicial e geografia favoravel.",15.0,True,10000.0,11500.0,1500.0,0.0,H,G,BAIXISSIMA,2.0,0.0
CNPJ_003364,0.0,0.1058,5,APROVADO,RGR_R04_DECIL4_10_APROVADO,APROVADO_AUTOMATICO_BAIXO_RISCO,Aprovacao Automatica: Risco dentro do apetite da seguradora.,0.0,False,10000.0,10000.0,0.0,0.0,N,D,ALTA,3.0,1.0
CNPJ_003365,0.0,0.0693,10,APROVADO,RGR_R04_DECIL4_10_APROVADO,APROVADO_AUTOMATICO_BAIXO_RISCO,Aprovacao Automatica: Risco dentro do apetite da seguradora.,0.0,False,10000.0,10000.0,0.0,0.0,H,D,ALTISSIMA,0.0,0.0
CNPJ_003366,0.0,0.1471,1,ACEITO_COM_CONDICAO,RGR_R01_DECIL1_RESGATE_COM_RASTREADOR,RECUPERACAO_COMERCIAL_D1,"Aceite Condicional Decil 1: Perfil de score alto risco, porem mitigado por baixo passivo judicial e geografia favoravel.",15.0,True,10000.0,11500.0,1500.0,0.0,Q,EMPRESA_ISENTA,BAIXISSIMA,1.0,0.0
CNPJ_003367,0.0,0.1069,5,APROVADO,RGR_R04_DECIL4_10_APROVADO,APROVADO_AUTOMATICO_BAIXO_RISCO,Aprovacao Automatica: Risco dentro do apetite da seguradora.,0.0,False,10000.0,10000.0,0.0,0.0,H,C,BAIXISSIMA,0.0,0.0
CNPJ_003368,0.0,0.1145,3,RECUSADO,RGR_K01_RISCO_LIDERANCA_AREA_CRITICA,K01_LIDERANCA_AREA_CRITICA,Recusa Sumaria: Risco de lideranca detectado em area de concentracao altissima de sinistro.,0.0,False,10000.0,0.0,0.0,0.0,F,F,ALTISSIMA,1.0,1.0
CNPJ_003369,0.0,0.1145,3,ACEITO_COM_CONDICAO,RGR_R03_DECIL2_3_CONDICIONAL,ACEITE_CONDICIONAL_DECIL_INTERMEDIARIO,Aceite Condicional Decil Intermediario (+7.5% premio).,7.5,False,10000.0,10750.0,750.0,0.0,G,H,BAIXISSIMA,2.0,0.0
CNPJ_003370,0.0,0.0896,8,APROVADO,RGR_R04_DECIL4_10_APROVADO,APROVADO_AUTOMATICO_BAIXO_RISCO,Aprovacao Automatica: Risco dentro do apetite da seguradora.,0.0,False,10000.0,10000.0,0.0,0.0,N,,ALTA,0.0,0.0
CNPJ_003371,0.0,0.1306,2,ACEITO_COM_CONDICAO,RGR_R03_DECIL2_3_CONDICIONAL,ACEITE_CONDICIONAL_DECIL_INTERMEDIARIO,Aceite Condicional Decil Intermediario (+7.5% premio).,7.5,False,10000.0,10750.0,750.0,0.0,H,E,ALTISSIMA,1.0,0.0
CNPJ_003372,0.0,0.0739,10,APROVADO,RGR_R04_DECIL4_10_APROVADO,APROVADO_AUTOMATICO_BAIXO_RISCO,Aprovacao Automatica: Risco dentro do apetite da seguradora.,0.0,False,10000.0,10000.0,0.0,0.0,F,D,ALTISSIMA,2.0,0.0
CNPJ_003373,0.0,0.1021,6,APROVADO,RGR_R04_DECIL4_10_APROVADO,APROVADO_AUTOMATICO_BAIXO_RISCO,Aprovacao Automatica: Risco dentro do apetite da seguradora.,0.0,False,10000.0,10000.0,0.0,0.0,G,G,BAIXISSIMA,0.0,
CNPJ_003374,0.0,0.0976,6,APROVADO,RGR_R04_DECIL4_10_APROVADO,APROVADO_AUTOMATICO_BAIXO_RISCO,Aprovacao Automatica: Risco dentro do apetite da seguradora.,0.0,False,10000.0,10000.0,0.0,0.0,G,F,ALTA,5.0,0.0
CNPJ_003375,0.0,0.07,10,APROVADO,RGR_R04_DECIL4_10_APROVADO,APROVADO_AUTOMATICO_BAIXO_RISCO,Aprovacao Automatica: Risco dentro do apetite da seguradora.,0.0,False,10000.0,10000.0,0.0,0.0,C,F,ALTA,0.0,0.0
CNPJ_003376,0.0,0.0826,9,APROVADO,RGR_R04_DECIL4_10_APROVADO,APROVADO_AUTOMATICO_BAIXO_RISCO,Aprovacao Automatica: Risco dentro do apetite da seguradora.,0.0,False,10000.0,10000.0,0.0,0.0,F,B,ALTISSIMA,0.0,0.0
CNPJ_003377,0.0,0.1428,1,RECUSADO,RGR_R02_DECIL1_RECUSA_PADRAO,DECIL1_ALTO_RISCO_SEM_MITIGACAO,Recusa por Decil 1 de Risco sem criterios para resgate comercial.,0.0,False,10000.0,0.0,0.0,0.0,I,E,ALTA,0.0,0.0
CNPJ_003378,0.0,0.1059,5,APROVADO,RGR_R04_DECIL4_10_APROVADO,APROVADO_AUTOMATICO_BAIXO_RISCO,Aprovacao Automatica: Risco dentro do apetite da seguradora.,0.0,False,10000.0,10000.0,0.0,0.0,C,D,ALTISSIMA,0.0,0.0
CNPJ_003379,0.0,0.1095,4,APROVADO,RGR_R04_DECIL4_10_APROVADO,APROVADO_AUTOMATICO_BAIXO_RISCO,Aprovacao Automatica: Risco dentro do apetite da seguradora.,0.0,False,10000.0,10000.0,0.0,0.0,H,F,ALTISSIMA,1.0,0.0
CNPJ_003380,0.0,0.0486,10,APROVADO,RGR_R04_DECIL4_10_APROVADO,APROVADO_AUTOMATICO_BAIXO_RISCO,Aprovacao Automatica: Risco dentro do apetite da seguradora.,0.0,False,10000.0,10000.0,0.0,0.0,H,J,ALTA,32.0,0.0
CNPJ_003381,0.0,0.1041,5,APROVADO,RGR_R04_DECIL4_10_APROVADO,APROVADO_AUTOMATICO_BAIXO_RISCO,Aprovacao Automatica: Risco dentro do apetite da seguradora.,0.0,False,10000.0,10000.0,0.0,0.0,C,,BAIXISSIMA,0.0,
CNPJ_003382,0.0,0.0823,9,APROVADO,RGR_R04_DECIL4_10_APROVADO,APROVADO_AUTOMATICO_BAIXO_RISCO,Aprovacao Automatica: Risco dentro do apetite da seguradora.,0.0,False,10000.0,10000.0,0.0,0.0,M,F,ALTISSIMA,0.0,0.0
CNPJ_003383,0.0,0.1053,5,APROVADO,RGR_R04_DECIL4_10_APROVADO,APROVADO_AUTOMATICO_BAIXO_RISCO,Aprovacao Automatica: Risco dentro do apetite da seguradora.,0.0,False,10000.0,10000.0,0.0,0.0,M,,BAIXISSIMA,0.0,0.0
CNPJ_003384,0.0,0.1295,2,RECUSADO,RGR_K01_RISCO_LIDERANCA_AREA_CRITICA,K01_LIDERANCA_AREA_CRITICA,Recusa Sumaria: Risco de lideranca detectado em area de concentracao altissima de sinistro.,0.0,False,10000.0,0.0,0.0,0.0,G,I,ALTISSIMA,15.0,1.0
CNPJ_003385,0.0,0.066,10,APROVADO,RGR_R04_DECIL4_10_APROVADO,APROVADO_AUTOMATICO_BAIXO_RISCO,Aprovacao Automatica: Risco dentro do apetite da seguradora.,0.0,False,10000.0,10000.0,0.0,0.0,F,E,BAIXISSIMA,0.0,0.0
CNPJ_003386,0.0,0.0646,10,RECUSADO,RGR_K02_EXCESSO_PROCESSOS_JUDICIAIS,K02_JUDICIAL_EXTREMO,Recusa Sumaria: Elevado passivo judicial (> 100 processos como requerido).,0.0,False,10000.0,0.0,0.0,0.0,C,J,ALTA,126.0,1.0
CNPJ_003387,0.0,0.0709,10,APROVADO,RGR_R04_DECIL4_10_APROVADO,APROVADO_AUTOMATICO_BAIXO_RISCO,Aprovacao Automatica: Risco dentro do apetite da seguradora.,0.0,False,10000.0,10000.0,0.0,0.0,,,,,
CNPJ_003388,0.0,0.0908,8,APROVADO,RGR_R04_DECIL4_10_APROVADO,APROVADO_AUTOMATICO_BAIXO_RISCO,Aprovacao Automatica: Risco dentro do apetite da seguradora.,0.0,False,10000.0,10000.0,0.0,0.0,G,H,BAIXISSIMA,3.0,0.0
CNPJ_003389,0.0,0.0608,10,APROVADO,RGR_R04_DECIL4_10_APROVADO,APROVADO_AUTOMATICO_BAIXO_RISCO,Aprovacao Automatica: Risco dentro do apetite da seguradora.,0.0,False,10000.0,10000.0,0.0,0.0,H,J,ALTA,45.0,0.0
CNPJ_003390,0.0,0.106,5,APROVADO,RGR_R04_DECIL4_10_APROVADO,APROVADO_AUTOMATICO_BAIXO_RISCO,Aprovacao Automatica: Risco dentro do apetite da seguradora.,0.0,False,10000.0,10000.0,0.0,0.0,N,B,ALTISSIMA,0.0,0.0
CNPJ_003391,0.0,0.0932,7,APROVADO,RGR_R04_DECIL4_10_APROVADO,APROVADO_AUTOMATICO_BAIXO_RISCO,Aprovacao Automatica: Risco dentro do apetite da seguradora.,0.0,False,10000.0,10000.0,0.0,0.0,G,A,BAIXISSIMA,0.0,0.0
CNPJ_003392,0.0,0.0819,9,APROVADO,RGR_R04_DECIL4_10_APROVADO,APROVADO_AUTOMATICO_BAIXO_RISCO,Aprovacao Automatica: Risco dentro do apetite da seguradora.,0.0,False,10000.0,10000.0,0.0,0.0,N,J,ALTISSIMA,19.0,0.0
CNPJ_003393,0.0,0.1865,1,RECUSADO,RGR_R02_DECIL1_RECUSA_PADRAO,DECIL1_ALTO_RISCO_SEM_MITIGACAO,Recusa por Decil 1 de Risco sem criterios para resgate comercial.,0.0,False,10000.0,0.0,0.0,0.0,H,I,BAIXISSIMA,41.0,0.0
CNPJ_003394,0.0,0.0914,8,APROVADO,RGR_R04_DECIL4_10_APROVADO,APROVADO_AUTOMATICO_BAIXO_RISCO,Aprovacao Automatica: Risco dentro do apetite da seguradora.,0.0,False,10000.0,10000.0,0.0,0.0,H,C,ALTA,0.0,0.0
CNPJ_003395,0.0,0.1068,5,APROVADO,RGR_R04_DECIL4_10_APROVADO,APROVADO_AUTOMATICO_BAIXO_RISCO,Aprovacao Automatica: Risco dentro do apetite da seguradora.,0.0,False,10000.0,10000.0,0.0,0.0,C,E,BAIXISSIMA,0.0,1.0
CNPJ_003396,0.0,0.1236,2,ACEITO_COM_CONDICAO,RGR_R03_DECIL2_3_CONDICIONAL,ACEITE_CONDICIONAL_DECIL_INTERMEDIARIO,Aceite Condicional Decil Intermediario (+7.5% premio).,7.5,False,10000.0,10750.0,750.0,0.0,C,E,ALTA,1.0,0.0
CNPJ_003397,0.0,0.101,6,APROVADO,RGR_R04_DECIL4_10_APROVADO,APROVADO_AUTOMATICO_BAIXO_RISCO,Aprovacao Automatica: Risco dentro do apetite da seguradora.,0.0,False,10000.0,10000.0,0.0,0.0,C,,ALTA,0.0,
CNPJ_003398,0.0,0.0855,8,APROVADO,RGR_R04_DECIL4_10_APROVADO,APROVADO_AUTOMATICO_BAIXO_RISCO,Aprovacao Automatica: Risco dentro do apetite da seguradora.,0.0,False,10000.0,10000.0,0.0,0.0,G,,BAIXISSIMA,0.0,0.0
CNPJ_003399,0.0,0.0956,7,APROVADO,RGR_R04_DECIL4_10_APROVADO,APROVADO_AUTOMATICO_BAIXO_RISCO,Aprovacao Automatica: Risco dentro do apetite da seguradora.,0.0,False,10000.0,10000.0,0.0,0.0,H,H,BAIXISSIMA,6.0,0.0
CNPJ_003400,0.0,0.2142,1,RECUSADO,RGR_R02_DECIL1_RECUSA_PADRAO,DECIL1_ALTO_RISCO_SEM_MITIGACAO,Recusa por Decil 1 de Risco sem criterios para resgate comercial.,0.0,False,10000.0,0.0,0.0,0.0,H,E,ALTA,1.0,0.0
CNPJ_003401,0.0,0.0848,9,APROVADO,RGR_R04_DECIL4_10_APROVADO,APROVADO_AUTOMATICO_BAIXO_RISCO,Aprovacao Automatica: Risco dentro do apetite da seguradora.,0.0,False,10000.0,10000.0,0.0,0.0,N,G,ALTA,42.0,0.0
CNPJ_003402,0.0,0.0941,7,APROVADO,RGR_R04_DECIL4_10_APROVADO,APROVADO_AUTOMATICO_BAIXO_RISCO,Aprovacao Automatica: Risco dentro do apetite da seguradora.,0.0,False,10000.0,10000.0,0.0,0.0,M,,BAIXISSIMA,0.0,0.0
CNPJ_003403,0.0,0.1049,5,APROVADO,RGR_R04_DECIL4_10_APROVADO,APROVADO_AUTOMATICO_BAIXO_RISCO,Aprovacao Automatica: Risco dentro do apetite da seguradora.,0.0,False,10000.0,10000.0,0.0,0.0,G,C,ALTA,0.0,0.0
CNPJ_003404,0.0,0.1023,5,RECUSADO,RGR_K02_EXCESSO_PROCESSOS_JUDICIAIS,K02_JUDICIAL_EXTREMO,Recusa Sumaria: Elevado passivo judicial (> 100 processos como requerido).,0.0,False,10000.0,0.0,0.0,0.0,G,J,BAIXISSIMA,212.0,0.0
CNPJ_003405,0.0,0.0873,8,APROVADO,RGR_R04_DECIL4_10_APROVADO,APROVADO_AUTOMATICO_BAIXO_RISCO,Aprovacao Automatica: Risco dentro do apetite da seguradora.,0.0,False,10000.0,10000.0,0.0,0.0,G,D,BAIXISSIMA,6.0,0.0
CNPJ_003406,0.0,0.0971,7,APROVADO,RGR_R04_DECIL4_10_APROVADO,APROVADO_AUTOMATICO_BAIXO_RISCO,Aprovacao Automatica: Risco dentro do apetite da seguradora.,0.0,False,10000.0,10000.0,0.0,0.0,B,J,BAIXISSIMA,32.0,0.0
CNPJ_003407,0.0,0.1143,3,ACEITO_COM_CONDICAO,RGR_R03_DECIL2_3_CONDICIONAL,ACEITE_CONDICIONAL_DECIL_INTERMEDIARIO,Aceite Condicional Decil Intermediario (+7.5% premio).,7.5,False,10000.0,10750.0,750.0,0.0,C,G,ALTA,1.0,0.0
CNPJ_003408,0.0,0.0954,7,APROVADO,RGR_R04_DECIL4_10_APROVADO,APROVADO_AUTOMATICO_BAIXO_RISCO,Aprovacao Automatica: Risco dentro do apetite da seguradora.,0.0,False,10000.0,10000.0,0.0,0.0,G,A,BAIXISSIMA,0.0,0.0
CNPJ_003409,0.0,0.1979,1,RECUSADO,RGR_R02_DECIL1_RECUSA_PADRAO,DECIL1_ALTO_RISCO_SEM_MITIGACAO,Recusa por Decil 1 de Risco sem criterios para resgate comercial.,0.0,False,10000.0,0.0,0.0,0.0,C,I,ALTA,3.0,0.0
CNPJ_003410,0.0,0.0783,9,APROVADO,RGR_R04_DECIL4_10_APROVADO,APROVADO_AUTOMATICO_BAIXO_RISCO,Aprovacao Automatica: Risco dentro do apetite da seguradora.,0.0,False,10000.0,10000.0,0.0,0.0,H,B,ALTISSIMA,0.0,0.0
CNPJ_003411,0.0,0.0966,7,APROVADO,RGR_R04_DECIL4_10_APROVADO,APROVADO_AUTOMATICO_BAIXO_RISCO,Aprovacao Automatica: Risco dentro do apetite da seguradora.,0.0,False,10000.0,10000.0,0.0,0.0,G,E,BAIXISSIMA,0.0,0.0
CNPJ_003412,0.0,0.0851,9,APROVADO,RGR_R04_DECIL4_10_APROVADO,APROVADO_AUTOMATICO_BAIXO_RISCO,Aprovacao Automatica: Risco dentro do apetite da seguradora.,0.0,False,10000.0,10000.0,0.0,0.0,C,G,ALTISSIMA,5.0,0.0
CNPJ_003413,0.0,0.1156,3,ACEITO_COM_CONDICAO,RGR_R03_DECIL2_3_CONDICIONAL,ACEITE_CONDICIONAL_DECIL_INTERMEDIARIO,Aceite Condicional Decil Intermediario (+7.5% premio).,7.5,False,10000.0,10750.0,750.0,0.0,G,E,ALTA,0.0,0.0
CNPJ_003414,0.0,0.1048,5,APROVADO,RGR_R04_DECIL4_10_APROVADO,APROVADO_AUTOMATICO_BAIXO_RISCO,Aprovacao Automatica: Risco dentro do apetite da seguradora.,0.0,False,10000.0,10000.0,0.0,0.0,C,G,ALTA,0.0,0.0
CNPJ_003415,0.0,0.0721,10,APROVADO,RGR_R04_DECIL4_10_APROVADO,APROVADO_AUTOMATICO_BAIXO_RISCO,Aprovacao Automatica: Risco dentro do apetite da seguradora.,0.0,False,10000.0,10000.0,0.0,0.0,H,E,ALTISSIMA,0.0,0.0
CNPJ_003416,0.0,0.0949,7,APROVADO,RGR_R04_DECIL4_10_APROVADO,APROVADO_AUTOMATICO_BAIXO_RISCO,Aprovacao Automatica: Risco dentro do apetite da seguradora.,0.0,False,10000.0,10000.0,0.0,0.0,S,EMPRESA_ISENTA,ALTISSIMA,2.0,
CNPJ_003417,0.0,0.2154,1,RECUSADO,RGR_R02_DECIL1_RECUSA_PADRAO,DECIL1_ALTO_RISCO_SEM_MITIGACAO,Recusa por Decil 1 de Risco sem criterios para resgate comercial.,0.0,False,10000.0,0.0,0.0,0.0,H,I,BAIXISSIMA,15.0,0.0
CNPJ_003418,0.0,0.122,2,ACEITO_COM_CONDICAO,RGR_R03_DECIL2_3_CONDICIONAL,ACEITE_CONDICIONAL_DECIL_INTERMEDIARIO,Aceite Condicional Decil Intermediario (+7.5% premio).,7.5,False,10000.0,10750.0,750.0,0.0,H,F,ALTA,2.0,0.0
CNPJ_003419,0.0,0.0992,6,APROVADO,RGR_R04_DECIL4_10_APROVADO,APROVADO_AUTOMATICO_BAIXO_RISCO,Aprovacao Automatica: Risco dentro do apetite da seguradora.,0.0,False,10000.0,10000.0,0.0,0.0,H,G,BAIXISSIMA,2.0,0.0
CNPJ_003420,0.0,0.0699,10,APROVADO,RGR_R04_DECIL4_10_APROVADO,APROVADO_AUTOMATICO_BAIXO_RISCO,Aprovacao Automatica: Risco dentro do apetite da seguradora.,0.0,False,10000.0,10000.0,0.0,0.0,B,H,BAIXISSIMA,0.0,0.0
CNPJ_003421,0.0,0.0667,10,APROVADO,RGR_R04_DECIL4_10_APROVADO,APROVADO_AUTOMATICO_BAIXO_RISCO,Aprovacao Automatica: Risco dentro do apetite da seguradora.,0.0,False,10000.0,10000.0,0.0,0.0,J,I,BAIXISSIMA,4.0,
CNPJ_003422,0.0,0.0875,8,APROVADO,RGR_R04_DECIL4_10_APROVADO,APROVADO_AUTOMATICO_BAIXO_RISCO,Aprovacao Automatica: Risco dentro do apetite da seguradora.,0.0,False,10000.0,10000.0,0.0,0.0,G,J,ALTA,13.0,0.0
CNPJ_003423,0.0,0.0862,8,APROVADO,RGR_R04_DECIL4_10_APROVADO,APROVADO_AUTOMATICO_BAIXO_RISCO,Aprovacao Automatica: Risco dentro do apetite da seguradora.,0.0,False,10000.0,10000.0,0.0,0.0,C,H,BAIXISSIMA,2.0,0.0
CNPJ_003424,0.0,0.1249,2,ACEITO_COM_CONDICAO,RGR_R03_DECIL2_3_CONDICIONAL,ACEITE_CONDICIONAL_DECIL_INTERMEDIARIO,Aceite Condicional Decil Intermediario (+7.5% premio).,7.5,False,10000.0,10750.0,750.0,0.0,G,A,ALTA,0.0,0.0
CNPJ_003425,0.0,0.1967,1,RECUSADO,RGR_R02_DECIL1_RECUSA_PADRAO,DECIL1_ALTO_RISCO_SEM_MITIGACAO,Recusa por Decil 1 de Risco sem criterios para resgate comercial.,0.0,False,10000.0,0.0,0.0,0.0,H,G,ALTISSIMA,4.0,0.0
CNPJ_003426,0.0,0.1274,2,ACEITO_COM_CONDICAO,RGR_R03_DECIL2_3_CONDICIONAL,ACEITE_CONDICIONAL_DECIL_INTERMEDIARIO,Aceite Condicional Decil Intermediario (+7.5% premio).,7.5,False,10000.0,10750.0,750.0,0.0,C,G,BAIXISSIMA,2.0,0.0
CNPJ_003427,0.0,0.119,3,ACEITO_COM_CONDICAO,RGR_R03_DECIL2_3_CONDICIONAL,ACEITE_CONDICIONAL_DECIL_INTERMEDIARIO,Aceite Condicional Decil Intermediario (+7.5% premio).,7.5,False,10000.0,10750.0,750.0,0.0,M,E,ALTISSIMA,0.0,0.0
CNPJ_003428,0.0,0.0808,9,APROVADO,RGR_R04_DECIL4_10_APROVADO,APROVADO_AUTOMATICO_BAIXO_RISCO,Aprovacao Automatica: Risco dentro do apetite da seguradora.,0.0,False,10000.0,10000.0,0.0,0.0,G,G,ALTA,18.0,0.0
CNPJ_003429,0.0,0.0977,6,APROVADO,RGR_R04_DECIL4_10_APROVADO,APROVADO_AUTOMATICO_BAIXO_RISCO,Aprovacao Automatica: Risco dentro do apetite da seguradora.,0.0,False,10000.0,10000.0,0.0,0.0,N,E,ALTA,1.0,0.0
CNPJ_003430,0.0,0.1114,4,APROVADO,RGR_R04_DECIL4_10_APROVADO,APROVADO_AUTOMATICO_BAIXO_RISCO,Aprovacao Automatica: Risco dentro do apetite da seguradora.,0.0,False,10000.0,10000.0,0.0,0.0,G,E,ALTA,0.0,0.0
CNPJ_003431,0.0,0.0759,10,RECUSADO,RGR_K02_EXCESSO_PROCESSOS_JUDICIAIS,K02_JUDICIAL_EXTREMO,Recusa Sumaria: Elevado passivo judicial (> 100 processos como requerido).,0.0,False,10000.0,0.0,0.0,0.0,C,J,ALTA,126.0,0.0
CNPJ_003432,0.0,0.0806,9,APROVADO,RGR_R04_DECIL4_10_APROVADO,APROVADO_AUTOMATICO_BAIXO_RISCO,Aprovacao Automatica: Risco dentro do apetite da seguradora.,0.0,False,10000.0,10000.0,0.0,0.0,G,G,ALTA,2.0,0.0
CNPJ_003433,0.0,0.0866,8,APROVADO,RGR_R04_DECIL4_10_APROVADO,APROVADO_AUTOMATICO_BAIXO_RISCO,Aprovacao Automatica: Risco dentro do apetite da seguradora.,0.0,False,10000.0,10000.0,0.0,0.0,J,F,ALTA,4.0,1.0
CNPJ_003434,0.0,0.0635,10,RECUSADO,RGR_K01_RISCO_LIDERANCA_AREA_CRITICA,K01_LIDERANCA_AREA_CRITICA,Recusa Sumaria: Risco de lideranca detectado em area de concentracao altissima de sinistro.,0.0,False,10000.0,0.0,0.0,0.0,H,,ALTISSIMA,37.0,1.0
CNPJ_003435,0.0,0.0968,7,APROVADO,RGR_R04_DECIL4_10_APROVADO,APROVADO_AUTOMATICO_BAIXO_RISCO,Aprovacao Automatica: Risco dentro do apetite da seguradora.,0.0,False,10000.0,10000.0,0.0,0.0,G,G,BAIXISSIMA,0.0,1.0
CNPJ_003436,0.0,0.0954,7,APROVADO,RGR_R04_DECIL4_10_APROVADO,APROVADO_AUTOMATICO_BAIXO_RISCO,Aprovacao Automatica: Risco dentro do apetite da seguradora.,0.0,False,10000.0,10000.0,0.0,0.0,G,D,BAIXISSIMA,0.0,0.0
CNPJ_003437,0.0,0.1257,2,ACEITO_COM_CONDICAO,RGR_R03_DECIL2_3_CONDICIONAL,ACEITE_CONDICIONAL_DECIL_INTERMEDIARIO,Aceite Condicional Decil Intermediario (+7.5% premio).,7.5,False,10000.0,10750.0,750.0,0.0,C,D,BAIXISSIMA,0.0,0.0
CNPJ_003438,0.0,0.1,6,APROVADO,RGR_R04_DECIL4_10_APROVADO,APROVADO_AUTOMATICO_BAIXO_RISCO,Aprovacao Automatica: Risco dentro do apetite da seguradora.,0.0,False,10000.0,10000.0,0.0,0.0,N,D,ALTA,0.0,0.0
CNPJ_003439,0.0,0.1386,2,ACEITO_COM_CONDICAO,RGR_R03_DECIL2_3_CONDICIONAL,ACEITE_CONDICIONAL_DECIL_INTERMEDIARIO,Aceite Condicional Decil Intermediario (+7.5% premio).,7.5,False,10000.0,10750.0,750.0,0.0,C,E,,1.0,0.0
CNPJ_003440,0.0,0.0763,10,APROVADO,RGR_R04_DECIL4_10_APROVADO,APROVADO_AUTOMATICO_BAIXO_RISCO,Aprovacao Automatica: Risco dentro do apetite da seguradora.,0.0,False,10000.0,10000.0,0.0,0.0,N,B,ALTA,0.0,1.0
CNPJ_003441,0.0,0.1054,5,APROVADO,RGR_R04_DECIL4_10_APROVADO,APROVADO_AUTOMATICO_BAIXO_RISCO,Aprovacao Automatica: Risco dentro do apetite da seguradora.,0.0,False,10000.0,10000.0,0.0,0.0,G,G,ALTA,4.0,0.0
CNPJ_003442,0.0,0.1225,2,ACEITO_COM_CONDICAO,RGR_R03_DECIL2_3_CONDICIONAL,ACEITE_CONDICIONAL_DECIL_INTERMEDIARIO,Aceite Condicional Decil Intermediario (+7.5% premio).,7.5,False,10000.0,10750.0,750.0,0.0,C,J,ALTISSIMA,2.0,
CNPJ_003443,0.0,0.1022,6,APROVADO,RGR_R04_DECIL4_10_APROVADO,APROVADO_AUTOMATICO_BAIXO_RISCO,Aprovacao Automatica: Risco dentro do apetite da seguradora.,0.0,False,10000.0,10000.0,0.0,0.0,N,D,ALTA,0.0,0.0
CNPJ_003444,0.0,0.0977,6,APROVADO,RGR_R04_DECIL4_10_APROVADO,APROVADO_AUTOMATICO_BAIXO_RISCO,Aprovacao Automatica: Risco dentro do apetite da seguradora.,0.0,False,10000.0,10000.0,0.0,0.0,N,,BAIXISSIMA,0.0,0.0
CNPJ_003445,0.0,0.1074,5,APROVADO,RGR_R04_DECIL4_10_APROVADO,APROVADO_AUTOMATICO_BAIXO_RISCO,Aprovacao Automatica: Risco dentro do apetite da seguradora.,0.0,False,10000.0,10000.0,0.0,0.0,C,J,ALTA,0.0,0.0
CNPJ_003446,0.0,0.0964,7,APROVADO,RGR_R04_DECIL4_10_APROVADO,APROVADO_AUTOMATICO_BAIXO_RISCO,Aprovacao Automatica: Risco dentro do apetite da seguradora.,0.0,False,10000.0,10000.0,0.0,0.0,C,F,ALTA,0.0,0.0
CNPJ_003447,0.0,0.0888,8,APROVADO,RGR_R04_DECIL4_10_APROVADO,APROVADO_AUTOMATICO_BAIXO_RISCO,Aprovacao Automatica: Risco dentro do apetite da seguradora.,0.0,False,10000.0,10000.0,0.0,0.0,A,G,ALTA,0.0,1.0
CNPJ_003448,0.0,0.0563,10,RECUSADO,RGR_K02_EXCESSO_PROCESSOS_JUDICIAIS,K02_JUDICIAL_EXTREMO,Recusa Sumaria: Elevado passivo judicial (> 100 processos como requerido).,0.0,False,10000.0,0.0,0.0,0.0,C,J,BAIXISSIMA,561.0,0.0
CNPJ_003449,0.0,0.112,4,APROVADO,RGR_R04_DECIL4_10_APROVADO,APROVADO_AUTOMATICO_BAIXO_RISCO,Aprovacao Automatica: Risco dentro do apetite da seguradora.,0.0,False,10000.0,10000.0,0.0,0.0,G,D,BAIXISSIMA,1.0,0.0
CNPJ_003450,0.0,0.0833,9,APROVADO,RGR_R04_DECIL4_10_APROVADO,APROVADO_AUTOMATICO_BAIXO_RISCO,Aprovacao Automatica: Risco dentro do apetite da seguradora.,0.0,False,10000.0,10000.0,0.0,0.0,H,,BAIXISSIMA,0.0,0.0
CNPJ_003451,0.0,0.0943,7,APROVADO,RGR_R04_DECIL4_10_APROVADO,APROVADO_AUTOMATICO_BAIXO_RISCO,Aprovacao Automatica: Risco dentro do apetite da seguradora.,0.0,False,10000.0,10000.0,0.0,0.0,G,,ALTA,0.0,0.0
CNPJ_003452,0.0,0.1143,3,ACEITO_COM_CONDICAO,RGR_R03_DECIL2_3_CONDICIONAL,ACEITE_CONDICIONAL_DECIL_INTERMEDIARIO,Aceite Condicional Decil Intermediario (+7.5% premio).,7.5,False,10000.0,10750.0,750.0,0.0,G,D,ALTISSIMA,4.0,0.0
CNPJ_003453,0.0,0.12,3,ACEITO_COM_CONDICAO,RGR_R03_DECIL2_3_CONDICIONAL,ACEITE_CONDICIONAL_DECIL_INTERMEDIARIO,Aceite Condicional Decil Intermediario (+7.5% premio).,7.5,False,10000.0,10750.0,750.0,0.0,H,C,ALTISSIMA,0.0,0.0
CNPJ_003454,0.0,0.1934,1,RECUSADO,RGR_R02_DECIL1_RECUSA_PADRAO,DECIL1_ALTO_RISCO_SEM_MITIGACAO,Recusa por Decil 1 de Risco sem criterios para resgate comercial.,0.0,False,10000.0,0.0,0.0,0.0,H,J,BAIXISSIMA,20.0,0.0
CNPJ_003455,0.0,0.0872,8,APROVADO,RGR_R04_DECIL4_10_APROVADO,APROVADO_AUTOMATICO_BAIXO_RISCO,Aprovacao Automatica: Risco dentro do apetite da seguradora.,0.0,False,10000.0,10000.0,0.0,0.0,F,G,ALTISSIMA,3.0,0.0
CNPJ_003456,0.0,0.1016,6,APROVADO,RGR_R04_DECIL4_10_APROVADO,APROVADO_AUTOMATICO_BAIXO_RISCO,Aprovacao Automatica: Risco dentro do apetite da seguradora.,0.0,False,10000.0,10000.0,0.0,0.0,G,I,BAIXISSIMA,11.0,
CNPJ_003457,0.0,0.0891,8,APROVADO,RGR_R04_DECIL4_10_APROVADO,APROVADO_AUTOMATICO_BAIXO_RISCO,Aprovacao Automatica: Risco dentro do apetite da seguradora.,0.0,False,10000.0,10000.0,0.0,0.0,C,F,ALTA,0.0,0.0
CNPJ_003458,0.0,0.1254,2,ACEITO_COM_CONDICAO,RGR_R03_DECIL2_3_CONDICIONAL,ACEITE_CONDICIONAL_DECIL_INTERMEDIARIO,Aceite Condicional Decil Intermediario (+7.5% premio).,7.5,False,10000.0,10750.0,750.0,0.0,G,C,BAIXISSIMA,0.0,0.0
CNPJ_003459,0.0,0.0864,8,APROVADO,RGR_R04_DECIL4_10_APROVADO,APROVADO_AUTOMATICO_BAIXO_RISCO,Aprovacao Automatica: Risco dentro do apetite da seguradora.,0.0,False,10000.0,10000.0,0.0,0.0,G,E,MEDIA,1.0,0.0
CNPJ_003460,0.0,0.1184,3,ACEITO_COM_CONDICAO,RGR_R03_DECIL2_3_CONDICIONAL,ACEITE_CONDICIONAL_DECIL_INTERMEDIARIO,Aceite Condicional Decil Intermediario (+7.5% premio).,7.5,False,10000.0,10750.0,750.0,0.0,H,,BAIXISSIMA,0.0,0.0
CNPJ_003461,0.0,0.1102,4,APROVADO,RGR_R04_DECIL4_10_APROVADO,APROVADO_AUTOMATICO_BAIXO_RISCO,Aprovacao Automatica: Risco dentro do apetite da seguradora.,0.0,False,10000.0,10000.0,0.0,0.0,G,E,BAIXISSIMA,0.0,0.0
CNPJ_003462,0.0,0.0768,9,APROVADO,RGR_R04_DECIL4_10_APROVADO,APROVADO_AUTOMATICO_BAIXO_RISCO,Aprovacao Automatica: Risco dentro do apetite da seguradora.,0.0,False,10000.0,10000.0,0.0,0.0,G,G,BAIXISSIMA,2.0,0.0
CNPJ_003463,0.0,0.1003,6,APROVADO,RGR_R04_DECIL4_10_APROVADO,APROVADO_AUTOMATICO_BAIXO_RISCO,Aprovacao Automatica: Risco dentro do apetite da seguradora.,0.0,False,10000.0,10000.0,0.0,0.0,H,I,BAIXISSIMA,11.0,0.0
CNPJ_003464,0.0,0.0969,7,APROVADO,RGR_R04_DECIL4_10_APROVADO,APROVADO_AUTOMATICO_BAIXO_RISCO,Aprovacao Automatica: Risco dentro do apetite da seguradora.,0.0,False,10000.0,10000.0,0.0,0.0,N,C,ALTA,0.0,0.0
CNPJ_003465,0.0,0.1235,2,ACEITO_COM_CONDICAO,RGR_R03_DECIL2_3_CONDICIONAL,ACEITE_CONDICIONAL_DECIL_INTERMEDIARIO,Aceite Condicional Decil Intermediario (+7.5% premio).,7.5,False,10000.0,10750.0,750.0,0.0,G,F,ALTISSIMA,4.0,0.0
CNPJ_003466,0.0,0.0709,10,APROVADO,RGR_R04_DECIL4_10_APROVADO,APROVADO_AUTOMATICO_BAIXO_RISCO,Aprovacao Automatica: Risco dentro do apetite da seguradora.,0.0,False,10000.0,10000.0,0.0,0.0,,,,,
CNPJ_003467,0.0,0.2797,1,RECUSADO,RGR_R02_DECIL1_RECUSA_PADRAO,DECIL1_ALTO_RISCO_SEM_MITIGACAO,Recusa por Decil 1 de Risco sem criterios para resgate comercial.,0.0,False,10000.0,0.0,0.0,0.0,G,B,ALTISSIMA,0.0,0.0
CNPJ_003468,0.0,0.2702,1,RECUSADO,RGR_K02_EXCESSO_PROCESSOS_JUDICIAIS,K02_JUDICIAL_EXTREMO,Recusa Sumaria: Elevado passivo judicial (> 100 processos como requerido).,0.0,False,10000.0,0.0,0.0,0.0,H,C,BAIXISSIMA,184.0,0.0
CNPJ_003469,0.0,0.0833,9,APROVADO,RGR_R04_DECIL4_10_APROVADO,APROVADO_AUTOMATICO_BAIXO_RISCO,Aprovacao Automatica: Risco dentro do apetite da seguradora.,0.0,False,10000.0,10000.0,0.0,0.0,P,E,BAIXISSIMA,5.0,0.0
CNPJ_003470,0.0,0.1176,3,ACEITO_COM_CONDICAO,RGR_R03_DECIL2_3_CONDICIONAL,ACEITE_CONDICIONAL_DECIL_INTERMEDIARIO,Aceite Condicional Decil Intermediario (+7.5% premio).,7.5,False,10000.0,10750.0,750.0,0.0,G,F,ALTA,0.0,0.0
CNPJ_003471,0.0,0.0851,9,APROVADO,RGR_R04_DECIL4_10_APROVADO,APROVADO_AUTOMATICO_BAIXO_RISCO,Aprovacao Automatica: Risco dentro do apetite da seguradora.,0.0,False,10000.0,10000.0,0.0,0.0,G,J,BAIXISSIMA,8.0,0.0
CNPJ_003472,0.0,0.1393,2,ACEITO_COM_CONDICAO,RGR_R03_DECIL2_3_CONDICIONAL,ACEITE_CONDICIONAL_DECIL_INTERMEDIARIO,Aceite Condicional Decil Intermediario (+7.5% premio).,7.5,False,10000.0,10750.0,750.0,0.0,C,F,BAIXISSIMA,1.0,0.0
CNPJ_003473,0.0,0.0615,10,RECUSADO,RGR_K02_EXCESSO_PROCESSOS_JUDICIAIS,K02_JUDICIAL_EXTREMO,Recusa Sumaria: Elevado passivo judicial (> 100 processos como requerido).,0.0,False,10000.0,0.0,0.0,0.0,C,J,ALTA,105.0,
CNPJ_003474,0.0,0.0917,8,APROVADO,RGR_R04_DECIL4_10_APROVADO,APROVADO_AUTOMATICO_BAIXO_RISCO,Aprovacao Automatica: Risco dentro do apetite da seguradora.,0.0,False,10000.0,10000.0,0.0,0.0,N,B,MEDIA,0.0,1.0
CNPJ_003475,0.0,0.1037,5,APROVADO,RGR_R04_DECIL4_10_APROVADO,APROVADO_AUTOMATICO_BAIXO_RISCO,Aprovacao Automatica: Risco dentro do apetite da seguradora.,0.0,False,10000.0,10000.0,0.0,0.0,C,B,ALTA,0.0,0.0
CNPJ_003476,0.0,0.0998,6,APROVADO,RGR_R04_DECIL4_10_APROVADO,APROVADO_AUTOMATICO_BAIXO_RISCO,Aprovacao Automatica: Risco dentro do apetite da seguradora.,0.0,False,10000.0,10000.0,0.0,0.0,N,B,ALTA,0.0,0.0
CNPJ_003477,0.0,0.099,6,APROVADO,RGR_R04_DECIL4_10_APROVADO,APROVADO_AUTOMATICO_BAIXO_RISCO,Aprovacao Automatica: Risco dentro do apetite da seguradora.,0.0,False,10000.0,10000.0,0.0,0.0,M,H,ALTISSIMA,1.0,0.0
CNPJ_003478,0.0,0.1124,4,APROVADO,RGR_R04_DECIL4_10_APROVADO,APROVADO_AUTOMATICO_BAIXO_RISCO,Aprovacao Automatica: Risco dentro do apetite da seguradora.,0.0,False,10000.0,10000.0,0.0,0.0,H,A,ALTA,0.0,1.0
CNPJ_003479,0.0,0.0875,8,APROVADO,RGR_R04_DECIL4_10_APROVADO,APROVADO_AUTOMATICO_BAIXO_RISCO,Aprovacao Automatica: Risco dentro do apetite da seguradora.,0.0,False,10000.0,10000.0,0.0,0.0,A,F,BAIXISSIMA,0.0,0.0
CNPJ_003480,0.0,0.1016,6,APROVADO,RGR_R04_DECIL4_10_APROVADO,APROVADO_AUTOMATICO_BAIXO_RISCO,Aprovacao Automatica: Risco dentro do apetite da seguradora.,0.0,False,10000.0,10000.0,0.0,0.0,H,F,ALTISSIMA,0.0,0.0
CNPJ_003481,0.0,0.1052,5,APROVADO,RGR_R04_DECIL4_10_APROVADO,APROVADO_AUTOMATICO_BAIXO_RISCO,Aprovacao Automatica: Risco dentro do apetite da seguradora.,0.0,False,10000.0,10000.0,0.0,0.0,C,E,BAIXISSIMA,0.0,1.0
CNPJ_003482,0.0,0.1122,4,APROVADO,RGR_R04_DECIL4_10_APROVADO,APROVADO_AUTOMATICO_BAIXO_RISCO,Aprovacao Automatica: Risco dentro do apetite da seguradora.,0.0,False,10000.0,10000.0,0.0,0.0,C,D,ALTA,0.0,0.0
CNPJ_003483,0.0,0.1107,4,APROVADO,RGR_R04_DECIL4_10_APROVADO,APROVADO_AUTOMATICO_BAIXO_RISCO,Aprovacao Automatica: Risco dentro do apetite da seguradora.,0.0,False,10000.0,10000.0,0.0,0.0,C,B,MEDIA,0.0,0.0
CNPJ_003484,0.0,0.0688,10,RECUSADO,RGR_K02_EXCESSO_PROCESSOS_JUDICIAIS,K02_JUDICIAL_EXTREMO,Recusa Sumaria: Elevado passivo judicial (> 100 processos como requerido).,0.0,False,10000.0,0.0,0.0,0.0,C,J,ALTA,126.0,0.0
CNPJ_003485,0.0,0.0821,9,APROVADO,RGR_R04_DECIL4_10_APROVADO,APROVADO_AUTOMATICO_BAIXO_RISCO,Aprovacao Automatica: Risco dentro do apetite da seguradora.,0.0,False,10000.0,10000.0,0.0,0.0,H,D,ALTA,5.0,0.0
CNPJ_003486,0.0,0.1112,4,APROVADO,RGR_R04_DECIL4_10_APROVADO,APROVADO_AUTOMATICO_BAIXO_RISCO,Aprovacao Automatica: Risco dentro do apetite da seguradora.,0.0,False,10000.0,10000.0,0.0,0.0,M,,BAIXISSIMA,0.0,1.0
CNPJ_003487,0.0,0.0749,10,APROVADO,RGR_R04_DECIL4_10_APROVADO,APROVADO_AUTOMATICO_BAIXO_RISCO,Aprovacao Automatica: Risco dentro do apetite da seguradora.,0.0,False,10000.0,10000.0,0.0,0.0,G,G,BAIXISSIMA,0.0,0.0
CNPJ_003488,0.0,0.0851,9,APROVADO,RGR_R04_DECIL4_10_APROVADO,APROVADO_AUTOMATICO_BAIXO_RISCO,Aprovacao Automatica: Risco dentro do apetite da seguradora.,0.0,False,10000.0,10000.0,0.0,0.0,G,E,ALTA,0.0,0.0
CNPJ_003489,0.0,0.1252,2,ACEITO_COM_CONDICAO,RGR_R03_DECIL2_3_CONDICIONAL,ACEITE_CONDICIONAL_DECIL_INTERMEDIARIO,Aceite Condicional Decil Intermediario (+7.5% premio).,7.5,False,10000.0,10750.0,750.0,0.0,G,D,ALTA,0.0,0.0
CNPJ_003490,0.0,0.1196,3,ACEITO_COM_CONDICAO,RGR_R03_DECIL2_3_CONDICIONAL,ACEITE_CONDICIONAL_DECIL_INTERMEDIARIO,Aceite Condicional Decil Intermediario (+7.5% premio).,7.5,False,10000.0,10750.0,750.0,0.0,C,E,BAIXISSIMA,0.0,0.0
CNPJ_003491,0.0,0.0991,6,APROVADO,RGR_R04_DECIL4_10_APROVADO,APROVADO_AUTOMATICO_BAIXO_RISCO,Aprovacao Automatica: Risco dentro do apetite da seguradora.,0.0,False,10000.0,10000.0,0.0,0.0,C,E,BAIXISSIMA,0.0,0.0
CNPJ_003492,0.0,0.1045,5,APROVADO,RGR_R04_DECIL4_10_APROVADO,APROVADO_AUTOMATICO_BAIXO_RISCO,Aprovacao Automatica: Risco dentro do apetite da seguradora.,0.0,False,10000.0,10000.0,0.0,0.0,C,H,BAIXISSIMA,2.0,0.0
CNPJ_003493,0.0,0.079,9,APROVADO,RGR_R04_DECIL4_10_APROVADO,APROVADO_AUTOMATICO_BAIXO_RISCO,Aprovacao Automatica: Risco dentro do apetite da seguradora.,0.0,False,10000.0,10000.0,0.0,0.0,G,I,BAIXISSIMA,55.0,0.0
CNPJ_003494,0.0,0.1183,3,ACEITO_COM_CONDICAO,RGR_R03_DECIL2_3_CONDICIONAL,ACEITE_CONDICIONAL_DECIL_INTERMEDIARIO,Aceite Condicional Decil Intermediario (+7.5% premio).,7.5,False,10000.0,10750.0,750.0,0.0,F,E,BAIXISSIMA,1.0,0.0
CNPJ_003495,0.0,0.1063,5,APROVADO,RGR_R04_DECIL4_10_APROVADO,APROVADO_AUTOMATICO_BAIXO_RISCO,Aprovacao Automatica: Risco dentro do apetite da seguradora.,0.0,False,10000.0,10000.0,0.0,0.0,F,D,BAIXISSIMA,0.0,0.0
CNPJ_003496,0.0,0.1022,6,APROVADO,RGR_R04_DECIL4_10_APROVADO,APROVADO_AUTOMATICO_BAIXO_RISCO,Aprovacao Automatica: Risco dentro do apetite da seguradora.,0.0,False,10000.0,10000.0,0.0,0.0,F,G,BAIXISSIMA,1.0,0.0
CNPJ_003497,0.0,0.1112,4,APROVADO,RGR_R04_DECIL4_10_APROVADO,APROVADO_AUTOMATICO_BAIXO_RISCO,Aprovacao Automatica: Risco dentro do apetite da seguradora.,0.0,False,10000.0,10000.0,0.0,0.0,G,D,ALTA,0.0,0.0
CNPJ_003498,0.0,0.1198,3,ACEITO_COM_CONDICAO,RGR_R03_DECIL2_3_CONDICIONAL,ACEITE_CONDICIONAL_DECIL_INTERMEDIARIO,Aceite Condicional Decil Intermediario (+7.5% premio).,7.5,False,10000.0,10750.0,750.0,0.0,A,D,BAIXISSIMA,1.0,0.0
CNPJ_003499,0.0,0.091,8,APROVADO,RGR_R04_DECIL4_10_APROVADO,APROVADO_AUTOMATICO_BAIXO_RISCO,Aprovacao Automatica: Risco dentro do apetite da seguradora.,0.0,False,10000.0,10000.0,0.0,0.0,G,C,ALTA,0.0,0.0
CNPJ_003500,0.0,0.1032,5,APROVADO,RGR_R04_DECIL4_10_APROVADO,APROVADO_AUTOMATICO_BAIXO_RISCO,Aprovacao Automatica: Risco dentro do apetite da seguradora.,0.0,False,10000.0,10000.0,0.0,0.0,G,C,BAIXISSIMA,0.0,0.0
CNPJ_003501,0.0,0.1088,4,APROVADO,RGR_R04_DECIL4_10_APROVADO,APROVADO_AUTOMATICO_BAIXO_RISCO,Aprovacao Automatica: Risco dentro do apetite da seguradora.,0.0,False,10000.0,10000.0,0.0,0.0,S,EMPRESA_ISENTA,ALTA,7.0,0.0
CNPJ_003502,0.0,0.084,9,APROVADO,RGR_R04_DECIL4_10_APROVADO,APROVADO_AUTOMATICO_BAIXO_RISCO,Aprovacao Automatica: Risco dentro do apetite da seguradora.,0.0,False,10000.0,10000.0,0.0,0.0,C,F,ALTISSIMA,8.0,0.0
CNPJ_003503,0.0,0.0913,8,APROVADO,RGR_R04_DECIL4_10_APROVADO,APROVADO_AUTOMATICO_BAIXO_RISCO,Aprovacao Automatica: Risco dentro do apetite da seguradora.,0.0,False,10000.0,10000.0,0.0,0.0,G,A,BAIXISSIMA,2.0,0.0
CNPJ_003504,0.0,0.0791,9,APROVADO,RGR_R04_DECIL4_10_APROVADO,APROVADO_AUTOMATICO_BAIXO_RISCO,Aprovacao Automatica: Risco dentro do apetite da seguradora.,0.0,False,10000.0,10000.0,0.0,0.0,H,C,BAIXISSIMA,0.0,0.0
CNPJ_003505,0.0,0.1137,3,ACEITO_COM_CONDICAO,RGR_R03_DECIL2_3_CONDICIONAL,ACEITE_CONDICIONAL_DECIL_INTERMEDIARIO,Aceite Condicional Decil Intermediario (+7.5% premio).,7.5,False,10000.0,10750.0,750.0,0.0,G,C,ALTA,1.0,0.0
CNPJ_003506,0.0,0.1149,3,ACEITO_COM_CONDICAO,RGR_R03_DECIL2_3_CONDICIONAL,ACEITE_CONDICIONAL_DECIL_INTERMEDIARIO,Aceite Condicional Decil Intermediario (+7.5% premio).,7.5,False,10000.0,10750.0,750.0,0.0,C,E,ALTA,0.0,0.0
CNPJ_003507,0.0,0.1126,4,APROVADO,RGR_R04_DECIL4_10_APROVADO,APROVADO_AUTOMATICO_BAIXO_RISCO,Aprovacao Automatica: Risco dentro do apetite da seguradora.,0.0,False,10000.0,10000.0,0.0,0.0,G,J,ALTISSIMA,0.0,0.0
CNPJ_003508,0.0,0.1049,5,APROVADO,RGR_R04_DECIL4_10_APROVADO,APROVADO_AUTOMATICO_BAIXO_RISCO,Aprovacao Automatica: Risco dentro do apetite da seguradora.,0.0,False,10000.0,10000.0,0.0,0.0,C,H,ALTISSIMA,1.0,0.0
CNPJ_003509,0.0,0.1178,3,ACEITO_COM_CONDICAO,RGR_R03_DECIL2_3_CONDICIONAL,ACEITE_CONDICIONAL_DECIL_INTERMEDIARIO,Aceite Condicional Decil Intermediario (+7.5% premio).,7.5,False,10000.0,10750.0,750.0,0.0,E,C,BAIXISSIMA,0.0,0.0
CNPJ_003510,0.0,0.1244,2,ACEITO_COM_CONDICAO,RGR_R03_DECIL2_3_CONDICIONAL,ACEITE_CONDICIONAL_DECIL_INTERMEDIARIO,Aceite Condicional Decil Intermediario (+7.5% premio).,7.5,False,10000.0,10750.0,750.0,0.0,H,,ALTISSIMA,0.0,0.0
CNPJ_003511,0.0,0.1063,5,APROVADO,RGR_R04_DECIL4_10_APROVADO,APROVADO_AUTOMATICO_BAIXO_RISCO,Aprovacao Automatica: Risco dentro do apetite da seguradora.,0.0,False,10000.0,10000.0,0.0,0.0,C,F,ALTA,0.0,0.0
CNPJ_003512,0.0,0.0883,8,APROVADO,RGR_R04_DECIL4_10_APROVADO,APROVADO_AUTOMATICO_BAIXO_RISCO,Aprovacao Automatica: Risco dentro do apetite da seguradora.,0.0,False,10000.0,10000.0,0.0,0.0,F,,ALTISSIMA,1.0,0.0
CNPJ_003513,0.0,0.1203,2,ACEITO_COM_CONDICAO,RGR_R03_DECIL2_3_CONDICIONAL,ACEITE_CONDICIONAL_DECIL_INTERMEDIARIO,Aceite Condicional Decil Intermediario (+7.5% premio).,7.5,False,10000.0,10750.0,750.0,0.0,G,,ALTA,0.0,0.0
CNPJ_003514,0.0,0.0798,9,APROVADO,RGR_R04_DECIL4_10_APROVADO,APROVADO_AUTOMATICO_BAIXO_RISCO,Aprovacao Automatica: Risco dentro do apetite da seguradora.,0.0,False,10000.0,10000.0,0.0,0.0,C,J,ALTA,66.0,0.0
CNPJ_003515,0.0,0.1137,3,ACEITO_COM_CONDICAO,RGR_R03_DECIL2_3_CONDICIONAL,ACEITE_CONDICIONAL_DECIL_INTERMEDIARIO,Aceite Condicional Decil Intermediario (+7.5% premio).,7.5,False,10000.0,10750.0,750.0,0.0,G,A,BAIXISSIMA,0.0,
CNPJ_003516,0.0,0.0975,6,APROVADO,RGR_R04_DECIL4_10_APROVADO,APROVADO_AUTOMATICO_BAIXO_RISCO,Aprovacao Automatica: Risco dentro do apetite da seguradora.,0.0,False,10000.0,10000.0,0.0,0.0,G,H,ALTA,1.0,0.0
CNPJ_003517,0.0,0.1159,3,ACEITO_COM_CONDICAO,RGR_R03_DECIL2_3_CONDICIONAL,ACEITE_CONDICIONAL_DECIL_INTERMEDIARIO,Aceite Condicional Decil Intermediario (+7.5% premio).,7.5,False,10000.0,10750.0,750.0,0.0,G,,BAIXISSIMA,0.0,1.0
CNPJ_003518,0.0,0.1108,4,APROVADO,RGR_R04_DECIL4_10_APROVADO,APROVADO_AUTOMATICO_BAIXO_RISCO,Aprovacao Automatica: Risco dentro do apetite da seguradora.,0.0,False,10000.0,10000.0,0.0,0.0,G,G,ALTA,23.0,0.0
CNPJ_003519,0.0,0.0895,8,APROVADO,RGR_R04_DECIL4_10_APROVADO,APROVADO_AUTOMATICO_BAIXO_RISCO,Aprovacao Automatica: Risco dentro do apetite da seguradora.,0.0,False,10000.0,10000.0,0.0,0.0,N,,ALTA,0.0,0.0
CNPJ_003520,0.0,0.0802,9,APROVADO,RGR_R04_DECIL4_10_APROVADO,APROVADO_AUTOMATICO_BAIXO_RISCO,Aprovacao Automatica: Risco dentro do apetite da seguradora.,0.0,False,10000.0,10000.0,0.0,0.0,H,I,BAIXISSIMA,1.0,0.0
CNPJ_003521,0.0,0.0865,8,APROVADO,RGR_R04_DECIL4_10_APROVADO,APROVADO_AUTOMATICO_BAIXO_RISCO,Aprovacao Automatica: Risco dentro do apetite da seguradora.,0.0,False,10000.0,10000.0,0.0,0.0,C,G,BAIXISSIMA,2.0,0.0
CNPJ_003522,0.0,0.1059,5,APROVADO,RGR_R04_DECIL4_10_APROVADO,APROVADO_AUTOMATICO_BAIXO_RISCO,Aprovacao Automatica: Risco dentro do apetite da seguradora.,0.0,False,10000.0,10000.0,0.0,0.0,N,F,ALTISSIMA,4.0,0.0
CNPJ_003523,0.0,0.0947,7,APROVADO,RGR_R04_DECIL4_10_APROVADO,APROVADO_AUTOMATICO_BAIXO_RISCO,Aprovacao Automatica: Risco dentro do apetite da seguradora.,0.0,False,10000.0,10000.0,0.0,0.0,G,,BAIXISSIMA,0.0,0.0
CNPJ_003524,0.0,0.0989,6,APROVADO,RGR_R04_DECIL4_10_APROVADO,APROVADO_AUTOMATICO_BAIXO_RISCO,Aprovacao Automatica: Risco dentro do apetite da seguradora.,0.0,False,10000.0,10000.0,0.0,0.0,N,F,ALTA,30.0,0.0
CNPJ_003525,0.0,0.0917,8,APROVADO,RGR_R04_DECIL4_10_APROVADO,APROVADO_AUTOMATICO_BAIXO_RISCO,Aprovacao Automatica: Risco dentro do apetite da seguradora.,0.0,False,10000.0,10000.0,0.0,0.0,H,E,BAIXISSIMA,0.0,0.0
CNPJ_003526,0.0,0.1276,2,ACEITO_COM_CONDICAO,RGR_R03_DECIL2_3_CONDICIONAL,ACEITE_CONDICIONAL_DECIL_INTERMEDIARIO,Aceite Condicional Decil Intermediario (+7.5% premio).,7.5,False,10000.0,10750.0,750.0,0.0,G,D,ALTISSIMA,0.0,0.0
CNPJ_003527,0.0,0.2011,1,ACEITO_COM_CONDICAO,RGR_R01_DECIL1_RESGATE_COM_RASTREADOR,RECUPERACAO_COMERCIAL_D1,"Aceite Condicional Decil 1: Perfil de score alto risco, porem mitigado por baixo passivo judicial e geografia favoravel.",15.0,True,10000.0,11500.0,1500.0,0.0,I,,BAIXISSIMA,0.0,
CNPJ_003528,0.0,0.228,1,RECUSADO,RGR_R02_DECIL1_RECUSA_PADRAO,DECIL1_ALTO_RISCO_SEM_MITIGACAO,Recusa por Decil 1 de Risco sem criterios para resgate comercial.,0.0,False,10000.0,0.0,0.0,0.0,C,D,ALTISSIMA,0.0,0.0
CNPJ_003529,0.0,0.1011,6,APROVADO,RGR_R04_DECIL4_10_APROVADO,APROVADO_AUTOMATICO_BAIXO_RISCO,Aprovacao Automatica: Risco dentro do apetite da seguradora.,0.0,False,10000.0,10000.0,0.0,0.0,C,G,ALTISSIMA,1.0,0.0
CNPJ_003530,0.0,0.1059,5,APROVADO,RGR_R04_DECIL4_10_APROVADO,APROVADO_AUTOMATICO_BAIXO_RISCO,Aprovacao Automatica: Risco dentro do apetite da seguradora.,0.0,False,10000.0,10000.0,0.0,0.0,G,F,BAIXISSIMA,3.0,0.0
CNPJ_003531,0.0,0.0926,7,APROVADO,RGR_R04_DECIL4_10_APROVADO,APROVADO_AUTOMATICO_BAIXO_RISCO,Aprovacao Automatica: Risco dentro do apetite da seguradora.,0.0,False,10000.0,10000.0,0.0,0.0,G,D,ALTA,0.0,0.0
CNPJ_003532,0.0,0.0851,9,APROVADO,RGR_R04_DECIL4_10_APROVADO,APROVADO_AUTOMATICO_BAIXO_RISCO,Aprovacao Automatica: Risco dentro do apetite da seguradora.,0.0,False,10000.0,10000.0,0.0,0.0,A,,BAIXISSIMA,0.0,0.0
CNPJ_003533,0.0,0.0917,8,APROVADO,RGR_R04_DECIL4_10_APROVADO,APROVADO_AUTOMATICO_BAIXO_RISCO,Aprovacao Automatica: Risco dentro do apetite da seguradora.,0.0,False,10000.0,10000.0,0.0,0.0,H,A,BAIXISSIMA,0.0,0.0
CNPJ_003534,0.0,0.0796,9,APROVADO,RGR_R04_DECIL4_10_APROVADO,APROVADO_AUTOMATICO_BAIXO_RISCO,Aprovacao Automatica: Risco dentro do apetite da seguradora.,0.0,False,10000.0,10000.0,0.0,0.0,G,G,ALTA,6.0,0.0
CNPJ_003535,0.0,0.112,4,APROVADO,RGR_R04_DECIL4_10_APROVADO,APROVADO_AUTOMATICO_BAIXO_RISCO,Aprovacao Automatica: Risco dentro do apetite da seguradora.,0.0,False,10000.0,10000.0,0.0,0.0,C,D,ALTA,0.0,0.0
CNPJ_003536,0.0,0.1091,4,RECUSADO,RGR_K02_EXCESSO_PROCESSOS_JUDICIAIS,K02_JUDICIAL_EXTREMO,Recusa Sumaria: Elevado passivo judicial (> 100 processos como requerido).,0.0,False,10000.0,0.0,0.0,0.0,C,J,ALTA,382.0,0.0
CNPJ_003537,0.0,0.0998,6,APROVADO,RGR_R04_DECIL4_10_APROVADO,APROVADO_AUTOMATICO_BAIXO_RISCO,Aprovacao Automatica: Risco dentro do apetite da seguradora.,0.0,False,10000.0,10000.0,0.0,0.0,G,A,MEDIA,0.0,
CNPJ_003538,0.0,0.0962,7,RECUSADO,RGR_K02_EXCESSO_PROCESSOS_JUDICIAIS,K02_JUDICIAL_EXTREMO,Recusa Sumaria: Elevado passivo judicial (> 100 processos como requerido).,0.0,False,10000.0,0.0,0.0,0.0,F,J,ALTISSIMA,154.0,
CNPJ_003539,0.0,0.0835,9,RECUSADO,RGR_K01_RISCO_LIDERANCA_AREA_CRITICA,K01_LIDERANCA_AREA_CRITICA,Recusa Sumaria: Risco de lideranca detectado em area de concentracao altissima de sinistro.,0.0,False,10000.0,0.0,0.0,0.0,N,D,ALTISSIMA,7.0,1.0
CNPJ_003540,0.0,0.1081,4,APROVADO,RGR_R04_DECIL4_10_APROVADO,APROVADO_AUTOMATICO_BAIXO_RISCO,Aprovacao Automatica: Risco dentro do apetite da seguradora.,0.0,False,10000.0,10000.0,0.0,0.0,H,,MEDIA,0.0,0.0
CNPJ_003541,0.0,0.1262,2,ACEITO_COM_CONDICAO,RGR_R03_DECIL2_3_CONDICIONAL,ACEITE_CONDICIONAL_DECIL_INTERMEDIARIO,Aceite Condicional Decil Intermediario (+7.5% premio).,7.5,False,10000.0,10750.0,750.0,0.0,H,F,ALTA,2.0,0.0
CNPJ_003542,0.0,0.0791,9,APROVADO,RGR_R04_DECIL4_10_APROVADO,APROVADO_AUTOMATICO_BAIXO_RISCO,Aprovacao Automatica: Risco dentro do apetite da seguradora.,0.0,False,10000.0,10000.0,0.0,0.0,F,D,ALTA,20.0,0.0
CNPJ_003543,0.0,0.1161,3,ACEITO_COM_CONDICAO,RGR_R03_DECIL2_3_CONDICIONAL,ACEITE_CONDICIONAL_DECIL_INTERMEDIARIO,Aceite Condicional Decil Intermediario (+7.5% premio).,7.5,False,10000.0,10750.0,750.0,0.0,G,E,ALTA,0.0,0.0
CNPJ_003544,0.0,0.0603,10,APROVADO,RGR_R04_DECIL4_10_APROVADO,APROVADO_AUTOMATICO_BAIXO_RISCO,Aprovacao Automatica: Risco dentro do apetite da seguradora.,0.0,False,10000.0,10000.0,0.0,0.0,C,I,ALTISSIMA,3.0,0.0
CNPJ_003545,0.0,0.099,6,APROVADO,RGR_R04_DECIL4_10_APROVADO,APROVADO_AUTOMATICO_BAIXO_RISCO,Aprovacao Automatica: Risco dentro do apetite da seguradora.,0.0,False,10000.0,10000.0,0.0,0.0,G,D,ALTISSIMA,0.0,0.0
CNPJ_003546,0.0,0.0936,7,APROVADO,RGR_R04_DECIL4_10_APROVADO,APROVADO_AUTOMATICO_BAIXO_RISCO,Aprovacao Automatica: Risco dentro do apetite da seguradora.,0.0,False,10000.0,10000.0,0.0,0.0,H,,BAIXISSIMA,0.0,0.0
CNPJ_003547,0.0,0.0905,8,APROVADO,RGR_R04_DECIL4_10_APROVADO,APROVADO_AUTOMATICO_BAIXO_RISCO,Aprovacao Automatica: Risco dentro do apetite da seguradora.,0.0,False,10000.0,10000.0,0.0,0.0,G,I,ALTA,3.0,0.0
CNPJ_003548,0.0,0.0782,9,APROVADO,RGR_R04_DECIL4_10_APROVADO,APROVADO_AUTOMATICO_BAIXO_RISCO,Aprovacao Automatica: Risco dentro do apetite da seguradora.,0.0,False,10000.0,10000.0,0.0,0.0,H,D,ALTA,1.0,0.0
CNPJ_003549,0.0,0.1136,3,RECUSADO,RGR_K01_RISCO_LIDERANCA_AREA_CRITICA,K01_LIDERANCA_AREA_CRITICA,Recusa Sumaria: Risco de lideranca detectado em area de concentracao altissima de sinistro.,0.0,False,10000.0,0.0,0.0,0.0,C,J,ALTISSIMA,13.0,1.0
CNPJ_003550,0.0,0.1166,3,ACEITO_COM_CONDICAO,RGR_R03_DECIL2_3_CONDICIONAL,ACEITE_CONDICIONAL_DECIL_INTERMEDIARIO,Aceite Condicional Decil Intermediario (+7.5% premio).,7.5,False,10000.0,10750.0,750.0,0.0,C,H,ALTISSIMA,1.0,0.0
CNPJ_003551,0.0,0.1013,6,APROVADO,RGR_R04_DECIL4_10_APROVADO,APROVADO_AUTOMATICO_BAIXO_RISCO,Aprovacao Automatica: Risco dentro do apetite da seguradora.,0.0,False,10000.0,10000.0,0.0,0.0,G,B,ALTA,0.0,0.0
CNPJ_003552,0.0,0.092,7,APROVADO,RGR_R04_DECIL4_10_APROVADO,APROVADO_AUTOMATICO_BAIXO_RISCO,Aprovacao Automatica: Risco dentro do apetite da seguradora.,0.0,False,10000.0,10000.0,0.0,0.0,G,G,ALTA,9.0,0.0
CNPJ_003553,0.0,0.119,3,ACEITO_COM_CONDICAO,RGR_R03_DECIL2_3_CONDICIONAL,ACEITE_CONDICIONAL_DECIL_INTERMEDIARIO,Aceite Condicional Decil Intermediario (+7.5% premio).,7.5,False,10000.0,10750.0,750.0,0.0,C,A,BAIXISSIMA,0.0,0.0
CNPJ_003554,0.0,0.1107,4,APROVADO,RGR_R04_DECIL4_10_APROVADO,APROVADO_AUTOMATICO_BAIXO_RISCO,Aprovacao Automatica: Risco dentro do apetite da seguradora.,0.0,False,10000.0,10000.0,0.0,0.0,C,F,ALTA,1.0,0.0
CNPJ_003555,0.0,0.0968,7,APROVADO,RGR_R04_DECIL4_10_APROVADO,APROVADO_AUTOMATICO_BAIXO_RISCO,Aprovacao Automatica: Risco dentro do apetite da seguradora.,0.0,False,10000.0,10000.0,0.0,0.0,A,,BAIXISSIMA,0.0,1.0
CNPJ_003556,0.0,0.0809,9,APROVADO,RGR_R04_DECIL4_10_APROVADO,APROVADO_AUTOMATICO_BAIXO_RISCO,Aprovacao Automatica: Risco dentro do apetite da seguradora.,0.0,False,10000.0,10000.0,0.0,0.0,C,J,ALTA,7.0,0.0
CNPJ_003557,0.0,0.0766,10,APROVADO,RGR_R04_DECIL4_10_APROVADO,APROVADO_AUTOMATICO_BAIXO_RISCO,Aprovacao Automatica: Risco dentro do apetite da seguradora.,0.0,False,10000.0,10000.0,0.0,0.0,J,,ALTA,0.0,0.0
CNPJ_003558,0.0,0.078,9,APROVADO,RGR_R04_DECIL4_10_APROVADO,APROVADO_AUTOMATICO_BAIXO_RISCO,Aprovacao Automatica: Risco dentro do apetite da seguradora.,0.0,False,10000.0,10000.0,0.0,0.0,F,J,ALTA,43.0,0.0
CNPJ_003559,0.0,0.1093,4,APROVADO,RGR_R04_DECIL4_10_APROVADO,APROVADO_AUTOMATICO_BAIXO_RISCO,Aprovacao Automatica: Risco dentro do apetite da seguradora.,0.0,False,10000.0,10000.0,0.0,0.0,N,F,ALTISSIMA,1.0,0.0
CNPJ_003560,0.0,0.1226,2,ACEITO_COM_CONDICAO,RGR_R03_DECIL2_3_CONDICIONAL,ACEITE_CONDICIONAL_DECIL_INTERMEDIARIO,Aceite Condicional Decil Intermediario (+7.5% premio).,7.5,False,10000.0,10750.0,750.0,0.0,G,D,ALTA,2.0,0.0
CNPJ_003561,0.0,0.0729,10,APROVADO,RGR_R04_DECIL4_10_APROVADO,APROVADO_AUTOMATICO_BAIXO_RISCO,Aprovacao Automatica: Risco dentro do apetite da seguradora.,0.0,False,10000.0,10000.0,0.0,0.0,A,E,BAIXISSIMA,2.0,0.0
CNPJ_003562,0.0,0.2007,1,RECUSADO,RGR_R02_DECIL1_RECUSA_PADRAO,DECIL1_ALTO_RISCO_SEM_MITIGACAO,Recusa por Decil 1 de Risco sem criterios para resgate comercial.,0.0,False,10000.0,0.0,0.0,0.0,H,J,BAIXISSIMA,67.0,0.0
CNPJ_003563,0.0,0.1092,4,APROVADO,RGR_R04_DECIL4_10_APROVADO,APROVADO_AUTOMATICO_BAIXO_RISCO,Aprovacao Automatica: Risco dentro do apetite da seguradora.,0.0,False,10000.0,10000.0,0.0,0.0,N,,ALTA,0.0,0.0
CNPJ_003564,0.0,0.1025,5,APROVADO,RGR_R04_DECIL4_10_APROVADO,APROVADO_AUTOMATICO_BAIXO_RISCO,Aprovacao Automatica: Risco dentro do apetite da seguradora.,0.0,False,10000.0,10000.0,0.0,0.0,H,B,ALTISSIMA,1.0,0.0
CNPJ_003565,0.0,0.2167,1,RECUSADO,RGR_R02_DECIL1_RECUSA_PADRAO,DECIL1_ALTO_RISCO_SEM_MITIGACAO,Recusa por Decil 1 de Risco sem criterios para resgate comercial.,0.0,False,10000.0,0.0,0.0,0.0,H,H,BAIXISSIMA,20.0,0.0
CNPJ_003566,0.0,0.0709,10,APROVADO,RGR_R04_DECIL4_10_APROVADO,APROVADO_AUTOMATICO_BAIXO_RISCO,Aprovacao Automatica: Risco dentro do apetite da seguradora.,0.0,False,10000.0,10000.0,0.0,0.0,,,,,
CNPJ_003567,0.0,0.0949,7,APROVADO,RGR_R04_DECIL4_10_APROVADO,APROVADO_AUTOMATICO_BAIXO_RISCO,Aprovacao Automatica: Risco dentro do apetite da seguradora.,0.0,False,10000.0,10000.0,0.0,0.0,I,C,MEDIA,0.0,0.0
CNPJ_003568,0.0,0.1294,2,ACEITO_COM_CONDICAO,RGR_R03_DECIL2_3_CONDICIONAL,ACEITE_CONDICIONAL_DECIL_INTERMEDIARIO,Aceite Condicional Decil Intermediario (+7.5% premio).,7.5,False,10000.0,10750.0,750.0,0.0,G,G,MEDIA,1.0,0.0
CNPJ_003569,0.0,0.2339,1,ACEITO_COM_CONDICAO,RGR_R01_DECIL1_RESGATE_COM_RASTREADOR,RECUPERACAO_COMERCIAL_D1,"Aceite Condicional Decil 1: Perfil de score alto risco, porem mitigado por baixo passivo judicial e geografia favoravel.",15.0,True,10000.0,11500.0,1500.0,0.0,H,C,BAIXISSIMA,0.0,0.0
CNPJ_003570,0.0,0.0799,9,APROVADO,RGR_R04_DECIL4_10_APROVADO,APROVADO_AUTOMATICO_BAIXO_RISCO,Aprovacao Automatica: Risco dentro do apetite da seguradora.,0.0,False,10000.0,10000.0,0.0,0.0,H,,BAIXISSIMA,0.0,
CNPJ_003571,0.0,0.1082,4,APROVADO,RGR_R04_DECIL4_10_APROVADO,APROVADO_AUTOMATICO_BAIXO_RISCO,Aprovacao Automatica: Risco dentro do apetite da seguradora.,0.0,False,10000.0,10000.0,0.0,0.0,H,F,ALTA,0.0,1.0
CNPJ_003572,0.0,0.0831,9,APROVADO,RGR_R04_DECIL4_10_APROVADO,APROVADO_AUTOMATICO_BAIXO_RISCO,Aprovacao Automatica: Risco dentro do apetite da seguradora.,0.0,False,10000.0,10000.0,0.0,0.0,C,J,BAIXISSIMA,3.0,0.0
CNPJ_003573,0.0,0.0945,7,APROVADO,RGR_R04_DECIL4_10_APROVADO,APROVADO_AUTOMATICO_BAIXO_RISCO,Aprovacao Automatica: Risco dentro do apetite da seguradora.,0.0,False,10000.0,10000.0,0.0,0.0,G,C,ALTISSIMA,0.0,0.0
CNPJ_003574,0.0,0.0997,6,APROVADO,RGR_R04_DECIL4_10_APROVADO,APROVADO_AUTOMATICO_BAIXO_RISCO,Aprovacao Automatica: Risco dentro do apetite da seguradora.,0.0,False,10000.0,10000.0,0.0,0.0,N,A,ALTA,0.0,0.0
CNPJ_003575,0.0,0.1182,3,ACEITO_COM_CONDICAO,RGR_R03_DECIL2_3_CONDICIONAL,ACEITE_CONDICIONAL_DECIL_INTERMEDIARIO,Aceite Condicional Decil Intermediario (+7.5% premio).,7.5,False,10000.0,10750.0,750.0,0.0,G,D,BAIXISSIMA,0.0,0.0
CNPJ_003576,0.0,0.0959,7,APROVADO,RGR_R04_DECIL4_10_APROVADO,APROVADO_AUTOMATICO_BAIXO_RISCO,Aprovacao Automatica: Risco dentro do apetite da seguradora.,0.0,False,10000.0,10000.0,0.0,0.0,G,I,BAIXISSIMA,3.0,0.0
CNPJ_003577,0.0,0.0854,8,APROVADO,RGR_R04_DECIL4_10_APROVADO,APROVADO_AUTOMATICO_BAIXO_RISCO,Aprovacao Automatica: Risco dentro do apetite da seguradora.,0.0,False,10000.0,10000.0,0.0,0.0,G,J,ALTISSIMA,14.0,
CNPJ_003578,0.0,0.1061,5,APROVADO,RGR_R04_DECIL4_10_APROVADO,APROVADO_AUTOMATICO_BAIXO_RISCO,Aprovacao Automatica: Risco dentro do apetite da seguradora.,0.0,False,10000.0,10000.0,0.0,0.0,N,F,BAIXISSIMA,11.0,0.0
CNPJ_003579,0.0,0.0887,8,APROVADO,RGR_R04_DECIL4_10_APROVADO,APROVADO_AUTOMATICO_BAIXO_RISCO,Aprovacao Automatica: Risco dentro do apetite da seguradora.,0.0,False,10000.0,10000.0,0.0,0.0,J,D,BAIXISSIMA,0.0,0.0
CNPJ_003580,0.0,0.118,3,ACEITO_COM_CONDICAO,RGR_R03_DECIL2_3_CONDICIONAL,ACEITE_CONDICIONAL_DECIL_INTERMEDIARIO,Aceite Condicional Decil Intermediario (+7.5% premio).,7.5,False,10000.0,10750.0,750.0,0.0,I,C,ALTA,0.0,1.0
CNPJ_003581,0.0,0.1227,2,ACEITO_COM_CONDICAO,RGR_R03_DECIL2_3_CONDICIONAL,ACEITE_CONDICIONAL_DECIL_INTERMEDIARIO,Aceite Condicional Decil Intermediario (+7.5% premio).,7.5,False,10000.0,10750.0,750.0,0.0,G,B,ALTA,0.0,0.0
CNPJ_003582,0.0,0.1068,5,APROVADO,RGR_R04_DECIL4_10_APROVADO,APROVADO_AUTOMATICO_BAIXO_RISCO,Aprovacao Automatica: Risco dentro do apetite da seguradora.,0.0,False,10000.0,10000.0,0.0,0.0,D,I,ALTISSIMA,27.0,0.0
CNPJ_003583,0.0,0.093,7,APROVADO,RGR_R04_DECIL4_10_APROVADO,APROVADO_AUTOMATICO_BAIXO_RISCO,Aprovacao Automatica: Risco dentro do apetite da seguradora.,0.0,False,10000.0,10000.0,0.0,0.0,G,D,ALTA,0.0,0.0
CNPJ_003584,0.0,0.0963,7,APROVADO,RGR_R04_DECIL4_10_APROVADO,APROVADO_AUTOMATICO_BAIXO_RISCO,Aprovacao Automatica: Risco dentro do apetite da seguradora.,0.0,False,10000.0,10000.0,0.0,0.0,G,G,BAIXISSIMA,0.0,0.0
CNPJ_003585,0.0,0.0597,10,APROVADO,RGR_R04_DECIL4_10_APROVADO,APROVADO_AUTOMATICO_BAIXO_RISCO,Aprovacao Automatica: Risco dentro do apetite da seguradora.,0.0,False,10000.0,10000.0,0.0,0.0,C,J,ALTA,25.0,1.0
CNPJ_003586,0.0,0.1039,5,APROVADO,RGR_R04_DECIL4_10_APROVADO,APROVADO_AUTOMATICO_BAIXO_RISCO,Aprovacao Automatica: Risco dentro do apetite da seguradora.,0.0,False,10000.0,10000.0,0.0,0.0,C,J,ALTA,0.0,1.0
CNPJ_003587,0.0,0.1017,6,APROVADO,RGR_R04_DECIL4_10_APROVADO,APROVADO_AUTOMATICO_BAIXO_RISCO,Aprovacao Automatica: Risco dentro do apetite da seguradora.,0.0,False,10000.0,10000.0,0.0,0.0,H,,BAIXISSIMA,0.0,0.0
CNPJ_003588,0.0,0.0892,8,APROVADO,RGR_R04_DECIL4_10_APROVADO,APROVADO_AUTOMATICO_BAIXO_RISCO,Aprovacao Automatica: Risco dentro do apetite da seguradora.,0.0,False,10000.0,10000.0,0.0,0.0,G,H,ALTISSIMA,0.0,
CNPJ_003589,0.0,0.0928,7,APROVADO,RGR_R04_DECIL4_10_APROVADO,APROVADO_AUTOMATICO_BAIXO_RISCO,Aprovacao Automatica: Risco dentro do apetite da seguradora.,0.0,False,10000.0,10000.0,0.0,0.0,F,G,ALTA,51.0,0.0
CNPJ_003590,0.0,0.1182,3,ACEITO_COM_CONDICAO,RGR_R03_DECIL2_3_CONDICIONAL,ACEITE_CONDICIONAL_DECIL_INTERMEDIARIO,Aceite Condicional Decil Intermediario (+7.5% premio).,7.5,False,10000.0,10750.0,750.0,0.0,H,,ALTA,0.0,0.0
CNPJ_003591,0.0,0.0862,8,APROVADO,RGR_R04_DECIL4_10_APROVADO,APROVADO_AUTOMATICO_BAIXO_RISCO,Aprovacao Automatica: Risco dentro do apetite da seguradora.,0.0,False,10000.0,10000.0,0.0,0.0,A,J,BAIXISSIMA,51.0,1.0
CNPJ_003592,0.0,0.0988,6,APROVADO,RGR_R04_DECIL4_10_APROVADO,APROVADO_AUTOMATICO_BAIXO_RISCO,Aprovacao Automatica: Risco dentro do apetite da seguradora.,0.0,False,10000.0,10000.0,0.0,0.0,J,E,ALTA,0.0,0.0
CNPJ_003593,0.0,0.1936,1,RECUSADO,RGR_R02_DECIL1_RECUSA_PADRAO,DECIL1_ALTO_RISCO_SEM_MITIGACAO,Recusa por Decil 1 de Risco sem criterios para resgate comercial.,0.0,False,10000.0,0.0,0.0,0.0,I,E,ALTA,0.0,0.0
CNPJ_003594,0.0,0.1067,5,APROVADO,RGR_R04_DECIL4_10_APROVADO,APROVADO_AUTOMATICO_BAIXO_RISCO,Aprovacao Automatica: Risco dentro do apetite da seguradora.,0.0,False,10000.0,10000.0,0.0,0.0,G,H,BAIXISSIMA,3.0,0.0
CNPJ_003595,0.0,0.0964,7,APROVADO,RGR_R04_DECIL4_10_APROVADO,APROVADO_AUTOMATICO_BAIXO_RISCO,Aprovacao Automatica: Risco dentro do apetite da seguradora.,0.0,False,10000.0,10000.0,0.0,0.0,G,D,ALTA,0.0,0.0
CNPJ_003596,0.0,0.1015,6,APROVADO,RGR_R04_DECIL4_10_APROVADO,APROVADO_AUTOMATICO_BAIXO_RISCO,Aprovacao Automatica: Risco dentro do apetite da seguradora.,0.0,False,10000.0,10000.0,0.0,0.0,H,,BAIXISSIMA,0.0,0.0
CNPJ_003597,0.0,0.0849,9,APROVADO,RGR_R04_DECIL4_10_APROVADO,APROVADO_AUTOMATICO_BAIXO_RISCO,Aprovacao Automatica: Risco dentro do apetite da seguradora.,0.0,False,10000.0,10000.0,0.0,0.0,G,G,BAIXISSIMA,3.0,0.0
CNPJ_003598,0.0,0.1204,2,ACEITO_COM_CONDICAO,RGR_R03_DECIL2_3_CONDICIONAL,ACEITE_CONDICIONAL_DECIL_INTERMEDIARIO,Aceite Condicional Decil Intermediario (+7.5% premio).,7.5,False,10000.0,10750.0,750.0,0.0,G,C,ALTISSIMA,0.0,0.0
CNPJ_003599,0.0,0.1353,2,ACEITO_COM_CONDICAO,RGR_R03_DECIL2_3_CONDICIONAL,ACEITE_CONDICIONAL_DECIL_INTERMEDIARIO,Aceite Condicional Decil Intermediario (+7.5% premio).,7.5,False,10000.0,10750.0,750.0,0.0,F,F,ALTISSIMA,0.0,0.0
CNPJ_003600,0.0,0.2287,1,RECUSADO,RGR_K02_EXCESSO_PROCESSOS_JUDICIAIS,K02_JUDICIAL_EXTREMO,Recusa Sumaria: Elevado passivo judicial (> 100 processos como requerido).,0.0,False,10000.0,0.0,0.0,0.0,H,J,ALTISSIMA,116.0,0.0
CNPJ_003601,0.0,0.0927,7,APROVADO,RGR_R04_DECIL4_10_APROVADO,APROVADO_AUTOMATICO_BAIXO_RISCO,Aprovacao Automatica: Risco dentro do apetite da seguradora.,0.0,False,10000.0,10000.0,0.0,0.0,M,G,ALTA,4.0,0.0
CNPJ_003602,0.0,0.142,1,ACEITO_COM_CONDICAO,RGR_R01_DECIL1_RESGATE_COM_RASTREADOR,RECUPERACAO_COMERCIAL_D1,"Aceite Condicional Decil 1: Perfil de score alto risco, porem mitigado por baixo passivo judicial e geografia favoravel.",15.0,True,10000.0,11500.0,1500.0,0.0,F,C,BAIXISSIMA,0.0,0.0
CNPJ_003603,0.0,0.0975,6,APROVADO,RGR_R04_DECIL4_10_APROVADO,APROVADO_AUTOMATICO_BAIXO_RISCO,Aprovacao Automatica: Risco dentro do apetite da seguradora.,0.0,False,10000.0,10000.0,0.0,0.0,C,I,BAIXISSIMA,7.0,0.0
CNPJ_003604,0.0,0.0944,7,APROVADO,RGR_R04_DECIL4_10_APROVADO,APROVADO_AUTOMATICO_BAIXO_RISCO,Aprovacao Automatica: Risco dentro do apetite da seguradora.,0.0,False,10000.0,10000.0,0.0,0.0,C,A,BAIXISSIMA,0.0,0.0
CNPJ_003605,0.0,0.0709,10,APROVADO,RGR_R04_DECIL4_10_APROVADO,APROVADO_AUTOMATICO_BAIXO_RISCO,Aprovacao Automatica: Risco dentro do apetite da seguradora.,0.0,False,10000.0,10000.0,0.0,0.0,,,,,
CNPJ_003606,0.0,0.1059,5,APROVADO,RGR_R04_DECIL4_10_APROVADO,APROVADO_AUTOMATICO_BAIXO_RISCO,Aprovacao Automatica: Risco dentro do apetite da seguradora.,0.0,False,10000.0,10000.0,0.0,0.0,C,,ALTA,0.0,0.0
CNPJ_003607,0.0,0.1202,3,ACEITO_COM_CONDICAO,RGR_R03_DECIL2_3_CONDICIONAL,ACEITE_CONDICIONAL_DECIL_INTERMEDIARIO,Aceite Condicional Decil Intermediario (+7.5% premio).,7.5,False,10000.0,10750.0,750.0,0.0,G,B,ALTISSIMA,0.0,0.0
CNPJ_003608,0.0,0.0964,7,APROVADO,RGR_R04_DECIL4_10_APROVADO,APROVADO_AUTOMATICO_BAIXO_RISCO,Aprovacao Automatica: Risco dentro do apetite da seguradora.,0.0,False,10000.0,10000.0,0.0,0.0,C,E,ALTA,1.0,0.0
CNPJ_003609,0.0,0.0729,10,APROVADO,RGR_R04_DECIL4_10_APROVADO,APROVADO_AUTOMATICO_BAIXO_RISCO,Aprovacao Automatica: Risco dentro do apetite da seguradora.,0.0,False,10000.0,10000.0,0.0,0.0,C,I,ALTISSIMA,18.0,0.0
CNPJ_003610,0.0,0.1401,1,RECUSADO,RGR_R02_DECIL1_RECUSA_PADRAO,DECIL1_ALTO_RISCO_SEM_MITIGACAO,Recusa por Decil 1 de Risco sem criterios para resgate comercial.,0.0,False,10000.0,0.0,0.0,0.0,J,A,ALTA,0.0,0.0
CNPJ_003611,0.0,0.132,2,RECUSADO,RGR_K02_EXCESSO_PROCESSOS_JUDICIAIS,K02_JUDICIAL_EXTREMO,Recusa Sumaria: Elevado passivo judicial (> 100 processos como requerido).,0.0,False,10000.0,0.0,0.0,0.0,G,J,ALTA,212.0,0.0
CNPJ_003612,0.0,0.0709,10,APROVADO,RGR_R04_DECIL4_10_APROVADO,APROVADO_AUTOMATICO_BAIXO_RISCO,Aprovacao Automatica: Risco dentro do apetite da seguradora.,0.0,False,10000.0,10000.0,0.0,0.0,,,,,
CNPJ_003613,0.0,0.1101,4,APROVADO,RGR_R04_DECIL4_10_APROVADO,APROVADO_AUTOMATICO_BAIXO_RISCO,Aprovacao Automatica: Risco dentro do apetite da seguradora.,0.0,False,10000.0,10000.0,0.0,0.0,G,,ALTA,0.0,0.0
CNPJ_003614,0.0,0.0709,10,APROVADO,RGR_R04_DECIL4_10_APROVADO,APROVADO_AUTOMATICO_BAIXO_RISCO,Aprovacao Automatica: Risco dentro do apetite da seguradora.,0.0,False,10000.0,10000.0,0.0,0.0,,,,,
CNPJ_003615,0.0,0.0861,8,APROVADO,RGR_R04_DECIL4_10_APROVADO,APROVADO_AUTOMATICO_BAIXO_RISCO,Aprovacao Automatica: Risco dentro do apetite da seguradora.,0.0,False,10000.0,10000.0,0.0,0.0,N,B,ALTA,0.0,0.0
CNPJ_003616,0.0,0.0998,6,RECUSADO,RGR_K01_RISCO_LIDERANCA_AREA_CRITICA,K01_LIDERANCA_AREA_CRITICA,Recusa Sumaria: Risco de lideranca detectado em area de concentracao altissima de sinistro.,0.0,False,10000.0,0.0,0.0,0.0,G,E,ALTISSIMA,1.0,1.0
CNPJ_003617,0.0,0.1157,3,ACEITO_COM_CONDICAO,RGR_R03_DECIL2_3_CONDICIONAL,ACEITE_CONDICIONAL_DECIL_INTERMEDIARIO,Aceite Condicional Decil Intermediario (+7.5% premio).,7.5,False,10000.0,10750.0,750.0,0.0,H,A,ALTA,0.0,0.0
CNPJ_003618,0.0,0.0591,10,APROVADO,RGR_R04_DECIL4_10_APROVADO,APROVADO_AUTOMATICO_BAIXO_RISCO,Aprovacao Automatica: Risco dentro do apetite da seguradora.,0.0,False,10000.0,10000.0,0.0,0.0,C,J,ALTISSIMA,98.0,
CNPJ_003619,0.0,0.1061,5,APROVADO,RGR_R04_DECIL4_10_APROVADO,APROVADO_AUTOMATICO_BAIXO_RISCO,Aprovacao Automatica: Risco dentro do apetite da seguradora.,0.0,False,10000.0,10000.0,0.0,0.0,G,C,MEDIA,3.0,0.0
CNPJ_003620,0.0,0.1,6,RECUSADO,RGR_K01_RISCO_LIDERANCA_AREA_CRITICA,K01_LIDERANCA_AREA_CRITICA,Recusa Sumaria: Risco de lideranca detectado em area de concentracao altissima de sinistro.,0.0,False,10000.0,0.0,0.0,0.0,G,A,ALTISSIMA,0.0,1.0
CNPJ_003621,0.0,0.1063,5,APROVADO,RGR_R04_DECIL4_10_APROVADO,APROVADO_AUTOMATICO_BAIXO_RISCO,Aprovacao Automatica: Risco dentro do apetite da seguradora.,0.0,False,10000.0,10000.0,0.0,0.0,G,E,BAIXISSIMA,0.0,0.0
CNPJ_003622,0.0,0.0753,10,APROVADO,RGR_R04_DECIL4_10_APROVADO,APROVADO_AUTOMATICO_BAIXO_RISCO,Aprovacao Automatica: Risco dentro do apetite da seguradora.,0.0,False,10000.0,10000.0,0.0,0.0,G,H,ALTISSIMA,3.0,0.0
CNPJ_003623,0.0,0.1228,2,ACEITO_COM_CONDICAO,RGR_R03_DECIL2_3_CONDICIONAL,ACEITE_CONDICIONAL_DECIL_INTERMEDIARIO,Aceite Condicional Decil Intermediario (+7.5% premio).,7.5,False,10000.0,10750.0,750.0,0.0,F,A,BAIXISSIMA,0.0,
CNPJ_003624,0.0,0.1086,4,APROVADO,RGR_R04_DECIL4_10_APROVADO,APROVADO_AUTOMATICO_BAIXO_RISCO,Aprovacao Automatica: Risco dentro do apetite da seguradora.,0.0,False,10000.0,10000.0,0.0,0.0,H,F,BAIXISSIMA,2.0,0.0
CNPJ_003625,0.0,0.0721,10,RECUSADO,RGR_K01_RISCO_LIDERANCA_AREA_CRITICA,K01_LIDERANCA_AREA_CRITICA,Recusa Sumaria: Risco de lideranca detectado em area de concentracao altissima de sinistro.,0.0,False,10000.0,0.0,0.0,0.0,F,J,ALTISSIMA,100.0,1.0
CNPJ_003626,0.0,0.0805,9,APROVADO,RGR_R04_DECIL4_10_APROVADO,APROVADO_AUTOMATICO_BAIXO_RISCO,Aprovacao Automatica: Risco dentro do apetite da seguradora.,0.0,False,10000.0,10000.0,0.0,0.0,H,E,MEDIA,0.0,0.0
CNPJ_003627,0.0,0.1164,3,ACEITO_COM_CONDICAO,RGR_R03_DECIL2_3_CONDICIONAL,ACEITE_CONDICIONAL_DECIL_INTERMEDIARIO,Aceite Condicional Decil Intermediario (+7.5% premio).,7.5,False,10000.0,10750.0,750.0,0.0,G,,ALTA,0.0,0.0
CNPJ_003628,0.0,0.0782,9,APROVADO,RGR_R04_DECIL4_10_APROVADO,APROVADO_AUTOMATICO_BAIXO_RISCO,Aprovacao Automatica: Risco dentro do apetite da seguradora.,0.0,False,10000.0,10000.0,0.0,0.0,H,C,ALTA,1.0,0.0
CNPJ_003629,0.0,0.0741,10,APROVADO,RGR_R04_DECIL4_10_APROVADO,APROVADO_AUTOMATICO_BAIXO_RISCO,Aprovacao Automatica: Risco dentro do apetite da seguradora.,0.0,False,10000.0,10000.0,0.0,0.0,N,J,ALTISSIMA,2.0,0.0
CNPJ_003630,0.0,0.1064,5,APROVADO,RGR_R04_DECIL4_10_APROVADO,APROVADO_AUTOMATICO_BAIXO_RISCO,Aprovacao Automatica: Risco dentro do apetite da seguradora.,0.0,False,10000.0,10000.0,0.0,0.0,G,D,ALTA,0.0,0.0
CNPJ_003631,0.0,0.0898,8,APROVADO,RGR_R04_DECIL4_10_APROVADO,APROVADO_AUTOMATICO_BAIXO_RISCO,Aprovacao Automatica: Risco dentro do apetite da seguradora.,0.0,False,10000.0,10000.0,0.0,0.0,G,H,ALTA,11.0,0.0
CNPJ_003632,0.0,0.0785,9,APROVADO,RGR_R04_DECIL4_10_APROVADO,APROVADO_AUTOMATICO_BAIXO_RISCO,Aprovacao Automatica: Risco dentro do apetite da seguradora.,0.0,False,10000.0,10000.0,0.0,0.0,H,F,ALTA,1.0,0.0
CNPJ_003633,0.0,0.1259,2,ACEITO_COM_CONDICAO,RGR_R03_DECIL2_3_CONDICIONAL,ACEITE_CONDICIONAL_DECIL_INTERMEDIARIO,Aceite Condicional Decil Intermediario (+7.5% premio).,7.5,False,10000.0,10750.0,750.0,0.0,F,G,ALTISSIMA,0.0,0.0
CNPJ_003634,0.0,0.0945,7,RECUSADO,RGR_K01_RISCO_LIDERANCA_AREA_CRITICA,K01_LIDERANCA_AREA_CRITICA,Recusa Sumaria: Risco de lideranca detectado em area de concentracao altissima de sinistro.,0.0,False,10000.0,0.0,0.0,0.0,C,,ALTISSIMA,0.0,1.0
CNPJ_003635,0.0,0.1114,4,APROVADO,RGR_R04_DECIL4_10_APROVADO,APROVADO_AUTOMATICO_BAIXO_RISCO,Aprovacao Automatica: Risco dentro do apetite da seguradora.,0.0,False,10000.0,10000.0,0.0,0.0,G,F,ALTA,3.0,0.0
CNPJ_003636,0.0,0.0729,10,APROVADO,RGR_R04_DECIL4_10_APROVADO,APROVADO_AUTOMATICO_BAIXO_RISCO,Aprovacao Automatica: Risco dentro do apetite da seguradora.,0.0,False,10000.0,10000.0,0.0,0.0,H,D,ALTA,4.0,0.0
CNPJ_003637,0.0,0.0894,8,APROVADO,RGR_R04_DECIL4_10_APROVADO,APROVADO_AUTOMATICO_BAIXO_RISCO,Aprovacao Automatica: Risco dentro do apetite da seguradora.,0.0,False,10000.0,10000.0,0.0,0.0,G,F,ALTA,1.0,0.0
CNPJ_003638,0.0,0.114,3,ACEITO_COM_CONDICAO,RGR_R03_DECIL2_3_CONDICIONAL,ACEITE_CONDICIONAL_DECIL_INTERMEDIARIO,Aceite Condicional Decil Intermediario (+7.5% premio).,7.5,False,10000.0,10750.0,750.0,0.0,Q,,ALTA,0.0,0.0
CNPJ_003639,0.0,0.09,8,APROVADO,RGR_R04_DECIL4_10_APROVADO,APROVADO_AUTOMATICO_BAIXO_RISCO,Aprovacao Automatica: Risco dentro do apetite da seguradora.,0.0,False,10000.0,10000.0,0.0,0.0,G,H,ALTA,4.0,0.0
CNPJ_003640,0.0,0.1156,3,ACEITO_COM_CONDICAO,RGR_R03_DECIL2_3_CONDICIONAL,ACEITE_CONDICIONAL_DECIL_INTERMEDIARIO,Aceite Condicional Decil Intermediario (+7.5% premio).,7.5,False,10000.0,10750.0,750.0,0.0,J,F,BAIXISSIMA,1.0,0.0
CNPJ_003641,0.0,0.071,10,RECUSADO,RGR_K02_EXCESSO_PROCESSOS_JUDICIAIS,K02_JUDICIAL_EXTREMO,Recusa Sumaria: Elevado passivo judicial (> 100 processos como requerido).,0.0,False,10000.0,0.0,0.0,0.0,G,J,ALTISSIMA,20104.0,0.0
CNPJ_003642,0.0,0.171,1,RECUSADO,RGR_K01_RISCO_LIDERANCA_AREA_CRITICA,K01_LIDERANCA_AREA_CRITICA,Recusa Sumaria: Risco de lideranca detectado em area de concentracao altissima de sinistro.,0.0,False,10000.0,0.0,0.0,0.0,G,J,ALTISSIMA,10476.0,1.0
CNPJ_003643,0.0,0.0946,7,APROVADO,RGR_R04_DECIL4_10_APROVADO,APROVADO_AUTOMATICO_BAIXO_RISCO,Aprovacao Automatica: Risco dentro do apetite da seguradora.,0.0,False,10000.0,10000.0,0.0,0.0,N,D,ALTISSIMA,1.0,0.0
CNPJ_003644,0.0,0.0847,9,RECUSADO,RGR_K02_EXCESSO_PROCESSOS_JUDICIAIS,K02_JUDICIAL_EXTREMO,Recusa Sumaria: Elevado passivo judicial (> 100 processos como requerido).,0.0,False,10000.0,0.0,0.0,0.0,N,J,ALTISSIMA,510.0,0.0
CNPJ_003645,0.0,0.0927,7,APROVADO,RGR_R04_DECIL4_10_APROVADO,APROVADO_AUTOMATICO_BAIXO_RISCO,Aprovacao Automatica: Risco dentro do apetite da seguradora.,0.0,False,10000.0,10000.0,0.0,0.0,M,G,ALTA,4.0,0.0
CNPJ_003646,0.0,0.0927,7,APROVADO,RGR_R04_DECIL4_10_APROVADO,APROVADO_AUTOMATICO_BAIXO_RISCO,Aprovacao Automatica: Risco dentro do apetite da seguradora.,0.0,False,10000.0,10000.0,0.0,0.0,G,B,ALTA,0.0,0.0
CNPJ_003647,0.0,0.0901,8,APROVADO,RGR_R04_DECIL4_10_APROVADO,APROVADO_AUTOMATICO_BAIXO_RISCO,Aprovacao Automatica: Risco dentro do apetite da seguradora.,0.0,False,10000.0,10000.0,0.0,0.0,H,D,BAIXISSIMA,1.0,0.0
CNPJ_003648,0.0,0.0909,8,APROVADO,RGR_R04_DECIL4_10_APROVADO,APROVADO_AUTOMATICO_BAIXO_RISCO,Aprovacao Automatica: Risco dentro do apetite da seguradora.,0.0,False,10000.0,10000.0,0.0,0.0,H,F,BAIXISSIMA,1.0,0.0
CNPJ_003649,0.0,0.1218,2,ACEITO_COM_CONDICAO,RGR_R03_DECIL2_3_CONDICIONAL,ACEITE_CONDICIONAL_DECIL_INTERMEDIARIO,Aceite Condicional Decil Intermediario (+7.5% premio).,7.5,False,10000.0,10750.0,750.0,0.0,G,H,ALTA,1.0,0.0
CNPJ_003650,0.0,0.0626,10,APROVADO,RGR_R04_DECIL4_10_APROVADO,APROVADO_AUTOMATICO_BAIXO_RISCO,Aprovacao Automatica: Risco dentro do apetite da seguradora.,0.0,False,10000.0,10000.0,0.0,0.0,H,J,ALTA,32.0,0.0
CNPJ_003651,0.0,0.1134,3,ACEITO_COM_CONDICAO,RGR_R03_DECIL2_3_CONDICIONAL,ACEITE_CONDICIONAL_DECIL_INTERMEDIARIO,Aceite Condicional Decil Intermediario (+7.5% premio).,7.5,False,10000.0,10750.0,750.0,0.0,M,C,BAIXISSIMA,0.0,0.0
CNPJ_003652,0.0,0.1063,5,APROVADO,RGR_R04_DECIL4_10_APROVADO,APROVADO_AUTOMATICO_BAIXO_RISCO,Aprovacao Automatica: Risco dentro do apetite da seguradora.,0.0,False,10000.0,10000.0,0.0,0.0,S,EMPRESA_ISENTA,ALTISSIMA,2.0,
CNPJ_003653,0.0,0.088,8,APROVADO,RGR_R04_DECIL4_10_APROVADO,APROVADO_AUTOMATICO_BAIXO_RISCO,Aprovacao Automatica: Risco dentro do apetite da seguradora.,0.0,False,10000.0,10000.0,0.0,0.0,C,J,ALTISSIMA,21.0,0.0
CNPJ_003654,0.0,0.1112,4,APROVADO,RGR_R04_DECIL4_10_APROVADO,APROVADO_AUTOMATICO_BAIXO_RISCO,Aprovacao Automatica: Risco dentro do apetite da seguradora.,0.0,False,10000.0,10000.0,0.0,0.0,G,F,ALTISSIMA,0.0,0.0
CNPJ_003655,0.0,0.0864,8,APROVADO,RGR_R04_DECIL4_10_APROVADO,APROVADO_AUTOMATICO_BAIXO_RISCO,Aprovacao Automatica: Risco dentro do apetite da seguradora.,0.0,False,10000.0,10000.0,0.0,0.0,C,G,ALTISSIMA,5.0,0.0
CNPJ_003656,0.0,0.0699,10,APROVADO,RGR_R04_DECIL4_10_APROVADO,APROVADO_AUTOMATICO_BAIXO_RISCO,Aprovacao Automatica: Risco dentro do apetite da seguradora.,0.0,False,10000.0,10000.0,0.0,0.0,C,J,ALTA,34.0,0.0
CNPJ_003657,0.0,0.0913,8,APROVADO,RGR_R04_DECIL4_10_APROVADO,APROVADO_AUTOMATICO_BAIXO_RISCO,Aprovacao Automatica: Risco dentro do apetite da seguradora.,0.0,False,10000.0,10000.0,0.0,0.0,G,A,ALTA,0.0,0.0
CNPJ_003658,0.0,0.117,3,ACEITO_COM_CONDICAO,RGR_R03_DECIL2_3_CONDICIONAL,ACEITE_CONDICIONAL_DECIL_INTERMEDIARIO,Aceite Condicional Decil Intermediario (+7.5% premio).,7.5,False,10000.0,10750.0,750.0,0.0,C,G,BAIXISSIMA,0.0,0.0
CNPJ_003659,0.0,0.1005,6,APROVADO,RGR_R04_DECIL4_10_APROVADO,APROVADO_AUTOMATICO_BAIXO_RISCO,Aprovacao Automatica: Risco dentro do apetite da seguradora.,0.0,False,10000.0,10000.0,0.0,0.0,C,I,ALTA,4.0,0.0
CNPJ_003660,0.0,0.0937,7,APROVADO,RGR_R04_DECIL4_10_APROVADO,APROVADO_AUTOMATICO_BAIXO_RISCO,Aprovacao Automatica: Risco dentro do apetite da seguradora.,0.0,False,10000.0,10000.0,0.0,0.0,F,F,ALTISSIMA,0.0,0.0
CNPJ_003661,0.0,0.0977,6,APROVADO,RGR_R04_DECIL4_10_APROVADO,APROVADO_AUTOMATICO_BAIXO_RISCO,Aprovacao Automatica: Risco dentro do apetite da seguradora.,0.0,False,10000.0,10000.0,0.0,0.0,K,H,ALTISSIMA,14.0,0.0
CNPJ_003662,0.0,0.1059,5,APROVADO,RGR_R04_DECIL4_10_APROVADO,APROVADO_AUTOMATICO_BAIXO_RISCO,Aprovacao Automatica: Risco dentro do apetite da seguradora.,0.0,False,10000.0,10000.0,0.0,0.0,J,D,MEDIA,0.0,0.0
CNPJ_003663,0.0,0.1726,1,ACEITO_COM_CONDICAO,RGR_R01_DECIL1_RESGATE_COM_RASTREADOR,RECUPERACAO_COMERCIAL_D1,"Aceite Condicional Decil 1: Perfil de score alto risco, porem mitigado por baixo passivo judicial e geografia favoravel.",15.0,True,10000.0,11500.0,1500.0,0.0,N,,BAIXISSIMA,0.0,
CNPJ_003664,0.0,0.0734,10,APROVADO,RGR_R04_DECIL4_10_APROVADO,APROVADO_AUTOMATICO_BAIXO_RISCO,Aprovacao Automatica: Risco dentro do apetite da seguradora.,0.0,False,10000.0,10000.0,0.0,0.0,G,G,ALTA,25.0,0.0
CNPJ_003665,0.0,0.0891,8,APROVADO,RGR_R04_DECIL4_10_APROVADO,APROVADO_AUTOMATICO_BAIXO_RISCO,Aprovacao Automatica: Risco dentro do apetite da seguradora.,0.0,False,10000.0,10000.0,0.0,0.0,F,F,ALTA,2.0,0.0
CNPJ_003666,0.0,0.0916,8,APROVADO,RGR_R04_DECIL4_10_APROVADO,APROVADO_AUTOMATICO_BAIXO_RISCO,Aprovacao Automatica: Risco dentro do apetite da seguradora.,0.0,False,10000.0,10000.0,0.0,0.0,G,G,BAIXISSIMA,3.0,1.0
CNPJ_003667,0.0,0.1088,4,APROVADO,RGR_R04_DECIL4_10_APROVADO,APROVADO_AUTOMATICO_BAIXO_RISCO,Aprovacao Automatica: Risco dentro do apetite da seguradora.,0.0,False,10000.0,10000.0,0.0,0.0,C,C,ALTA,0.0,0.0
CNPJ_003668,0.0,0.0931,7,APROVADO,RGR_R04_DECIL4_10_APROVADO,APROVADO_AUTOMATICO_BAIXO_RISCO,Aprovacao Automatica: Risco dentro do apetite da seguradora.,0.0,False,10000.0,10000.0,0.0,0.0,G,E,ALTA,0.0,0.0
CNPJ_003669,0.0,0.0709,10,APROVADO,RGR_R04_DECIL4_10_APROVADO,APROVADO_AUTOMATICO_BAIXO_RISCO,Aprovacao Automatica: Risco dentro do apetite da seguradora.,0.0,False,10000.0,10000.0,0.0,0.0,,,,,
CNPJ_003670,0.0,0.119,3,ACEITO_COM_CONDICAO,RGR_R03_DECIL2_3_CONDICIONAL,ACEITE_CONDICIONAL_DECIL_INTERMEDIARIO,Aceite Condicional Decil Intermediario (+7.5% premio).,7.5,False,10000.0,10750.0,750.0,0.0,G,,ALTISSIMA,0.0,0.0
CNPJ_003671,0.0,0.0896,8,APROVADO,RGR_R04_DECIL4_10_APROVADO,APROVADO_AUTOMATICO_BAIXO_RISCO,Aprovacao Automatica: Risco dentro do apetite da seguradora.,0.0,False,10000.0,10000.0,0.0,0.0,C,D,BAIXISSIMA,0.0,0.0
CNPJ_003672,0.0,0.1143,3,ACEITO_COM_CONDICAO,RGR_R03_DECIL2_3_CONDICIONAL,ACEITE_CONDICIONAL_DECIL_INTERMEDIARIO,Aceite Condicional Decil Intermediario (+7.5% premio).,7.5,False,10000.0,10750.0,750.0,0.0,G,D,BAIXISSIMA,0.0,0.0
CNPJ_003673,0.0,0.099,6,APROVADO,RGR_R04_DECIL4_10_APROVADO,APROVADO_AUTOMATICO_BAIXO_RISCO,Aprovacao Automatica: Risco dentro do apetite da seguradora.,0.0,False,10000.0,10000.0,0.0,0.0,G,,MEDIA,0.0,0.0
CNPJ_003674,0.0,0.0708,10,APROVADO,RGR_R04_DECIL4_10_APROVADO,APROVADO_AUTOMATICO_BAIXO_RISCO,Aprovacao Automatica: Risco dentro do apetite da seguradora.,0.0,False,10000.0,10000.0,0.0,0.0,G,H,BAIXISSIMA,6.0,0.0
CNPJ_003675,0.0,0.0749,10,APROVADO,RGR_R04_DECIL4_10_APROVADO,APROVADO_AUTOMATICO_BAIXO_RISCO,Aprovacao Automatica: Risco dentro do apetite da seguradora.,0.0,False,10000.0,10000.0,0.0,0.0,N,J,ALTA,17.0,0.0
CNPJ_003676,0.0,0.0688,10,RECUSADO,RGR_K02_EXCESSO_PROCESSOS_JUDICIAIS,K02_JUDICIAL_EXTREMO,Recusa Sumaria: Elevado passivo judicial (> 100 processos como requerido).,0.0,False,10000.0,0.0,0.0,0.0,C,J,ALTA,126.0,0.0
CNPJ_003677,0.0,0.1193,3,ACEITO_COM_CONDICAO,RGR_R03_DECIL2_3_CONDICIONAL,ACEITE_CONDICIONAL_DECIL_INTERMEDIARIO,Aceite Condicional Decil Intermediario (+7.5% premio).,7.5,False,10000.0,10750.0,750.0,0.0,G,D,BAIXISSIMA,1.0,0.0
CNPJ_003678,0.0,0.1048,5,APROVADO,RGR_R04_DECIL4_10_APROVADO,APROVADO_AUTOMATICO_BAIXO_RISCO,Aprovacao Automatica: Risco dentro do apetite da seguradora.,0.0,False,10000.0,10000.0,0.0,0.0,G,A,BAIXISSIMA,0.0,0.0
CNPJ_003679,0.0,0.1388,2,ACEITO_COM_CONDICAO,RGR_R03_DECIL2_3_CONDICIONAL,ACEITE_CONDICIONAL_DECIL_INTERMEDIARIO,Aceite Condicional Decil Intermediario (+7.5% premio).,7.5,False,10000.0,10750.0,750.0,0.0,S,EMPRESA_ISENTA,BAIXISSIMA,0.0,1.0
CNPJ_003680,0.0,0.1116,4,APROVADO,RGR_R04_DECIL4_10_APROVADO,APROVADO_AUTOMATICO_BAIXO_RISCO,Aprovacao Automatica: Risco dentro do apetite da seguradora.,0.0,False,10000.0,10000.0,0.0,0.0,G,J,ALTA,14.0,0.0
CNPJ_003681,0.0,0.1084,4,APROVADO,RGR_R04_DECIL4_10_APROVADO,APROVADO_AUTOMATICO_BAIXO_RISCO,Aprovacao Automatica: Risco dentro do apetite da seguradora.,0.0,False,10000.0,10000.0,0.0,0.0,G,,BAIXISSIMA,0.0,0.0
CNPJ_003682,0.0,0.0829,9,APROVADO,RGR_R04_DECIL4_10_APROVADO,APROVADO_AUTOMATICO_BAIXO_RISCO,Aprovacao Automatica: Risco dentro do apetite da seguradora.,0.0,False,10000.0,10000.0,0.0,0.0,C,I,ALTISSIMA,5.0,0.0
CNPJ_003683,0.0,0.0969,7,APROVADO,RGR_R04_DECIL4_10_APROVADO,APROVADO_AUTOMATICO_BAIXO_RISCO,Aprovacao Automatica: Risco dentro do apetite da seguradora.,0.0,False,10000.0,10000.0,0.0,0.0,C,C,BAIXISSIMA,0.0,0.0
CNPJ_003684,0.0,0.1099,4,APROVADO,RGR_R04_DECIL4_10_APROVADO,APROVADO_AUTOMATICO_BAIXO_RISCO,Aprovacao Automatica: Risco dentro do apetite da seguradora.,0.0,False,10000.0,10000.0,0.0,0.0,C,,ALTA,0.0,0.0
CNPJ_003685,0.0,0.1033,5,APROVADO,RGR_R04_DECIL4_10_APROVADO,APROVADO_AUTOMATICO_BAIXO_RISCO,Aprovacao Automatica: Risco dentro do apetite da seguradora.,0.0,False,10000.0,10000.0,0.0,0.0,C,J,BAIXISSIMA,1.0,0.0
CNPJ_003686,0.0,0.0947,7,APROVADO,RGR_R04_DECIL4_10_APROVADO,APROVADO_AUTOMATICO_BAIXO_RISCO,Aprovacao Automatica: Risco dentro do apetite da seguradora.,0.0,False,10000.0,10000.0,0.0,0.0,G,F,BAIXISSIMA,1.0,0.0
CNPJ_003687,0.0,0.0709,10,APROVADO,RGR_R04_DECIL4_10_APROVADO,APROVADO_AUTOMATICO_BAIXO_RISCO,Aprovacao Automatica: Risco dentro do apetite da seguradora.,0.0,False,10000.0,10000.0,0.0,0.0,,,,,
CNPJ_003688,0.0,0.2154,1,RECUSADO,RGR_R02_DECIL1_RECUSA_PADRAO,DECIL1_ALTO_RISCO_SEM_MITIGACAO,Recusa por Decil 1 de Risco sem criterios para resgate comercial.,0.0,False,10000.0,0.0,0.0,0.0,H,I,BAIXISSIMA,15.0,0.0
CNPJ_003689,0.0,0.1145,3,ACEITO_COM_CONDICAO,RGR_R03_DECIL2_3_CONDICIONAL,ACEITE_CONDICIONAL_DECIL_INTERMEDIARIO,Aceite Condicional Decil Intermediario (+7.5% premio).,7.5,False,10000.0,10750.0,750.0,0.0,C,A,ALTA,0.0,0.0
CNPJ_003690,0.0,0.1202,3,ACEITO_COM_CONDICAO,RGR_R03_DECIL2_3_CONDICIONAL,ACEITE_CONDICIONAL_DECIL_INTERMEDIARIO,Aceite Condicional Decil Intermediario (+7.5% premio).,7.5,False,10000.0,10750.0,750.0,0.0,G,F,BAIXISSIMA,2.0,0.0
CNPJ_003691,0.0,0.0814,9,APROVADO,RGR_R04_DECIL4_10_APROVADO,APROVADO_AUTOMATICO_BAIXO_RISCO,Aprovacao Automatica: Risco dentro do apetite da seguradora.,0.0,False,10000.0,10000.0,0.0,0.0,G,G,ALTA,8.0,0.0
CNPJ_003692,0.0,0.0994,6,APROVADO,RGR_R04_DECIL4_10_APROVADO,APROVADO_AUTOMATICO_BAIXO_RISCO,Aprovacao Automatica: Risco dentro do apetite da seguradora.,0.0,False,10000.0,10000.0,0.0,0.0,H,D,BAIXISSIMA,0.0,0.0
CNPJ_003693,0.0,0.1008,6,APROVADO,RGR_R04_DECIL4_10_APROVADO,APROVADO_AUTOMATICO_BAIXO_RISCO,Aprovacao Automatica: Risco dentro do apetite da seguradora.,0.0,False,10000.0,10000.0,0.0,0.0,C,H,BAIXISSIMA,0.0,0.0
CNPJ_003694,0.0,0.1198,3,ACEITO_COM_CONDICAO,RGR_R03_DECIL2_3_CONDICIONAL,ACEITE_CONDICIONAL_DECIL_INTERMEDIARIO,Aceite Condicional Decil Intermediario (+7.5% premio).,7.5,False,10000.0,10750.0,750.0,0.0,G,D,BAIXISSIMA,0.0,0.0
CNPJ_003695,0.0,0.1036,5,APROVADO,RGR_R04_DECIL4_10_APROVADO,APROVADO_AUTOMATICO_BAIXO_RISCO,Aprovacao Automatica: Risco dentro do apetite da seguradora.,0.0,False,10000.0,10000.0,0.0,0.0,G,D,ALTISSIMA,0.0,0.0
CNPJ_003696,0.0,0.1034,5,APROVADO,RGR_R04_DECIL4_10_APROVADO,APROVADO_AUTOMATICO_BAIXO_RISCO,Aprovacao Automatica: Risco dentro do apetite da seguradora.,0.0,False,10000.0,10000.0,0.0,0.0,H,C,ALTA,0.0,0.0
CNPJ_003697,0.0,0.0988,6,APROVADO,RGR_R04_DECIL4_10_APROVADO,APROVADO_AUTOMATICO_BAIXO_RISCO,Aprovacao Automatica: Risco dentro do apetite da seguradora.,0.0,False,10000.0,10000.0,0.0,0.0,H,F,ALTA,2.0,0.0
CNPJ_003698,0.0,0.08,9,RECUSADO,RGR_K01_RISCO_LIDERANCA_AREA_CRITICA,K01_LIDERANCA_AREA_CRITICA,Recusa Sumaria: Risco de lideranca detectado em area de concentracao altissima de sinistro.,0.0,False,10000.0,0.0,0.0,0.0,G,H,ALTISSIMA,84.0,1.0
CNPJ_003699,0.0,0.109,4,APROVADO,RGR_R04_DECIL4_10_APROVADO,APROVADO_AUTOMATICO_BAIXO_RISCO,Aprovacao Automatica: Risco dentro do apetite da seguradora.,0.0,False,10000.0,10000.0,0.0,0.0,F,C,BAIXISSIMA,0.0,0.0
CNPJ_003700,0.0,0.0985,6,APROVADO,RGR_R04_DECIL4_10_APROVADO,APROVADO_AUTOMATICO_BAIXO_RISCO,Aprovacao Automatica: Risco dentro do apetite da seguradora.,0.0,False,10000.0,10000.0,0.0,0.0,S,EMPRESA_ISENTA,ALTISSIMA,3.0,
CNPJ_003701,0.0,0.0798,9,APROVADO,RGR_R04_DECIL4_10_APROVADO,APROVADO_AUTOMATICO_BAIXO_RISCO,Aprovacao Automatica: Risco dentro do apetite da seguradora.,0.0,False,10000.0,10000.0,0.0,0.0,C,J,ALTA,66.0,0.0
CNPJ_003702,0.0,0.0767,10,APROVADO,RGR_R04_DECIL4_10_APROVADO,APROVADO_AUTOMATICO_BAIXO_RISCO,Aprovacao Automatica: Risco dentro do apetite da seguradora.,0.0,False,10000.0,10000.0,0.0,0.0,C,D,ALTISSIMA,0.0,0.0
CNPJ_003703,0.0,0.132,2,ACEITO_COM_CONDICAO,RGR_R03_DECIL2_3_CONDICIONAL,ACEITE_CONDICIONAL_DECIL_INTERMEDIARIO,Aceite Condicional Decil Intermediario (+7.5% premio).,7.5,False,10000.0,10750.0,750.0,0.0,G,B,BAIXISSIMA,0.0,0.0
CNPJ_003704,0.0,0.1126,4,APROVADO,RGR_R04_DECIL4_10_APROVADO,APROVADO_AUTOMATICO_BAIXO_RISCO,Aprovacao Automatica: Risco dentro do apetite da seguradora.,0.0,False,10000.0,10000.0,0.0,0.0,G,D,BAIXISSIMA,0.0,0.0
CNPJ_003705,0.0,0.1138,3,ACEITO_COM_CONDICAO,RGR_R03_DECIL2_3_CONDICIONAL,ACEITE_CONDICIONAL_DECIL_INTERMEDIARIO,Aceite Condicional Decil Intermediario (+7.5% premio).,7.5,False,10000.0,10750.0,750.0,0.0,G,,BAIXISSIMA,0.0,0.0
CNPJ_003706,0.0,0.0887,8,APROVADO,RGR_R04_DECIL4_10_APROVADO,APROVADO_AUTOMATICO_BAIXO_RISCO,Aprovacao Automatica: Risco dentro do apetite da seguradora.,0.0,False,10000.0,10000.0,0.0,0.0,C,H,BAIXISSIMA,63.0,0.0
CNPJ_003707,0.0,0.1085,4,APROVADO,RGR_R04_DECIL4_10_APROVADO,APROVADO_AUTOMATICO_BAIXO_RISCO,Aprovacao Automatica: Risco dentro do apetite da seguradora.,0.0,False,10000.0,10000.0,0.0,0.0,J,H,ALTA,0.0,0.0
CNPJ_003708,0.0,0.1115,4,APROVADO,RGR_R04_DECIL4_10_APROVADO,APROVADO_AUTOMATICO_BAIXO_RISCO,Aprovacao Automatica: Risco dentro do apetite da seguradora.,0.0,False,10000.0,10000.0,0.0,0.0,G,B,ALTISSIMA,0.0,0.0
CNPJ_003709,0.0,0.0753,10,RECUSADO,RGR_K02_EXCESSO_PROCESSOS_JUDICIAIS,K02_JUDICIAL_EXTREMO,Recusa Sumaria: Elevado passivo judicial (> 100 processos como requerido).,0.0,False,10000.0,0.0,0.0,0.0,G,H,MEDIA,105.0,0.0
CNPJ_003710,0.0,0.0945,7,APROVADO,RGR_R04_DECIL4_10_APROVADO,APROVADO_AUTOMATICO_BAIXO_RISCO,Aprovacao Automatica: Risco dentro do apetite da seguradora.,0.0,False,10000.0,10000.0,0.0,0.0,F,,MEDIA,1.0,0.0
CNPJ_003711,0.0,0.1049,5,APROVADO,RGR_R04_DECIL4_10_APROVADO,APROVADO_AUTOMATICO_BAIXO_RISCO,Aprovacao Automatica: Risco dentro do apetite da seguradora.,0.0,False,10000.0,10000.0,0.0,0.0,G,H,BAIXISSIMA,0.0,0.0
CNPJ_003712,0.0,0.0688,10,RECUSADO,RGR_K02_EXCESSO_PROCESSOS_JUDICIAIS,K02_JUDICIAL_EXTREMO,Recusa Sumaria: Elevado passivo judicial (> 100 processos como requerido).,0.0,False,10000.0,0.0,0.0,0.0,C,J,ALTA,126.0,0.0
CNPJ_003713,0.0,0.1183,3,ACEITO_COM_CONDICAO,RGR_R03_DECIL2_3_CONDICIONAL,ACEITE_CONDICIONAL_DECIL_INTERMEDIARIO,Aceite Condicional Decil Intermediario (+7.5% premio).,7.5,False,10000.0,10750.0,750.0,0.0,G,D,,0.0,0.0
CNPJ_003714,0.0,0.2142,1,RECUSADO,RGR_R02_DECIL1_RECUSA_PADRAO,DECIL1_ALTO_RISCO_SEM_MITIGACAO,Recusa por Decil 1 de Risco sem criterios para resgate comercial.,0.0,False,10000.0,0.0,0.0,0.0,H,E,ALTA,1.0,0.0
CNPJ_003715,0.0,0.0825,9,RECUSADO,RGR_K01_RISCO_LIDERANCA_AREA_CRITICA,K01_LIDERANCA_AREA_CRITICA,Recusa Sumaria: Risco de lideranca detectado em area de concentracao altissima de sinistro.,0.0,False,10000.0,0.0,0.0,0.0,G,J,ALTISSIMA,20104.0,1.0
CNPJ_003716,0.0,0.1135,3,ACEITO_COM_CONDICAO,RGR_R03_DECIL2_3_CONDICIONAL,ACEITE_CONDICIONAL_DECIL_INTERMEDIARIO,Aceite Condicional Decil Intermediario (+7.5% premio).,7.5,False,10000.0,10750.0,750.0,0.0,G,,BAIXISSIMA,0.0,0.0
CNPJ_003717,0.0,0.0932,7,APROVADO,RGR_R04_DECIL4_10_APROVADO,APROVADO_AUTOMATICO_BAIXO_RISCO,Aprovacao Automatica: Risco dentro do apetite da seguradora.,0.0,False,10000.0,10000.0,0.0,0.0,J,B,ALTA,0.0,0.0
CNPJ_003718,0.0,0.1072,5,APROVADO,RGR_R04_DECIL4_10_APROVADO,APROVADO_AUTOMATICO_BAIXO_RISCO,Aprovacao Automatica: Risco dentro do apetite da seguradora.,0.0,False,10000.0,10000.0,0.0,0.0,C,I,BAIXISSIMA,1.0,0.0
CNPJ_003719,0.0,0.1168,3,ACEITO_COM_CONDICAO,RGR_R03_DECIL2_3_CONDICIONAL,ACEITE_CONDICIONAL_DECIL_INTERMEDIARIO,Aceite Condicional Decil Intermediario (+7.5% premio).,7.5,False,10000.0,10750.0,750.0,0.0,J,G,ALTA,0.0,0.0
CNPJ_003720,0.0,0.1026,5,APROVADO,RGR_R04_DECIL4_10_APROVADO,APROVADO_AUTOMATICO_BAIXO_RISCO,Aprovacao Automatica: Risco dentro do apetite da seguradora.,0.0,False,10000.0,10000.0,0.0,0.0,J,G,ALTA,1.0,0.0
CNPJ_003721,0.0,0.184,1,RECUSADO,RGR_R02_DECIL1_RECUSA_PADRAO,DECIL1_ALTO_RISCO_SEM_MITIGACAO,Recusa por Decil 1 de Risco sem criterios para resgate comercial.,0.0,False,10000.0,0.0,0.0,0.0,H,I,BAIXISSIMA,15.0,0.0
CNPJ_003722,0.0,0.1063,5,APROVADO,RGR_R04_DECIL4_10_APROVADO,APROVADO_AUTOMATICO_BAIXO_RISCO,Aprovacao Automatica: Risco dentro do apetite da seguradora.,0.0,False,10000.0,10000.0,0.0,0.0,S,D,ALTISSIMA,0.0,0.0
CNPJ_003723,0.0,0.08,9,APROVADO,RGR_R04_DECIL4_10_APROVADO,APROVADO_AUTOMATICO_BAIXO_RISCO,Aprovacao Automatica: Risco dentro do apetite da seguradora.,0.0,False,10000.0,10000.0,0.0,0.0,H,A,BAIXISSIMA,0.0,0.0
CNPJ_003724,0.0,0.1071,5,APROVADO,RGR_R04_DECIL4_10_APROVADO,APROVADO_AUTOMATICO_BAIXO_RISCO,Aprovacao Automatica: Risco dentro do apetite da seguradora.,0.0,False,10000.0,10000.0,0.0,0.0,F,,ALTA,0.0,0.0
CNPJ_003725,0.0,0.1313,2,ACEITO_COM_CONDICAO,RGR_R03_DECIL2_3_CONDICIONAL,ACEITE_CONDICIONAL_DECIL_INTERMEDIARIO,Aceite Condicional Decil Intermediario (+7.5% premio).,7.5,False,10000.0,10750.0,750.0,0.0,C,H,BAIXISSIMA,3.0,0.0
CNPJ_003726,0.0,0.2142,1,RECUSADO,RGR_R02_DECIL1_RECUSA_PADRAO,DECIL1_ALTO_RISCO_SEM_MITIGACAO,Recusa por Decil 1 de Risco sem criterios para resgate comercial.,0.0,False,10000.0,0.0,0.0,0.0,H,E,ALTA,1.0,0.0
CNPJ_003727,0.0,0.0912,8,APROVADO,RGR_R04_DECIL4_10_APROVADO,APROVADO_AUTOMATICO_BAIXO_RISCO,Aprovacao Automatica: Risco dentro do apetite da seguradora.,0.0,False,10000.0,10000.0,0.0,0.0,C,J,BAIXISSIMA,66.0,0.0
CNPJ_003728,0.0,0.1039,5,APROVADO,RGR_R04_DECIL4_10_APROVADO,APROVADO_AUTOMATICO_BAIXO_RISCO,Aprovacao Automatica: Risco dentro do apetite da seguradora.,0.0,False,10000.0,10000.0,0.0,0.0,H,F,,5.0,0.0
CNPJ_003729,0.0,0.1051,5,APROVADO,RGR_R04_DECIL4_10_APROVADO,APROVADO_AUTOMATICO_BAIXO_RISCO,Aprovacao Automatica: Risco dentro do apetite da seguradora.,0.0,False,10000.0,10000.0,0.0,0.0,G,,ALTA,0.0,0.0
CNPJ_003730,0.0,0.1031,5,APROVADO,RGR_R04_DECIL4_10_APROVADO,APROVADO_AUTOMATICO_BAIXO_RISCO,Aprovacao Automatica: Risco dentro do apetite da seguradora.,0.0,False,10000.0,10000.0,0.0,0.0,C,G,BAIXISSIMA,0.0,0.0
CNPJ_003731,0.0,0.0837,9,APROVADO,RGR_R04_DECIL4_10_APROVADO,APROVADO_AUTOMATICO_BAIXO_RISCO,Aprovacao Automatica: Risco dentro do apetite da seguradora.,0.0,False,10000.0,10000.0,0.0,0.0,C,,ALTISSIMA,0.0,0.0
CNPJ_003732,0.0,0.108,4,APROVADO,RGR_R04_DECIL4_10_APROVADO,APROVADO_AUTOMATICO_BAIXO_RISCO,Aprovacao Automatica: Risco dentro do apetite da seguradora.,0.0,False,10000.0,10000.0,0.0,0.0,G,C,ALTA,0.0,0.0
CNPJ_003733,0.0,0.09,8,APROVADO,RGR_R04_DECIL4_10_APROVADO,APROVADO_AUTOMATICO_BAIXO_RISCO,Aprovacao Automatica: Risco dentro do apetite da seguradora.,0.0,False,10000.0,10000.0,0.0,0.0,K,E,ALTISSIMA,13.0,0.0
CNPJ_003734,0.0,0.1103,4,APROVADO,RGR_R04_DECIL4_10_APROVADO,APROVADO_AUTOMATICO_BAIXO_RISCO,Aprovacao Automatica: Risco dentro do apetite da seguradora.,0.0,False,10000.0,10000.0,0.0,0.0,G,J,ALTA,1.0,0.0
CNPJ_003735,0.0,0.1085,4,APROVADO,RGR_R04_DECIL4_10_APROVADO,APROVADO_AUTOMATICO_BAIXO_RISCO,Aprovacao Automatica: Risco dentro do apetite da seguradora.,0.0,False,10000.0,10000.0,0.0,0.0,G,D,BAIXISSIMA,0.0,
CNPJ_003736,0.0,0.1082,4,APROVADO,RGR_R04_DECIL4_10_APROVADO,APROVADO_AUTOMATICO_BAIXO_RISCO,Aprovacao Automatica: Risco dentro do apetite da seguradora.,0.0,False,10000.0,10000.0,0.0,0.0,C,G,ALTA,2.0,0.0
CNPJ_003737,0.0,0.1068,5,RECUSADO,RGR_K02_EXCESSO_PROCESSOS_JUDICIAIS,K02_JUDICIAL_EXTREMO,Recusa Sumaria: Elevado passivo judicial (> 100 processos como requerido).,0.0,False,10000.0,0.0,0.0,0.0,G,J,BAIXISSIMA,212.0,0.0
CNPJ_003738,0.0,0.1097,4,APROVADO,RGR_R04_DECIL4_10_APROVADO,APROVADO_AUTOMATICO_BAIXO_RISCO,Aprovacao Automatica: Risco dentro do apetite da seguradora.,0.0,False,10000.0,10000.0,0.0,0.0,M,D,ALTA,0.0,0.0
CNPJ_003739,0.0,0.0692,10,APROVADO,RGR_R04_DECIL4_10_APROVADO,APROVADO_AUTOMATICO_BAIXO_RISCO,Aprovacao Automatica: Risco dentro do apetite da seguradora.,0.0,False,10000.0,10000.0,0.0,0.0,L,B,ALTA,0.0,0.0
CNPJ_003740,0.0,0.0997,6,APROVADO,RGR_R04_DECIL4_10_APROVADO,APROVADO_AUTOMATICO_BAIXO_RISCO,Aprovacao Automatica: Risco dentro do apetite da seguradora.,0.0,False,10000.0,10000.0,0.0,0.0,G,G,ALTA,1.0,0.0
CNPJ_003741,0.0,0.1936,1,ACEITO_COM_CONDICAO,RGR_R01_DECIL1_RESGATE_COM_RASTREADOR,RECUPERACAO_COMERCIAL_D1,"Aceite Condicional Decil 1: Perfil de score alto risco, porem mitigado por baixo passivo judicial e geografia favoravel.",15.0,True,10000.0,11500.0,1500.0,0.0,H,,BAIXISSIMA,0.0,0.0
CNPJ_003742,0.0,0.1192,3,ACEITO_COM_CONDICAO,RGR_R03_DECIL2_3_CONDICIONAL,ACEITE_CONDICIONAL_DECIL_INTERMEDIARIO,Aceite Condicional Decil Intermediario (+7.5% premio).,7.5,False,10000.0,10750.0,750.0,0.0,P,EMPRESA_ISENTA,ALTISSIMA,2.0,0.0
CNPJ_003743,0.0,0.0844,9,APROVADO,RGR_R04_DECIL4_10_APROVADO,APROVADO_AUTOMATICO_BAIXO_RISCO,Aprovacao Automatica: Risco dentro do apetite da seguradora.,0.0,False,10000.0,10000.0,0.0,0.0,H,D,BAIXISSIMA,1.0,0.0
CNPJ_003744,0.0,0.1126,4,APROVADO,RGR_R04_DECIL4_10_APROVADO,APROVADO_AUTOMATICO_BAIXO_RISCO,Aprovacao Automatica: Risco dentro do apetite da seguradora.,0.0,False,10000.0,10000.0,0.0,0.0,C,B,ALTA,1.0,1.0
CNPJ_003745,0.0,0.2034,1,ACEITO_COM_CONDICAO,RGR_R01_DECIL1_RESGATE_COM_RASTREADOR,RECUPERACAO_COMERCIAL_D1,"Aceite Condicional Decil 1: Perfil de score alto risco, porem mitigado por baixo passivo judicial e geografia favoravel.",15.0,True,10000.0,11500.0,1500.0,0.0,H,G,BAIXISSIMA,3.0,0.0
CNPJ_003746,0.0,0.0983,6,APROVADO,RGR_R04_DECIL4_10_APROVADO,APROVADO_AUTOMATICO_BAIXO_RISCO,Aprovacao Automatica: Risco dentro do apetite da seguradora.,0.0,False,10000.0,10000.0,0.0,0.0,H,E,BAIXISSIMA,0.0,0.0
CNPJ_003747,0.0,0.186,1,RECUSADO,RGR_R02_DECIL1_RECUSA_PADRAO,DECIL1_ALTO_RISCO_SEM_MITIGACAO,Recusa por Decil 1 de Risco sem criterios para resgate comercial.,0.0,False,10000.0,0.0,0.0,0.0,H,F,ALTA,0.0,0.0
CNPJ_003748,0.0,0.2041,1,ACEITO_COM_CONDICAO,RGR_R01_DECIL1_RESGATE_COM_RASTREADOR,RECUPERACAO_COMERCIAL_D1,"Aceite Condicional Decil 1: Perfil de score alto risco, porem mitigado por baixo passivo judicial e geografia favoravel.",15.0,True,10000.0,11500.0,1500.0,0.0,H,E,BAIXISSIMA,1.0,0.0
CNPJ_003749,0.0,0.1048,5,APROVADO,RGR_R04_DECIL4_10_APROVADO,APROVADO_AUTOMATICO_BAIXO_RISCO,Aprovacao Automatica: Risco dentro do apetite da seguradora.,0.0,False,10000.0,10000.0,0.0,0.0,C,G,ALTA,0.0,0.0
CNPJ_003750,0.0,0.0683,10,APROVADO,RGR_R04_DECIL4_10_APROVADO,APROVADO_AUTOMATICO_BAIXO_RISCO,Aprovacao Automatica: Risco dentro do apetite da seguradora.,0.0,False,10000.0,10000.0,0.0,0.0,F,I,MEDIA,98.0,0.0
CNPJ_003751,0.0,0.1276,2,ACEITO_COM_CONDICAO,RGR_R03_DECIL2_3_CONDICIONAL,ACEITE_CONDICIONAL_DECIL_INTERMEDIARIO,Aceite Condicional Decil Intermediario (+7.5% premio).,7.5,False,10000.0,10750.0,750.0,0.0,G,C,BAIXISSIMA,1.0,0.0
CNPJ_003752,0.0,0.1224,2,ACEITO_COM_CONDICAO,RGR_R03_DECIL2_3_CONDICIONAL,ACEITE_CONDICIONAL_DECIL_INTERMEDIARIO,Aceite Condicional Decil Intermediario (+7.5% premio).,7.5,False,10000.0,10750.0,750.0,0.0,M,A,ALTA,0.0,0.0
CNPJ_003753,0.0,0.1061,5,APROVADO,RGR_R04_DECIL4_10_APROVADO,APROVADO_AUTOMATICO_BAIXO_RISCO,Aprovacao Automatica: Risco dentro do apetite da seguradora.,0.0,False,10000.0,10000.0,0.0,0.0,L,E,ALTISSIMA,0.0,0.0
CNPJ_003754,0.0,0.1097,4,APROVADO,RGR_R04_DECIL4_10_APROVADO,APROVADO_AUTOMATICO_BAIXO_RISCO,Aprovacao Automatica: Risco dentro do apetite da seguradora.,0.0,False,10000.0,10000.0,0.0,0.0,G,F,BAIXISSIMA,1.0,0.0
CNPJ_003755,0.0,0.1172,3,ACEITO_COM_CONDICAO,RGR_R03_DECIL2_3_CONDICIONAL,ACEITE_CONDICIONAL_DECIL_INTERMEDIARIO,Aceite Condicional Decil Intermediario (+7.5% premio).,7.5,False,10000.0,10750.0,750.0,0.0,J,F,ALTA,3.0,0.0
CNPJ_003756,0.0,0.0901,8,APROVADO,RGR_R04_DECIL4_10_APROVADO,APROVADO_AUTOMATICO_BAIXO_RISCO,Aprovacao Automatica: Risco dentro do apetite da seguradora.,0.0,False,10000.0,10000.0,0.0,0.0,G,D,ALTISSIMA,1.0,0.0
CNPJ_003757,0.0,0.0986,6,APROVADO,RGR_R04_DECIL4_10_APROVADO,APROVADO_AUTOMATICO_BAIXO_RISCO,Aprovacao Automatica: Risco dentro do apetite da seguradora.,0.0,False,10000.0,10000.0,0.0,0.0,E,D,ALTA,0.0,0.0
CNPJ_003758,0.0,0.1021,6,APROVADO,RGR_R04_DECIL4_10_APROVADO,APROVADO_AUTOMATICO_BAIXO_RISCO,Aprovacao Automatica: Risco dentro do apetite da seguradora.,0.0,False,10000.0,10000.0,0.0,0.0,H,J,MEDIA,20.0,0.0
CNPJ_003759,0.0,0.105,5,APROVADO,RGR_R04_DECIL4_10_APROVADO,APROVADO_AUTOMATICO_BAIXO_RISCO,Aprovacao Automatica: Risco dentro do apetite da seguradora.,0.0,False,10000.0,10000.0,0.0,0.0,G,F,BAIXISSIMA,0.0,0.0
CNPJ_003760,0.0,0.0956,7,APROVADO,RGR_R04_DECIL4_10_APROVADO,APROVADO_AUTOMATICO_BAIXO_RISCO,Aprovacao Automatica: Risco dentro do apetite da seguradora.,0.0,False,10000.0,10000.0,0.0,0.0,H,H,BAIXISSIMA,6.0,0.0
CNPJ_003761,0.0,0.1118,4,APROVADO,RGR_R04_DECIL4_10_APROVADO,APROVADO_AUTOMATICO_BAIXO_RISCO,Aprovacao Automatica: Risco dentro do apetite da seguradora.,0.0,False,10000.0,10000.0,0.0,0.0,G,G,BAIXISSIMA,0.0,0.0
CNPJ_003762,0.0,0.1202,3,RECUSADO,RGR_K02_EXCESSO_PROCESSOS_JUDICIAIS,K02_JUDICIAL_EXTREMO,Recusa Sumaria: Elevado passivo judicial (> 100 processos como requerido).,0.0,False,10000.0,0.0,0.0,0.0,P,EMPRESA_ISENTA,ALTISSIMA,123.0,
CNPJ_003763,0.0,0.12,3,ACEITO_COM_CONDICAO,RGR_R03_DECIL2_3_CONDICIONAL,ACEITE_CONDICIONAL_DECIL_INTERMEDIARIO,Aceite Condicional Decil Intermediario (+7.5% premio).,7.5,False,10000.0,10750.0,750.0,0.0,G,D,ALTA,0.0,0.0
CNPJ_003764,0.0,0.0657,10,APROVADO,RGR_R04_DECIL4_10_APROVADO,APROVADO_AUTOMATICO_BAIXO_RISCO,Aprovacao Automatica: Risco dentro do apetite da seguradora.,0.0,False,10000.0,10000.0,0.0,0.0,H,A,ALTA,0.0,1.0
CNPJ_003765,0.0,0.1021,6,APROVADO,RGR_R04_DECIL4_10_APROVADO,APROVADO_AUTOMATICO_BAIXO_RISCO,Aprovacao Automatica: Risco dentro do apetite da seguradora.,0.0,False,10000.0,10000.0,0.0,0.0,C,E,ALTA,0.0,0.0
CNPJ_003766,0.0,0.2001,1,RECUSADO,RGR_R02_DECIL1_RECUSA_PADRAO,DECIL1_ALTO_RISCO_SEM_MITIGACAO,Recusa por Decil 1 de Risco sem criterios para resgate comercial.,0.0,False,10000.0,0.0,0.0,0.0,I,B,ALTA,0.0,0.0
CNPJ_003767,0.0,0.0646,10,RECUSADO,RGR_K02_EXCESSO_PROCESSOS_JUDICIAIS,K02_JUDICIAL_EXTREMO,Recusa Sumaria: Elevado passivo judicial (> 100 processos como requerido).,0.0,False,10000.0,0.0,0.0,0.0,C,J,ALTA,126.0,1.0
CNPJ_003768,0.0,0.1256,2,ACEITO_COM_CONDICAO,RGR_R03_DECIL2_3_CONDICIONAL,ACEITE_CONDICIONAL_DECIL_INTERMEDIARIO,Aceite Condicional Decil Intermediario (+7.5% premio).,7.5,False,10000.0,10750.0,750.0,0.0,G,J,BAIXISSIMA,0.0,0.0
CNPJ_003769,0.0,0.1192,3,ACEITO_COM_CONDICAO,RGR_R03_DECIL2_3_CONDICIONAL,ACEITE_CONDICIONAL_DECIL_INTERMEDIARIO,Aceite Condicional Decil Intermediario (+7.5% premio).,7.5,False,10000.0,10750.0,750.0,0.0,N,F,ALTISSIMA,0.0,0.0
CNPJ_003770,0.0,0.1158,3,ACEITO_COM_CONDICAO,RGR_R03_DECIL2_3_CONDICIONAL,ACEITE_CONDICIONAL_DECIL_INTERMEDIARIO,Aceite Condicional Decil Intermediario (+7.5% premio).,7.5,False,10000.0,10750.0,750.0,0.0,F,D,BAIXISSIMA,0.0,0.0
CNPJ_003771,0.0,0.1016,6,APROVADO,RGR_R04_DECIL4_10_APROVADO,APROVADO_AUTOMATICO_BAIXO_RISCO,Aprovacao Automatica: Risco dentro do apetite da seguradora.,0.0,False,10000.0,10000.0,0.0,0.0,C,A,BAIXISSIMA,0.0,0.0
CNPJ_003772,0.0,0.1085,4,APROVADO,RGR_R04_DECIL4_10_APROVADO,APROVADO_AUTOMATICO_BAIXO_RISCO,Aprovacao Automatica: Risco dentro do apetite da seguradora.,0.0,False,10000.0,10000.0,0.0,0.0,G,G,ALTISSIMA,1.0,0.0
CNPJ_003773,0.0,0.0962,7,APROVADO,RGR_R04_DECIL4_10_APROVADO,APROVADO_AUTOMATICO_BAIXO_RISCO,Aprovacao Automatica: Risco dentro do apetite da seguradora.,0.0,False,10000.0,10000.0,0.0,0.0,N,E,BAIXISSIMA,0.0,0.0
CNPJ_003774,0.0,0.103,5,APROVADO,RGR_R04_DECIL4_10_APROVADO,APROVADO_AUTOMATICO_BAIXO_RISCO,Aprovacao Automatica: Risco dentro do apetite da seguradora.,0.0,False,10000.0,10000.0,0.0,0.0,C,D,ALTISSIMA,0.0,0.0
CNPJ_003775,0.0,0.0866,8,APROVADO,RGR_R04_DECIL4_10_APROVADO,APROVADO_AUTOMATICO_BAIXO_RISCO,Aprovacao Automatica: Risco dentro do apetite da seguradora.,0.0,False,10000.0,10000.0,0.0,0.0,C,D,ALTA,0.0,0.0
CNPJ_003776,0.0,0.1035,5,APROVADO,RGR_R04_DECIL4_10_APROVADO,APROVADO_AUTOMATICO_BAIXO_RISCO,Aprovacao Automatica: Risco dentro do apetite da seguradora.,0.0,False,10000.0,10000.0,0.0,0.0,G,,ALTA,0.0,0.0
CNPJ_003777,0.0,0.1183,3,ACEITO_COM_CONDICAO,RGR_R03_DECIL2_3_CONDICIONAL,ACEITE_CONDICIONAL_DECIL_INTERMEDIARIO,Aceite Condicional Decil Intermediario (+7.5% premio).,7.5,False,10000.0,10750.0,750.0,0.0,G,,ALTISSIMA,1.0,0.0
CNPJ_003778,0.0,0.0921,7,APROVADO,RGR_R04_DECIL4_10_APROVADO,APROVADO_AUTOMATICO_BAIXO_RISCO,Aprovacao Automatica: Risco dentro do apetite da seguradora.,0.0,False,10000.0,10000.0,0.0,0.0,G,I,ALTISSIMA,8.0,0.0
CNPJ_003779,0.0,0.0935,7,APROVADO,RGR_R04_DECIL4_10_APROVADO,APROVADO_AUTOMATICO_BAIXO_RISCO,Aprovacao Automatica: Risco dentro do apetite da seguradora.,0.0,False,10000.0,10000.0,0.0,0.0,G,G,BAIXISSIMA,1.0,1.0
CNPJ_003780,0.0,0.0861,8,APROVADO,RGR_R04_DECIL4_10_APROVADO,APROVADO_AUTOMATICO_BAIXO_RISCO,Aprovacao Automatica: Risco dentro do apetite da seguradora.,0.0,False,10000.0,10000.0,0.0,0.0,F,J,BAIXISSIMA,20.0,0.0
CNPJ_003781,0.0,0.1285,2,ACEITO_COM_CONDICAO,RGR_R03_DECIL2_3_CONDICIONAL,ACEITE_CONDICIONAL_DECIL_INTERMEDIARIO,Aceite Condicional Decil Intermediario (+7.5% premio).,7.5,False,10000.0,10750.0,750.0,0.0,F,D,BAIXISSIMA,0.0,0.0
CNPJ_003782,0.0,0.0968,7,APROVADO,RGR_R04_DECIL4_10_APROVADO,APROVADO_AUTOMATICO_BAIXO_RISCO,Aprovacao Automatica: Risco dentro do apetite da seguradora.,0.0,False,10000.0,10000.0,0.0,0.0,F,F,ALTA,2.0,0.0
CNPJ_003783,0.0,0.1197,3,ACEITO_COM_CONDICAO,RGR_R03_DECIL2_3_CONDICIONAL,ACEITE_CONDICIONAL_DECIL_INTERMEDIARIO,Aceite Condicional Decil Intermediario (+7.5% premio).,7.5,False,10000.0,10750.0,750.0,0.0,M,C,ALTISSIMA,9.0,0.0
CNPJ_003784,0.0,0.0909,8,APROVADO,RGR_R04_DECIL4_10_APROVADO,APROVADO_AUTOMATICO_BAIXO_RISCO,Aprovacao Automatica: Risco dentro do apetite da seguradora.,0.0,False,10000.0,10000.0,0.0,0.0,C,A,ALTA,8.0,0.0
CNPJ_003785,0.0,0.0764,10,APROVADO,RGR_R04_DECIL4_10_APROVADO,APROVADO_AUTOMATICO_BAIXO_RISCO,Aprovacao Automatica: Risco dentro do apetite da seguradora.,0.0,False,10000.0,10000.0,0.0,0.0,H,I,BAIXISSIMA,15.0,0.0
CNPJ_003786,0.0,0.0777,9,RECUSADO,RGR_K02_EXCESSO_PROCESSOS_JUDICIAIS,K02_JUDICIAL_EXTREMO,Recusa Sumaria: Elevado passivo judicial (> 100 processos como requerido).,0.0,False,10000.0,0.0,0.0,0.0,C,J,BAIXISSIMA,155.0,0.0
CNPJ_003787,0.0,0.2287,1,RECUSADO,RGR_K02_EXCESSO_PROCESSOS_JUDICIAIS,K02_JUDICIAL_EXTREMO,Recusa Sumaria: Elevado passivo judicial (> 100 processos como requerido).,0.0,False,10000.0,0.0,0.0,0.0,H,J,ALTISSIMA,116.0,0.0
CNPJ_003788,0.0,0.1085,4,APROVADO,RGR_R04_DECIL4_10_APROVADO,APROVADO_AUTOMATICO_BAIXO_RISCO,Aprovacao Automatica: Risco dentro do apetite da seguradora.,0.0,False,10000.0,10000.0,0.0,0.0,H,,ALTISSIMA,0.0,0.0
CNPJ_003789,0.0,0.1153,3,ACEITO_COM_CONDICAO,RGR_R03_DECIL2_3_CONDICIONAL,ACEITE_CONDICIONAL_DECIL_INTERMEDIARIO,Aceite Condicional Decil Intermediario (+7.5% premio).,7.5,False,10000.0,10750.0,750.0,0.0,C,J,ALTISSIMA,98.0,
CNPJ_003790,0.0,0.1067,5,APROVADO,RGR_R04_DECIL4_10_APROVADO,APROVADO_AUTOMATICO_BAIXO_RISCO,Aprovacao Automatica: Risco dentro do apetite da seguradora.,0.0,False,10000.0,10000.0,0.0,0.0,G,F,ALTA,0.0,0.0
CNPJ_003791,0.0,0.0809,9,APROVADO,RGR_R04_DECIL4_10_APROVADO,APROVADO_AUTOMATICO_BAIXO_RISCO,Aprovacao Automatica: Risco dentro do apetite da seguradora.,0.0,False,10000.0,10000.0,0.0,0.0,M,J,ALTISSIMA,12.0,0.0
CNPJ_003792,0.0,0.1305,2,ACEITO_COM_CONDICAO,RGR_R03_DECIL2_3_CONDICIONAL,ACEITE_CONDICIONAL_DECIL_INTERMEDIARIO,Aceite Condicional Decil Intermediario (+7.5% premio).,7.5,False,10000.0,10750.0,750.0,0.0,S,EMPRESA_ISENTA,BAIXISSIMA,0.0,0.0
CNPJ_003793,0.0,0.0847,9,APROVADO,RGR_R04_DECIL4_10_APROVADO,APROVADO_AUTOMATICO_BAIXO_RISCO,Aprovacao Automatica: Risco dentro do apetite da seguradora.,0.0,False,10000.0,10000.0,0.0,0.0,C,H,,6.0,1.0
CNPJ_003794,0.0,0.1685,1,RECUSADO,RGR_K02_EXCESSO_PROCESSOS_JUDICIAIS,K02_JUDICIAL_EXTREMO,Recusa Sumaria: Elevado passivo judicial (> 100 processos como requerido).,0.0,False,10000.0,0.0,0.0,0.0,C,J,BAIXISSIMA,561.0,
CNPJ_003795,0.0,0.1048,5,RECUSADO,RGR_K02_EXCESSO_PROCESSOS_JUDICIAIS,K02_JUDICIAL_EXTREMO,Recusa Sumaria: Elevado passivo judicial (> 100 processos como requerido).,0.0,False,10000.0,0.0,0.0,0.0,H,J,ALTISSIMA,144.0,0.0
CNPJ_003796,0.0,0.1139,3,ACEITO_COM_CONDICAO,RGR_R03_DECIL2_3_CONDICIONAL,ACEITE_CONDICIONAL_DECIL_INTERMEDIARIO,Aceite Condicional Decil Intermediario (+7.5% premio).,7.5,False,10000.0,10750.0,750.0,0.0,G,G,ALTA,2.0,0.0
CNPJ_003797,0.0,0.1181,3,ACEITO_COM_CONDICAO,RGR_R03_DECIL2_3_CONDICIONAL,ACEITE_CONDICIONAL_DECIL_INTERMEDIARIO,Aceite Condicional Decil Intermediario (+7.5% premio).,7.5,False,10000.0,10750.0,750.0,0.0,H,,BAIXISSIMA,0.0,0.0
CNPJ_003798,0.0,0.105,5,APROVADO,RGR_R04_DECIL4_10_APROVADO,APROVADO_AUTOMATICO_BAIXO_RISCO,Aprovacao Automatica: Risco dentro do apetite da seguradora.,0.0,False,10000.0,10000.0,0.0,0.0,G,,BAIXISSIMA,0.0,
CNPJ_003799,0.0,0.1114,4,APROVADO,RGR_R04_DECIL4_10_APROVADO,APROVADO_AUTOMATICO_BAIXO_RISCO,Aprovacao Automatica: Risco dentro do apetite da seguradora.,0.0,False,10000.0,10000.0,0.0,0.0,G,D,BAIXISSIMA,2.0,0.0
CNPJ_003800,0.0,0.101,6,APROVADO,RGR_R04_DECIL4_10_APROVADO,APROVADO_AUTOMATICO_BAIXO_RISCO,Aprovacao Automatica: Risco dentro do apetite da seguradora.,0.0,False,10000.0,10000.0,0.0,0.0,G,D,ALTA,0.0,0.0
CNPJ_003801,0.0,0.1024,5,APROVADO,RGR_R04_DECIL4_10_APROVADO,APROVADO_AUTOMATICO_BAIXO_RISCO,Aprovacao Automatica: Risco dentro do apetite da seguradora.,0.0,False,10000.0,10000.0,0.0,0.0,M,B,ALTA,0.0,0.0
CNPJ_003802,0.0,0.2299,1,ACEITO_COM_CONDICAO,RGR_R01_DECIL1_RESGATE_COM_RASTREADOR,RECUPERACAO_COMERCIAL_D1,"Aceite Condicional Decil 1: Perfil de score alto risco, porem mitigado por baixo passivo judicial e geografia favoravel.",15.0,True,10000.0,11500.0,1500.0,0.0,H,I,BAIXISSIMA,1.0,0.0
CNPJ_003803,0.0,0.0855,8,APROVADO,RGR_R04_DECIL4_10_APROVADO,APROVADO_AUTOMATICO_BAIXO_RISCO,Aprovacao Automatica: Risco dentro do apetite da seguradora.,0.0,False,10000.0,10000.0,0.0,0.0,M,F,ALTISSIMA,0.0,0.0
CNPJ_003804,0.0,0.0985,6,APROVADO,RGR_R04_DECIL4_10_APROVADO,APROVADO_AUTOMATICO_BAIXO_RISCO,Aprovacao Automatica: Risco dentro do apetite da seguradora.,0.0,False,10000.0,10000.0,0.0,0.0,C,E,ALTA,0.0,0.0
CNPJ_003805,0.0,0.0824,9,RECUSADO,RGR_K01_RISCO_LIDERANCA_AREA_CRITICA,K01_LIDERANCA_AREA_CRITICA,Recusa Sumaria: Risco de lideranca detectado em area de concentracao altissima de sinistro.,0.0,False,10000.0,0.0,0.0,0.0,G,H,ALTISSIMA,16.0,1.0
CNPJ_003806,0.0,0.1209,2,ACEITO_COM_CONDICAO,RGR_R03_DECIL2_3_CONDICIONAL,ACEITE_CONDICIONAL_DECIL_INTERMEDIARIO,Aceite Condicional Decil Intermediario (+7.5% premio).,7.5,False,10000.0,10750.0,750.0,0.0,S,D,ALTA,0.0,0.0
CNPJ_003807,0.0,0.0984,6,APROVADO,RGR_R04_DECIL4_10_APROVADO,APROVADO_AUTOMATICO_BAIXO_RISCO,Aprovacao Automatica: Risco dentro do apetite da seguradora.,0.0,False,10000.0,10000.0,0.0,0.0,H,G,ALTA,6.0,0.0
CNPJ_003808,0.0,0.0881,8,APROVADO,RGR_R04_DECIL4_10_APROVADO,APROVADO_AUTOMATICO_BAIXO_RISCO,Aprovacao Automatica: Risco dentro do apetite da seguradora.,0.0,False,10000.0,10000.0,0.0,0.0,G,C,BAIXISSIMA,0.0,0.0
CNPJ_003809,0.0,0.0806,9,APROVADO,RGR_R04_DECIL4_10_APROVADO,APROVADO_AUTOMATICO_BAIXO_RISCO,Aprovacao Automatica: Risco dentro do apetite da seguradora.,0.0,False,10000.0,10000.0,0.0,0.0,C,J,MEDIA,33.0,0.0
CNPJ_003810,0.0,0.0951,7,APROVADO,RGR_R04_DECIL4_10_APROVADO,APROVADO_AUTOMATICO_BAIXO_RISCO,Aprovacao Automatica: Risco dentro do apetite da seguradora.,0.0,False,10000.0,10000.0,0.0,0.0,G,A,BAIXISSIMA,0.0,0.0
CNPJ_003811,0.0,0.0972,7,APROVADO,RGR_R04_DECIL4_10_APROVADO,APROVADO_AUTOMATICO_BAIXO_RISCO,Aprovacao Automatica: Risco dentro do apetite da seguradora.,0.0,False,10000.0,10000.0,0.0,0.0,G,A,BAIXISSIMA,0.0,0.0
CNPJ_003812,0.0,0.2287,1,RECUSADO,RGR_K02_EXCESSO_PROCESSOS_JUDICIAIS,K02_JUDICIAL_EXTREMO,Recusa Sumaria: Elevado passivo judicial (> 100 processos como requerido).,0.0,False,10000.0,0.0,0.0,0.0,H,J,ALTISSIMA,116.0,0.0
CNPJ_003813,0.0,0.0998,6,APROVADO,RGR_R04_DECIL4_10_APROVADO,APROVADO_AUTOMATICO_BAIXO_RISCO,Aprovacao Automatica: Risco dentro do apetite da seguradora.,0.0,False,10000.0,10000.0,0.0,0.0,G,B,MEDIA,4.0,0.0
CNPJ_003814,0.0,0.0625,10,APROVADO,RGR_R04_DECIL4_10_APROVADO,APROVADO_AUTOMATICO_BAIXO_RISCO,Aprovacao Automatica: Risco dentro do apetite da seguradora.,0.0,False,10000.0,10000.0,0.0,0.0,H,B,ALTA,0.0,0.0
CNPJ_003815,0.0,0.0976,6,APROVADO,RGR_R04_DECIL4_10_APROVADO,APROVADO_AUTOMATICO_BAIXO_RISCO,Aprovacao Automatica: Risco dentro do apetite da seguradora.,0.0,False,10000.0,10000.0,0.0,0.0,N,C,ALTA,0.0,0.0
CNPJ_003816,0.0,0.1044,5,APROVADO,RGR_R04_DECIL4_10_APROVADO,APROVADO_AUTOMATICO_BAIXO_RISCO,Aprovacao Automatica: Risco dentro do apetite da seguradora.,0.0,False,10000.0,10000.0,0.0,0.0,G,,BAIXISSIMA,0.0,0.0
CNPJ_003817,0.0,0.1197,3,ACEITO_COM_CONDICAO,RGR_R03_DECIL2_3_CONDICIONAL,ACEITE_CONDICIONAL_DECIL_INTERMEDIARIO,Aceite Condicional Decil Intermediario (+7.5% premio).,7.5,False,10000.0,10750.0,750.0,0.0,K,D,ALTA,0.0,0.0
CNPJ_003818,0.0,0.0876,8,APROVADO,RGR_R04_DECIL4_10_APROVADO,APROVADO_AUTOMATICO_BAIXO_RISCO,Aprovacao Automatica: Risco dentro do apetite da seguradora.,0.0,False,10000.0,10000.0,0.0,0.0,G,E,ALTA,2.0,0.0
CNPJ_003819,0.0,0.128,2,RECUSADO,RGR_K02_EXCESSO_PROCESSOS_JUDICIAIS,K02_JUDICIAL_EXTREMO,Recusa Sumaria: Elevado passivo judicial (> 100 processos como requerido).,0.0,False,10000.0,0.0,0.0,0.0,C,J,ALTISSIMA,273.0,0.0
CNPJ_003820,0.0,0.0787,9,APROVADO,RGR_R04_DECIL4_10_APROVADO,APROVADO_AUTOMATICO_BAIXO_RISCO,Aprovacao Automatica: Risco dentro do apetite da seguradora.,0.0,False,10000.0,10000.0,0.0,0.0,G,J,BAIXISSIMA,69.0,0.0
CNPJ_003821,0.0,0.0918,8,APROVADO,RGR_R04_DECIL4_10_APROVADO,APROVADO_AUTOMATICO_BAIXO_RISCO,Aprovacao Automatica: Risco dentro do apetite da seguradora.,0.0,False,10000.0,10000.0,0.0,0.0,J,F,BAIXISSIMA,0.0,0.0
CNPJ_003822,0.0,0.1383,2,ACEITO_COM_CONDICAO,RGR_R03_DECIL2_3_CONDICIONAL,ACEITE_CONDICIONAL_DECIL_INTERMEDIARIO,Aceite Condicional Decil Intermediario (+7.5% premio).,7.5,False,10000.0,10750.0,750.0,0.0,F,F,ALTA,2.0,0.0
CNPJ_003823,0.0,0.081,9,APROVADO,RGR_R04_DECIL4_10_APROVADO,APROVADO_AUTOMATICO_BAIXO_RISCO,Aprovacao Automatica: Risco dentro do apetite da seguradora.,0.0,False,10000.0,10000.0,0.0,0.0,C,H,MEDIA,1.0,1.0
CNPJ_003824,0.0,0.0942,7,APROVADO,RGR_R04_DECIL4_10_APROVADO,APROVADO_AUTOMATICO_BAIXO_RISCO,Aprovacao Automatica: Risco dentro do apetite da seguradora.,0.0,False,10000.0,10000.0,0.0,0.0,G,E,MEDIA,0.0,0.0
CNPJ_003825,0.0,0.1082,4,APROVADO,RGR_R04_DECIL4_10_APROVADO,APROVADO_AUTOMATICO_BAIXO_RISCO,Aprovacao Automatica: Risco dentro do apetite da seguradora.,0.0,False,10000.0,10000.0,0.0,0.0,F,E,BAIXISSIMA,0.0,0.0
CNPJ_003826,0.0,0.1087,4,APROVADO,RGR_R04_DECIL4_10_APROVADO,APROVADO_AUTOMATICO_BAIXO_RISCO,Aprovacao Automatica: Risco dentro do apetite da seguradora.,0.0,False,10000.0,10000.0,0.0,0.0,G,C,ALTISSIMA,1.0,0.0
CNPJ_003827,0.0,0.1223,2,ACEITO_COM_CONDICAO,RGR_R03_DECIL2_3_CONDICIONAL,ACEITE_CONDICIONAL_DECIL_INTERMEDIARIO,Aceite Condicional Decil Intermediario (+7.5% premio).,7.5,False,10000.0,10750.0,750.0,0.0,C,D,ALTA,3.0,0.0
CNPJ_003828,0.0,0.103,5,APROVADO,RGR_R04_DECIL4_10_APROVADO,APROVADO_AUTOMATICO_BAIXO_RISCO,Aprovacao Automatica: Risco dentro do apetite da seguradora.,0.0,False,10000.0,10000.0,0.0,0.0,J,D,BAIXISSIMA,1.0,0.0
CNPJ_003829,0.0,0.1097,4,APROVADO,RGR_R04_DECIL4_10_APROVADO,APROVADO_AUTOMATICO_BAIXO_RISCO,Aprovacao Automatica: Risco dentro do apetite da seguradora.,0.0,False,10000.0,10000.0,0.0,0.0,J,D,ALTA,0.0,0.0
CNPJ_003830,0.0,0.1429,1,ACEITO_COM_CONDICAO,RGR_R01_DECIL1_RESGATE_COM_RASTREADOR,RECUPERACAO_COMERCIAL_D1,"Aceite Condicional Decil 1: Perfil de score alto risco, porem mitigado por baixo passivo judicial e geografia favoravel.",15.0,True,10000.0,11500.0,1500.0,0.0,G,D,BAIXISSIMA,0.0,0.0
CNPJ_003831,0.0,0.1063,5,APROVADO,RGR_R04_DECIL4_10_APROVADO,APROVADO_AUTOMATICO_BAIXO_RISCO,Aprovacao Automatica: Risco dentro do apetite da seguradora.,0.0,False,10000.0,10000.0,0.0,0.0,G,C,BAIXISSIMA,0.0,1.0
CNPJ_003832,0.0,0.0973,7,APROVADO,RGR_R04_DECIL4_10_APROVADO,APROVADO_AUTOMATICO_BAIXO_RISCO,Aprovacao Automatica: Risco dentro do apetite da seguradora.,0.0,False,10000.0,10000.0,0.0,0.0,N,F,ALTISSIMA,1.0,0.0
CNPJ_003833,0.0,0.0717,10,APROVADO,RGR_R04_DECIL4_10_APROVADO,APROVADO_AUTOMATICO_BAIXO_RISCO,Aprovacao Automatica: Risco dentro do apetite da seguradora.,0.0,False,10000.0,10000.0,0.0,0.0,H,I,BAIXISSIMA,15.0,1.0
CNPJ_003834,0.0,0.0857,8,APROVADO,RGR_R04_DECIL4_10_APROVADO,APROVADO_AUTOMATICO_BAIXO_RISCO,Aprovacao Automatica: Risco dentro do apetite da seguradora.,0.0,False,10000.0,10000.0,0.0,0.0,G,H,MEDIA,3.0,0.0
CNPJ_003835,0.0,0.0934,7,APROVADO,RGR_R04_DECIL4_10_APROVADO,APROVADO_AUTOMATICO_BAIXO_RISCO,Aprovacao Automatica: Risco dentro do apetite da seguradora.,0.0,False,10000.0,10000.0,0.0,0.0,H,E,BAIXISSIMA,0.0,0.0
CNPJ_003836,0.0,0.0992,6,APROVADO,RGR_R04_DECIL4_10_APROVADO,APROVADO_AUTOMATICO_BAIXO_RISCO,Aprovacao Automatica: Risco dentro do apetite da seguradora.,0.0,False,10000.0,10000.0,0.0,0.0,H,E,BAIXISSIMA,0.0,0.0
CNPJ_003837,0.0,0.0885,8,RECUSADO,RGR_K02_EXCESSO_PROCESSOS_JUDICIAIS,K02_JUDICIAL_EXTREMO,Recusa Sumaria: Elevado passivo judicial (> 100 processos como requerido).,0.0,False,10000.0,0.0,0.0,0.0,C,G,ALTA,113.0,0.0
CNPJ_003838,0.0,0.0945,7,APROVADO,RGR_R04_DECIL4_10_APROVADO,APROVADO_AUTOMATICO_BAIXO_RISCO,Aprovacao Automatica: Risco dentro do apetite da seguradora.,0.0,False,10000.0,10000.0,0.0,0.0,G,,ALTA,9.0,1.0
CNPJ_003839,0.0,0.0739,10,APROVADO,RGR_R04_DECIL4_10_APROVADO,APROVADO_AUTOMATICO_BAIXO_RISCO,Aprovacao Automatica: Risco dentro do apetite da seguradora.,0.0,False,10000.0,10000.0,0.0,0.0,G,G,ALTA,14.0,0.0
CNPJ_003840,0.0,0.1281,2,ACEITO_COM_CONDICAO,RGR_R03_DECIL2_3_CONDICIONAL,ACEITE_CONDICIONAL_DECIL_INTERMEDIARIO,Aceite Condicional Decil Intermediario (+7.5% premio).,7.5,False,10000.0,10750.0,750.0,0.0,G,D,BAIXISSIMA,0.0,0.0
CNPJ_003841,0.0,0.1198,3,ACEITO_COM_CONDICAO,RGR_R03_DECIL2_3_CONDICIONAL,ACEITE_CONDICIONAL_DECIL_INTERMEDIARIO,Aceite Condicional Decil Intermediario (+7.5% premio).,7.5,False,10000.0,10750.0,750.0,0.0,G,D,BAIXISSIMA,0.0,0.0
CNPJ_003842,0.0,0.0696,10,RECUSADO,RGR_K01_RISCO_LIDERANCA_AREA_CRITICA,K01_LIDERANCA_AREA_CRITICA,Recusa Sumaria: Risco de lideranca detectado em area de concentracao altissima de sinistro.,0.0,False,10000.0,0.0,0.0,0.0,N,J,ALTISSIMA,47.0,1.0
CNPJ_003843,0.0,0.1069,5,APROVADO,RGR_R04_DECIL4_10_APROVADO,APROVADO_AUTOMATICO_BAIXO_RISCO,Aprovacao Automatica: Risco dentro do apetite da seguradora.,0.0,False,10000.0,10000.0,0.0,0.0,G,C,BAIXISSIMA,0.0,0.0
CNPJ_003844,0.0,0.1176,3,ACEITO_COM_CONDICAO,RGR_R03_DECIL2_3_CONDICIONAL,ACEITE_CONDICIONAL_DECIL_INTERMEDIARIO,Aceite Condicional Decil Intermediario (+7.5% premio).,7.5,False,10000.0,10750.0,750.0,0.0,G,B,ALTA,1.0,0.0
CNPJ_003845,0.0,0.1088,4,APROVADO,RGR_R04_DECIL4_10_APROVADO,APROVADO_AUTOMATICO_BAIXO_RISCO,Aprovacao Automatica: Risco dentro do apetite da seguradora.,0.0,False,10000.0,10000.0,0.0,0.0,A,G,ALTISSIMA,2.0,0.0
CNPJ_003846,0.0,0.0834,9,APROVADO,RGR_R04_DECIL4_10_APROVADO,APROVADO_AUTOMATICO_BAIXO_RISCO,Aprovacao Automatica: Risco dentro do apetite da seguradora.,0.0,False,10000.0,10000.0,0.0,0.0,G,B,BAIXISSIMA,0.0,0.0
CNPJ_003847,0.0,0.0979,6,APROVADO,RGR_R04_DECIL4_10_APROVADO,APROVADO_AUTOMATICO_BAIXO_RISCO,Aprovacao Automatica: Risco dentro do apetite da seguradora.,0.0,False,10000.0,10000.0,0.0,0.0,G,F,BAIXISSIMA,0.0,0.0
CNPJ_003848,0.0,0.1168,3,RECUSADO,RGR_K02_EXCESSO_PROCESSOS_JUDICIAIS,K02_JUDICIAL_EXTREMO,Recusa Sumaria: Elevado passivo judicial (> 100 processos como requerido).,0.0,False,10000.0,0.0,0.0,0.0,C,J,BAIXISSIMA,139.0,1.0
CNPJ_003849,0.0,0.0853,8,APROVADO,RGR_R04_DECIL4_10_APROVADO,APROVADO_AUTOMATICO_BAIXO_RISCO,Aprovacao Automatica: Risco dentro do apetite da seguradora.,0.0,False,10000.0,10000.0,0.0,0.0,C,G,BAIXISSIMA,1.0,0.0
CNPJ_003850,0.0,0.0935,7,APROVADO,RGR_R04_DECIL4_10_APROVADO,APROVADO_AUTOMATICO_BAIXO_RISCO,Aprovacao Automatica: Risco dentro do apetite da seguradora.,0.0,False,10000.0,10000.0,0.0,0.0,G,H,ALTA,2.0,0.0
CNPJ_003851,0.0,0.0745,10,APROVADO,RGR_R04_DECIL4_10_APROVADO,APROVADO_AUTOMATICO_BAIXO_RISCO,Aprovacao Automatica: Risco dentro do apetite da seguradora.,0.0,False,10000.0,10000.0,0.0,0.0,L,,ALTA,0.0,1.0
CNPJ_003852,0.0,0.111,4,APROVADO,RGR_R04_DECIL4_10_APROVADO,APROVADO_AUTOMATICO_BAIXO_RISCO,Aprovacao Automatica: Risco dentro do apetite da seguradora.,0.0,False,10000.0,10000.0,0.0,0.0,C,B,BAIXISSIMA,0.0,0.0
CNPJ_003853,0.0,0.0771,9,APROVADO,RGR_R04_DECIL4_10_APROVADO,APROVADO_AUTOMATICO_BAIXO_RISCO,Aprovacao Automatica: Risco dentro do apetite da seguradora.,0.0,False,10000.0,10000.0,0.0,0.0,I,F,ALTISSIMA,0.0,0.0
CNPJ_003854,0.0,0.0709,10,APROVADO,RGR_R04_DECIL4_10_APROVADO,APROVADO_AUTOMATICO_BAIXO_RISCO,Aprovacao Automatica: Risco dentro do apetite da seguradora.,0.0,False,10000.0,10000.0,0.0,0.0,,,,,
CNPJ_003855,0.0,0.0868,8,APROVADO,RGR_R04_DECIL4_10_APROVADO,APROVADO_AUTOMATICO_BAIXO_RISCO,Aprovacao Automatica: Risco dentro do apetite da seguradora.,0.0,False,10000.0,10000.0,0.0,0.0,J,G,ALTA,5.0,1.0
CNPJ_003856,0.0,0.0972,7,APROVADO,RGR_R04_DECIL4_10_APROVADO,APROVADO_AUTOMATICO_BAIXO_RISCO,Aprovacao Automatica: Risco dentro do apetite da seguradora.,0.0,False,10000.0,10000.0,0.0,0.0,C,D,MEDIA,0.0,0.0
CNPJ_003857,0.0,0.0895,8,APROVADO,RGR_R04_DECIL4_10_APROVADO,APROVADO_AUTOMATICO_BAIXO_RISCO,Aprovacao Automatica: Risco dentro do apetite da seguradora.,0.0,False,10000.0,10000.0,0.0,0.0,M,A,ALTA,0.0,0.0
CNPJ_003858,0.0,0.1031,5,APROVADO,RGR_R04_DECIL4_10_APROVADO,APROVADO_AUTOMATICO_BAIXO_RISCO,Aprovacao Automatica: Risco dentro do apetite da seguradora.,0.0,False,10000.0,10000.0,0.0,0.0,G,,ALTA,0.0,0.0
CNPJ_003859,0.0,0.1102,4,APROVADO,RGR_R04_DECIL4_10_APROVADO,APROVADO_AUTOMATICO_BAIXO_RISCO,Aprovacao Automatica: Risco dentro do apetite da seguradora.,0.0,False,10000.0,10000.0,0.0,0.0,G,D,ALTA,0.0,0.0
CNPJ_003860,0.0,0.1075,4,RECUSADO,RGR_K02_EXCESSO_PROCESSOS_JUDICIAIS,K02_JUDICIAL_EXTREMO,Recusa Sumaria: Elevado passivo judicial (> 100 processos como requerido).,0.0,False,10000.0,0.0,0.0,0.0,G,J,ALTA,212.0,0.0
CNPJ_003861,0.0,0.0763,10,APROVADO,RGR_R04_DECIL4_10_APROVADO,APROVADO_AUTOMATICO_BAIXO_RISCO,Aprovacao Automatica: Risco dentro do apetite da seguradora.,0.0,False,10000.0,10000.0,0.0,0.0,A,D,ALTA,0.0,0.0
CNPJ_003862,0.0,0.0996,6,APROVADO,RGR_R04_DECIL4_10_APROVADO,APROVADO_AUTOMATICO_BAIXO_RISCO,Aprovacao Automatica: Risco dentro do apetite da seguradora.,0.0,False,10000.0,10000.0,0.0,0.0,G,A,BAIXISSIMA,0.0,0.0
CNPJ_003863,0.0,0.0986,6,APROVADO,RGR_R04_DECIL4_10_APROVADO,APROVADO_AUTOMATICO_BAIXO_RISCO,Aprovacao Automatica: Risco dentro do apetite da seguradora.,0.0,False,10000.0,10000.0,0.0,0.0,C,J,ALTA,0.0,
CNPJ_003864,0.0,0.0878,8,APROVADO,RGR_R04_DECIL4_10_APROVADO,APROVADO_AUTOMATICO_BAIXO_RISCO,Aprovacao Automatica: Risco dentro do apetite da seguradora.,0.0,False,10000.0,10000.0,0.0,0.0,H,D,BAIXISSIMA,0.0,0.0
CNPJ_003865,0.0,0.0882,8,APROVADO,RGR_R04_DECIL4_10_APROVADO,APROVADO_AUTOMATICO_BAIXO_RISCO,Aprovacao Automatica: Risco dentro do apetite da seguradora.,0.0,False,10000.0,10000.0,0.0,0.0,P,EMPRESA_ISENTA,ALTA,0.0,0.0
CNPJ_003866,0.0,0.0943,7,APROVADO,RGR_R04_DECIL4_10_APROVADO,APROVADO_AUTOMATICO_BAIXO_RISCO,Aprovacao Automatica: Risco dentro do apetite da seguradora.,0.0,False,10000.0,10000.0,0.0,0.0,G,,ALTISSIMA,0.0,0.0
CNPJ_003867,0.0,0.1076,4,APROVADO,RGR_R04_DECIL4_10_APROVADO,APROVADO_AUTOMATICO_BAIXO_RISCO,Aprovacao Automatica: Risco dentro do apetite da seguradora.,0.0,False,10000.0,10000.0,0.0,0.0,G,H,MEDIA,3.0,0.0
CNPJ_003868,0.0,0.1043,5,APROVADO,RGR_R04_DECIL4_10_APROVADO,APROVADO_AUTOMATICO_BAIXO_RISCO,Aprovacao Automatica: Risco dentro do apetite da seguradora.,0.0,False,10000.0,10000.0,0.0,0.0,N,F,ALTISSIMA,0.0,0.0
CNPJ_003869,0.0,0.1159,3,RECUSADO,RGR_K01_RISCO_LIDERANCA_AREA_CRITICA,K01_LIDERANCA_AREA_CRITICA,Recusa Sumaria: Risco de lideranca detectado em area de concentracao altissima de sinistro.,0.0,False,10000.0,0.0,0.0,0.0,G,,ALTISSIMA,0.0,1.0
CNPJ_003870,0.0,0.0923,7,APROVADO,RGR_R04_DECIL4_10_APROVADO,APROVADO_AUTOMATICO_BAIXO_RISCO,Aprovacao Automatica: Risco dentro do apetite da seguradora.,0.0,False,10000.0,10000.0,0.0,0.0,N,,ALTISSIMA,0.0,
CNPJ_003871,0.0,0.103,5,APROVADO,RGR_R04_DECIL4_10_APROVADO,APROVADO_AUTOMATICO_BAIXO_RISCO,Aprovacao Automatica: Risco dentro do apetite da seguradora.,0.0,False,10000.0,10000.0,0.0,0.0,G,D,ALTA,0.0,0.0
CNPJ_003872,0.0,0.2355,1,ACEITO_COM_CONDICAO,RGR_R01_DECIL1_RESGATE_COM_RASTREADOR,RECUPERACAO_COMERCIAL_D1,"Aceite Condicional Decil 1: Perfil de score alto risco, porem mitigado por baixo passivo judicial e geografia favoravel.",15.0,True,10000.0,11500.0,1500.0,0.0,H,B,MEDIA,0.0,0.0
CNPJ_003873,0.0,0.1134,4,RECUSADO,RGR_K01_RISCO_LIDERANCA_AREA_CRITICA,K01_LIDERANCA_AREA_CRITICA,Recusa Sumaria: Risco de lideranca detectado em area de concentracao altissima de sinistro.,0.0,False,10000.0,0.0,0.0,0.0,L,C,ALTISSIMA,0.0,1.0
CNPJ_003874,0.0,0.0889,8,APROVADO,RGR_R04_DECIL4_10_APROVADO,APROVADO_AUTOMATICO_BAIXO_RISCO,Aprovacao Automatica: Risco dentro do apetite da seguradora.,0.0,False,10000.0,10000.0,0.0,0.0,G,D,ALTA,2.0,0.0
CNPJ_003875,0.0,0.1053,5,APROVADO,RGR_R04_DECIL4_10_APROVADO,APROVADO_AUTOMATICO_BAIXO_RISCO,Aprovacao Automatica: Risco dentro do apetite da seguradora.,0.0,False,10000.0,10000.0,0.0,0.0,C,H,ALTA,9.0,0.0
CNPJ_003876,0.0,0.1243,2,ACEITO_COM_CONDICAO,RGR_R03_DECIL2_3_CONDICIONAL,ACEITE_CONDICIONAL_DECIL_INTERMEDIARIO,Aceite Condicional Decil Intermediario (+7.5% premio).,7.5,False,10000.0,10750.0,750.0,0.0,G,D,BAIXISSIMA,0.0,0.0
CNPJ_003877,0.0,0.0968,7,APROVADO,RGR_R04_DECIL4_10_APROVADO,APROVADO_AUTOMATICO_BAIXO_RISCO,Aprovacao Automatica: Risco dentro do apetite da seguradora.,0.0,False,10000.0,10000.0,0.0,0.0,L,,ALTA,0.0,0.0
CNPJ_003878,0.0,0.0635,10,RECUSADO,RGR_K01_RISCO_LIDERANCA_AREA_CRITICA,K01_LIDERANCA_AREA_CRITICA,Recusa Sumaria: Risco de lideranca detectado em area de concentracao altissima de sinistro.,0.0,False,10000.0,0.0,0.0,0.0,H,,ALTISSIMA,37.0,1.0
CNPJ_003879,0.0,0.0946,7,APROVADO,RGR_R04_DECIL4_10_APROVADO,APROVADO_AUTOMATICO_BAIXO_RISCO,Aprovacao Automatica: Risco dentro do apetite da seguradora.,0.0,False,10000.0,10000.0,0.0,0.0,G,C,ALTA,0.0,0.0
CNPJ_003880,0.0,0.0736,10,APROVADO,RGR_R04_DECIL4_10_APROVADO,APROVADO_AUTOMATICO_BAIXO_RISCO,Aprovacao Automatica: Risco dentro do apetite da seguradora.,0.0,False,10000.0,10000.0,0.0,0.0,F,G,BAIXISSIMA,12.0,0.0
CNPJ_003881,0.0,0.0799,9,APROVADO,RGR_R04_DECIL4_10_APROVADO,APROVADO_AUTOMATICO_BAIXO_RISCO,Aprovacao Automatica: Risco dentro do apetite da seguradora.,0.0,False,10000.0,10000.0,0.0,0.0,N,F,ALTISSIMA,19.0,0.0
CNPJ_003882,0.0,0.1167,3,ACEITO_COM_CONDICAO,RGR_R03_DECIL2_3_CONDICIONAL,ACEITE_CONDICIONAL_DECIL_INTERMEDIARIO,Aceite Condicional Decil Intermediario (+7.5% premio).,7.5,False,10000.0,10750.0,750.0,0.0,M,D,BAIXISSIMA,1.0,0.0
CNPJ_003883,0.0,0.2552,1,RECUSADO,RGR_R02_DECIL1_RECUSA_PADRAO,DECIL1_ALTO_RISCO_SEM_MITIGACAO,Recusa por Decil 1 de Risco sem criterios para resgate comercial.,0.0,False,10000.0,0.0,0.0,0.0,H,A,ALTA,0.0,0.0
CNPJ_003884,0.0,0.0935,7,APROVADO,RGR_R04_DECIL4_10_APROVADO,APROVADO_AUTOMATICO_BAIXO_RISCO,Aprovacao Automatica: Risco dentro do apetite da seguradora.,0.0,False,10000.0,10000.0,0.0,0.0,G,I,BAIXISSIMA,5.0,0.0
CNPJ_003885,0.0,0.1215,2,ACEITO_COM_CONDICAO,RGR_R03_DECIL2_3_CONDICIONAL,ACEITE_CONDICIONAL_DECIL_INTERMEDIARIO,Aceite Condicional Decil Intermediario (+7.5% premio).,7.5,False,10000.0,10750.0,750.0,0.0,G,D,BAIXISSIMA,0.0,0.0
CNPJ_003886,0.0,0.0962,7,APROVADO,RGR_R04_DECIL4_10_APROVADO,APROVADO_AUTOMATICO_BAIXO_RISCO,Aprovacao Automatica: Risco dentro do apetite da seguradora.,0.0,False,10000.0,10000.0,0.0,0.0,M,,BAIXISSIMA,0.0,0.0
CNPJ_003887,0.0,0.1029,5,APROVADO,RGR_R04_DECIL4_10_APROVADO,APROVADO_AUTOMATICO_BAIXO_RISCO,Aprovacao Automatica: Risco dentro do apetite da seguradora.,0.0,False,10000.0,10000.0,0.0,0.0,G,D,BAIXISSIMA,0.0,0.0
CNPJ_003888,0.0,0.1098,4,APROVADO,RGR_R04_DECIL4_10_APROVADO,APROVADO_AUTOMATICO_BAIXO_RISCO,Aprovacao Automatica: Risco dentro do apetite da seguradora.,0.0,False,10000.0,10000.0,0.0,0.0,G,A,ALTA,0.0,0.0
CNPJ_003889,0.0,0.0713,10,APROVADO,RGR_R04_DECIL4_10_APROVADO,APROVADO_AUTOMATICO_BAIXO_RISCO,Aprovacao Automatica: Risco dentro do apetite da seguradora.,0.0,False,10000.0,10000.0,0.0,0.0,K,,ALTA,12.0,0.0
CNPJ_003890,0.0,0.0816,9,APROVADO,RGR_R04_DECIL4_10_APROVADO,APROVADO_AUTOMATICO_BAIXO_RISCO,Aprovacao Automatica: Risco dentro do apetite da seguradora.,0.0,False,10000.0,10000.0,0.0,0.0,G,G,ALTISSIMA,1.0,0.0
CNPJ_003891,0.0,0.1025,5,APROVADO,RGR_R04_DECIL4_10_APROVADO,APROVADO_AUTOMATICO_BAIXO_RISCO,Aprovacao Automatica: Risco dentro do apetite da seguradora.,0.0,False,10000.0,10000.0,0.0,0.0,Q,F,BAIXISSIMA,1.0,0.0
CNPJ_003892,0.0,0.0907,8,APROVADO,RGR_R04_DECIL4_10_APROVADO,APROVADO_AUTOMATICO_BAIXO_RISCO,Aprovacao Automatica: Risco dentro do apetite da seguradora.,0.0,False,10000.0,10000.0,0.0,0.0,G,B,ALTA,0.0,0.0
CNPJ_003893,0.0,0.0968,7,APROVADO,RGR_R04_DECIL4_10_APROVADO,APROVADO_AUTOMATICO_BAIXO_RISCO,Aprovacao Automatica: Risco dentro do apetite da seguradora.,0.0,False,10000.0,10000.0,0.0,0.0,C,G,BAIXISSIMA,1.0,0.0
CNPJ_003894,0.0,0.0717,10,APROVADO,RGR_R04_DECIL4_10_APROVADO,APROVADO_AUTOMATICO_BAIXO_RISCO,Aprovacao Automatica: Risco dentro do apetite da seguradora.,0.0,False,10000.0,10000.0,0.0,0.0,H,I,BAIXISSIMA,15.0,1.0
CNPJ_003895,0.0,0.0908,8,APROVADO,RGR_R04_DECIL4_10_APROVADO,APROVADO_AUTOMATICO_BAIXO_RISCO,Aprovacao Automatica: Risco dentro do apetite da seguradora.,0.0,False,10000.0,10000.0,0.0,0.0,C,A,BAIXISSIMA,0.0,0.0
CNPJ_003896,0.0,0.1036,5,APROVADO,RGR_R04_DECIL4_10_APROVADO,APROVADO_AUTOMATICO_BAIXO_RISCO,Aprovacao Automatica: Risco dentro do apetite da seguradora.,0.0,False,10000.0,10000.0,0.0,0.0,F,F,BAIXISSIMA,1.0,0.0
CNPJ_003897,0.0,0.0851,9,APROVADO,RGR_R04_DECIL4_10_APROVADO,APROVADO_AUTOMATICO_BAIXO_RISCO,Aprovacao Automatica: Risco dentro do apetite da seguradora.,0.0,False,10000.0,10000.0,0.0,0.0,C,G,ALTISSIMA,5.0,0.0
CNPJ_003898,0.0,0.0751,10,APROVADO,RGR_R04_DECIL4_10_APROVADO,APROVADO_AUTOMATICO_BAIXO_RISCO,Aprovacao Automatica: Risco dentro do apetite da seguradora.,0.0,False,10000.0,10000.0,0.0,0.0,N,H,BAIXISSIMA,1.0,0.0
CNPJ_003899,0.0,0.0824,9,APROVADO,RGR_R04_DECIL4_10_APROVADO,APROVADO_AUTOMATICO_BAIXO_RISCO,Aprovacao Automatica: Risco dentro do apetite da seguradora.,0.0,False,10000.0,10000.0,0.0,0.0,C,I,MEDIA,6.0,0.0
CNPJ_003900,0.0,0.0877,8,APROVADO,RGR_R04_DECIL4_10_APROVADO,APROVADO_AUTOMATICO_BAIXO_RISCO,Aprovacao Automatica: Risco dentro do apetite da seguradora.,0.0,False,10000.0,10000.0,0.0,0.0,C,G,BAIXISSIMA,2.0,0.0
CNPJ_003901,0.0,0.115,3,ACEITO_COM_CONDICAO,RGR_R03_DECIL2_3_CONDICIONAL,ACEITE_CONDICIONAL_DECIL_INTERMEDIARIO,Aceite Condicional Decil Intermediario (+7.5% premio).,7.5,False,10000.0,10750.0,750.0,0.0,G,D,MEDIA,0.0,0.0
CNPJ_003902,0.0,0.0862,8,APROVADO,RGR_R04_DECIL4_10_APROVADO,APROVADO_AUTOMATICO_BAIXO_RISCO,Aprovacao Automatica: Risco dentro do apetite da seguradora.,0.0,False,10000.0,10000.0,0.0,0.0,A,J,BAIXISSIMA,51.0,1.0
CNPJ_003903,0.0,0.0563,10,APROVADO,RGR_R04_DECIL4_10_APROVADO,APROVADO_AUTOMATICO_BAIXO_RISCO,Aprovacao Automatica: Risco dentro do apetite da seguradora.,0.0,False,10000.0,10000.0,0.0,0.0,H,F,ALTA,1.0,0.0
CNPJ_003904,0.0,0.0748,10,RECUSADO,RGR_K02_EXCESSO_PROCESSOS_JUDICIAIS,K02_JUDICIAL_EXTREMO,Recusa Sumaria: Elevado passivo judicial (> 100 processos como requerido).,0.0,False,10000.0,0.0,0.0,0.0,G,J,ALTISSIMA,663.0,0.0
CNPJ_003905,0.0,0.0865,8,APROVADO,RGR_R04_DECIL4_10_APROVADO,APROVADO_AUTOMATICO_BAIXO_RISCO,Aprovacao Automatica: Risco dentro do apetite da seguradora.,0.0,False,10000.0,10000.0,0.0,0.0,G,G,ALTA,10.0,1.0
CNPJ_003906,0.0,0.1139,3,ACEITO_COM_CONDICAO,RGR_R03_DECIL2_3_CONDICIONAL,ACEITE_CONDICIONAL_DECIL_INTERMEDIARIO,Aceite Condicional Decil Intermediario (+7.5% premio).,7.5,False,10000.0,10750.0,750.0,0.0,N,D,ALTA,0.0,0.0
CNPJ_003907,0.0,0.105,5,APROVADO,RGR_R04_DECIL4_10_APROVADO,APROVADO_AUTOMATICO_BAIXO_RISCO,Aprovacao Automatica: Risco dentro do apetite da seguradora.,0.0,False,10000.0,10000.0,0.0,0.0,A,F,BAIXISSIMA,0.0,0.0
CNPJ_003908,0.0,0.1003,6,APROVADO,RGR_R04_DECIL4_10_APROVADO,APROVADO_AUTOMATICO_BAIXO_RISCO,Aprovacao Automatica: Risco dentro do apetite da seguradora.,0.0,False,10000.0,10000.0,0.0,0.0,N,C,ALTA,0.0,
CNPJ_003909,0.0,0.0939,7,APROVADO,RGR_R04_DECIL4_10_APROVADO,APROVADO_AUTOMATICO_BAIXO_RISCO,Aprovacao Automatica: Risco dentro do apetite da seguradora.,0.0,False,10000.0,10000.0,0.0,0.0,C,H,BAIXISSIMA,0.0,0.0
CNPJ_003910,0.0,0.0799,9,APROVADO,RGR_R04_DECIL4_10_APROVADO,APROVADO_AUTOMATICO_BAIXO_RISCO,Aprovacao Automatica: Risco dentro do apetite da seguradora.,0.0,False,10000.0,10000.0,0.0,0.0,H,D,BAIXISSIMA,0.0,0.0
CNPJ_003911,0.0,0.0937,7,APROVADO,RGR_R04_DECIL4_10_APROVADO,APROVADO_AUTOMATICO_BAIXO_RISCO,Aprovacao Automatica: Risco dentro do apetite da seguradora.,0.0,False,10000.0,10000.0,0.0,0.0,G,G,BAIXISSIMA,0.0,0.0
CNPJ_003912,0.0,0.1927,1,RECUSADO,RGR_R02_DECIL1_RECUSA_PADRAO,DECIL1_ALTO_RISCO_SEM_MITIGACAO,Recusa por Decil 1 de Risco sem criterios para resgate comercial.,0.0,False,10000.0,0.0,0.0,0.0,G,B,ALTA,0.0,0.0
CNPJ_003913,0.0,0.1027,5,RECUSADO,RGR_K02_EXCESSO_PROCESSOS_JUDICIAIS,K02_JUDICIAL_EXTREMO,Recusa Sumaria: Elevado passivo judicial (> 100 processos como requerido).,0.0,False,10000.0,0.0,0.0,0.0,C,J,ALTA,382.0,0.0
CNPJ_003914,0.0,0.1082,4,APROVADO,RGR_R04_DECIL4_10_APROVADO,APROVADO_AUTOMATICO_BAIXO_RISCO,Aprovacao Automatica: Risco dentro do apetite da seguradora.,0.0,False,10000.0,10000.0,0.0,0.0,C,G,BAIXISSIMA,0.0,0.0
CNPJ_003915,0.0,0.0822,9,APROVADO,RGR_R04_DECIL4_10_APROVADO,APROVADO_AUTOMATICO_BAIXO_RISCO,Aprovacao Automatica: Risco dentro do apetite da seguradora.,0.0,False,10000.0,10000.0,0.0,0.0,C,E,ALTISSIMA,0.0,0.0
CNPJ_003916,0.0,0.0692,10,APROVADO,RGR_R04_DECIL4_10_APROVADO,APROVADO_AUTOMATICO_BAIXO_RISCO,Aprovacao Automatica: Risco dentro do apetite da seguradora.,0.0,False,10000.0,10000.0,0.0,0.0,L,B,ALTA,0.0,0.0
CNPJ_003917,0.0,0.0848,9,APROVADO,RGR_R04_DECIL4_10_APROVADO,APROVADO_AUTOMATICO_BAIXO_RISCO,Aprovacao Automatica: Risco dentro do apetite da seguradora.,0.0,False,10000.0,10000.0,0.0,0.0,G,F,ALTA,4.0,0.0
CNPJ_003918,0.0,0.0804,9,APROVADO,RGR_R04_DECIL4_10_APROVADO,APROVADO_AUTOMATICO_BAIXO_RISCO,Aprovacao Automatica: Risco dentro do apetite da seguradora.,0.0,False,10000.0,10000.0,0.0,0.0,G,J,ALTISSIMA,66.0,0.0
CNPJ_003919,0.0,0.0653,10,APROVADO,RGR_R04_DECIL4_10_APROVADO,APROVADO_AUTOMATICO_BAIXO_RISCO,Aprovacao Automatica: Risco dentro do apetite da seguradora.,0.0,False,10000.0,10000.0,0.0,0.0,H,A,ALTISSIMA,0.0,0.0
CNPJ_003920,0.0,0.0663,10,APROVADO,RGR_R04_DECIL4_10_APROVADO,APROVADO_AUTOMATICO_BAIXO_RISCO,Aprovacao Automatica: Risco dentro do apetite da seguradora.,0.0,False,10000.0,10000.0,0.0,0.0,H,H,BAIXISSIMA,7.0,0.0
CNPJ_003921,0.0,0.1314,2,ACEITO_COM_CONDICAO,RGR_R03_DECIL2_3_CONDICIONAL,ACEITE_CONDICIONAL_DECIL_INTERMEDIARIO,Aceite Condicional Decil Intermediario (+7.5% premio).,7.5,False,10000.0,10750.0,750.0,0.0,C,F,ALTISSIMA,2.0,0.0
CNPJ_003922,0.0,0.1043,5,APROVADO,RGR_R04_DECIL4_10_APROVADO,APROVADO_AUTOMATICO_BAIXO_RISCO,Aprovacao Automatica: Risco dentro do apetite da seguradora.,0.0,False,10000.0,10000.0,0.0,0.0,G,,ALTA,0.0,1.0
CNPJ_003923,0.0,0.1152,3,ACEITO_COM_CONDICAO,RGR_R03_DECIL2_3_CONDICIONAL,ACEITE_CONDICIONAL_DECIL_INTERMEDIARIO,Aceite Condicional Decil Intermediario (+7.5% premio).,7.5,False,10000.0,10750.0,750.0,0.0,G,D,ALTA,0.0,0.0
CNPJ_003924,0.0,0.2117,1,RECUSADO,RGR_R02_DECIL1_RECUSA_PADRAO,DECIL1_ALTO_RISCO_SEM_MITIGACAO,Recusa por Decil 1 de Risco sem criterios para resgate comercial.,0.0,False,10000.0,0.0,0.0,0.0,H,I,ALTISSIMA,44.0,0.0
CNPJ_003925,0.0,0.0736,10,APROVADO,RGR_R04_DECIL4_10_APROVADO,APROVADO_AUTOMATICO_BAIXO_RISCO,Aprovacao Automatica: Risco dentro do apetite da seguradora.,0.0,False,10000.0,10000.0,0.0,0.0,C,J,BAIXISSIMA,76.0,1.0
CNPJ_003926,0.0,0.0926,7,APROVADO,RGR_R04_DECIL4_10_APROVADO,APROVADO_AUTOMATICO_BAIXO_RISCO,Aprovacao Automatica: Risco dentro do apetite da seguradora.,0.0,False,10000.0,10000.0,0.0,0.0,E,F,BAIXISSIMA,2.0,0.0
CNPJ_003927,0.0,0.1971,1,RECUSADO,RGR_R02_DECIL1_RECUSA_PADRAO,DECIL1_ALTO_RISCO_SEM_MITIGACAO,Recusa por Decil 1 de Risco sem criterios para resgate comercial.,0.0,False,10000.0,0.0,0.0,0.0,H,D,,0.0,1.0
CNPJ_003928,0.0,0.1304,2,ACEITO_COM_CONDICAO,RGR_R03_DECIL2_3_CONDICIONAL,ACEITE_CONDICIONAL_DECIL_INTERMEDIARIO,Aceite Condicional Decil Intermediario (+7.5% premio).,7.5,False,10000.0,10750.0,750.0,0.0,C,F,ALTISSIMA,1.0,0.0
CNPJ_003929,0.0,0.1181,3,ACEITO_COM_CONDICAO,RGR_R03_DECIL2_3_CONDICIONAL,ACEITE_CONDICIONAL_DECIL_INTERMEDIARIO,Aceite Condicional Decil Intermediario (+7.5% premio).,7.5,False,10000.0,10750.0,750.0,0.0,G,F,BAIXISSIMA,4.0,
CNPJ_003930,0.0,0.1182,3,ACEITO_COM_CONDICAO,RGR_R03_DECIL2_3_CONDICIONAL,ACEITE_CONDICIONAL_DECIL_INTERMEDIARIO,Aceite Condicional Decil Intermediario (+7.5% premio).,7.5,False,10000.0,10750.0,750.0,0.0,H,,ALTA,0.0,0.0
CNPJ_003931,0.0,0.0714,10,APROVADO,RGR_R04_DECIL4_10_APROVADO,APROVADO_AUTOMATICO_BAIXO_RISCO,Aprovacao Automatica: Risco dentro do apetite da seguradora.,0.0,False,10000.0,10000.0,0.0,0.0,A,,BAIXISSIMA,0.0,1.0
CNPJ_003932,0.0,0.0795,9,APROVADO,RGR_R04_DECIL4_10_APROVADO,APROVADO_AUTOMATICO_BAIXO_RISCO,Aprovacao Automatica: Risco dentro do apetite da seguradora.,0.0,False,10000.0,10000.0,0.0,0.0,H,G,ALTA,6.0,0.0
